rank,id,name,artist_name,composer_name,release_date,duration_ms,apple_music_url,artwork_url,region,country,feed_updated,fetched_at
1,255921025,我不难过,孙燕姿,,2003-01-10,,https://music.apple.com/cn/album/%E6%88%91%E4%B8%8D%E9%9A%BE%E8%BF%87/255920420?i=255921025,https://is1-ssl.mzstatic.com/image/thumb/Music124/v4/24/fc/1d/24fc1d3e-b37f-968f-3d21-880edc8f8d79/mzi.ybwydvjn.jpg/100x100bb.jpg,cn,cn,"Fri, 2 Oct 2026 09:03:56 +0000",2026-10-02
2,536115195,七里香,周杰伦,,2004-08-03,,https://music.apple.com/cn/album/%E4%B8%83%E9%87%8C%E9%A6%99/536114662?i=536115195,https://is1-ssl.mzstatic.com/image/thumb/Music115/v4/29/c1/2d/29c12de6-54b4-f549-9d9f-07d8a04221ea/JAY.jpg/100x111bb.jpg,cn,cn,"Fri, 2 Oct 2026 09:03:56 +0000",2026-10-02
3,535824738,晴天,周杰伦,,2003-07-31,,https://music.apple.com/cn/album/%E6%99%B4%E5%A4%A9/535824731?i=535824738,https://is1-ssl.mzstatic.com/image/thumb/Music115/v4/45/8a/e4/458ae484-dc8b-5683-ce04-8d2948346462/JAY.jpg/100x109bb.jpg,cn,cn,"Fri, 2 Oct 2026 09:03:56 +0000",2026-10-02
4,536115199,搁浅,周杰伦,,2004-08-03,,https://music.apple.com/cn/album/%E6%90%81%E6%B5%85/536114662?i=536115199,https://is1-ssl.mzstatic.com/image/thumb/Music115/v4/29/c1/2d/29c12de6-54b4-f549-9d9f-07d8a04221ea/JAY.jpg/100x111bb.jpg,cn,cn,"Fri, 2 Oct 2026 09:03:56 +0000",2026-10-02
5,905226305,我怀念的,孙燕姿,,2007-03-22,,https://music.apple.com/cn/album/%E6%88%91%E6%80%80%E5%BF%B5%E7%9A%84/905226289?i=905226305,https://is1-ssl.mzstatic.com/image/thumb/Music123/v4/39/8e/7d/398e7d64-1877-03ab-17cb-460943429bc0/825646246939.jpg/100x100bb.jpg,cn,cn,"Fri, 2 Oct 2026 09:03:56 +0000",2026-10-02
6,1624001317,花海,周杰伦,,2008-10-14,,https://music.apple.com/cn/album/%E8%8A%B1%E6%B5%B7/1624000713?i=1624001317,https://is1-ssl.mzstatic.com/image/thumb/Music122/v4/1b/63/9e/1b639e5b-f8ca-a6e1-8612-6396bc9ff0eb/4711448407424.jpg/100x134bb.jpg,cn,cn,"Fri, 2 Oct 2026 09:03:56 +0000",2026-10-02
7,1134344911,爱错,王力宏,,2004-12-31,,https://music.apple.com/cn/album/%E7%88%B1%E9%94%99/1134344345?i=1134344911,https://is1-ssl.mzstatic.com/image/thumb/Music124/v4/be/4a/77/be4a7730-c144-a39e-c7b6-9d26ea0ebff3/1400X1400.jpg/100x100bb.jpg,cn,cn,"Fri, 2 Oct 2026 09:03:56 +0000",2026-10-02
8,587743637,明明就,周杰伦,,2012-12-11,,https://music.apple.com/cn/album/%E6%98%8E%E6%98%8E%E5%B0%B1/587743633?i=587743637,https://is1-ssl.mzstatic.com/image/thumb/Music124/v4/81/83/e6/8183e6c0-7137-7009-347e-326b53cb4a3b/2000x2000pix.jpg/100x100bb.jpg,cn,cn,"Fri, 2 Oct 2026 09:03:56 +0000",2026-10-02
9,298837675,开始懂了,孙燕姿,,2000-12-07,,https://music.apple.com/cn/album/%E5%BC%80%E5%A7%8B%E6%87%82%E4%BA%86/298837646?i=298837675,https://is1-ssl.mzstatic.com/image/thumb/Music/0f/99/a7/mzi.zsimusvk.jpg/100x89bb.jpg,cn,cn,"Fri, 2 Oct 2026 09:03:56 +0000",2026-10-02
10,536009753,一路向北 (Bonus Track),周杰伦,,2005-11-01,,https://music.apple.com/cn/album/%E4%B8%80%E8%B7%AF%E5%90%91%E5%8C%97-bonus-track/536009641?i=536009753,https://is1-ssl.mzstatic.com/image/thumb/Music115/v4/9e/35/ad/9e35ad1e-749e-75b6-0539-1e80cea1817b/JAY11.jpg/100x109bb.jpg,cn,cn,"Fri, 2 Oct 2026 09:03:56 +0000",2026-10-02
11,535739349,爱在西元前,周杰伦,,2001-09-14,,https://music.apple.com/cn/album/%E7%88%B1%E5%9C%A8%E8%A5%BF%E5%85%83%E5%89%8D/535739206?i=535739349,https://is1-ssl.mzstatic.com/image/thumb/Music124/v4/a4/f2/f0/a4f2f0d4-cc80-d1a0-7f20-a0cc842a523c/JAY.jpg/100x115bb.jpg,cn,cn,"Fri, 2 Oct 2026 09:03:56 +0000",2026-10-02
12,1095630246,情歌,梁静茹,,2009-01-16,,https://music.apple.com/cn/album/%E6%83%85%E6%AD%8C/1095630068?i=1095630246,https://is1-ssl.mzstatic.com/image/thumb/Music115/v4/bf/f0/11/bff01142-f4f0-f9c4-f497-007f43e42783/BD0018-_-_Fall_In_Love_Songs.jpg/100x100bb.jpg,cn,cn,"Fri, 2 Oct 2026 09:03:56 +0000",2026-10-02
13,1624001324,稻香,周杰伦,,2008-10-14,,https://music.apple.com/cn/album/%E7%A8%BB%E9%A6%99/1624000713?i=1624001324,https://is1-ssl.mzstatic.com/image/thumb/Music122/v4/1b/63/9e/1b639e5b-f8ca-a6e1-8612-6396bc9ff0eb/4711448407424.jpg/100x134bb.jpg,cn,cn,"Fri, 2 Oct 2026 09:03:56 +0000",2026-10-02
14,1579903651,特别的人,方大同,,2014-01-01,,https://music.apple.com/cn/album/%E7%89%B9%E5%88%AB%E7%9A%84%E4%BA%BA/1579903639?i=1579903651,https://is1-ssl.mzstatic.com/image/thumb/Music125/v4/35/d7/2a/35d72a0a-7e0c-fc2d-b2da-4bd030219997/190296501159.jpg/100x100bb.jpg,cn,cn,"Fri, 2 Oct 2026 09:03:56 +0000",2026-10-02
15,1336404847,等你下课 (with 杨瑞代),周杰伦,,2018-01-18,,https://music.apple.com/cn/album/%E7%AD%89%E4%BD%A0%E4%B8%8B%E8%AF%BE-with-%E6%9D%A8%E7%91%9E%E4%BB%A3/1336404440?i=1336404847,https://is1-ssl.mzstatic.com/image/thumb/Music114/v4/85/a5/52/85a55237-6d96-a656-21cf-715b72be15a9/cover.jpg/100x100bb.jpg,cn,cn,"Fri, 2 Oct 2026 09:03:56 +0000",2026-10-02
16,6814997425,Patient Zero,Taylor Swift,,2026-09-24,,https://music.apple.com/cn/album/patient-zero/6814997249?i=6814997425,https://is1-ssl.mzstatic.com/image/thumb/Music221/v4/a0/dd/fd/a0ddfd72-ee9e-f046-6466-a5dbefc696fa/26UM1IM21436.rgb.jpg/100x100bb.jpg,cn,cn,"Fri, 2 Oct 2026 09:03:56 +0000",2026-10-02
17,536009642,夜曲,周杰伦,,2005-11-01,,https://music.apple.com/cn/album/%E5%A4%9C%E6%9B%B2/536009641?i=536009642,https://is1-ssl.mzstatic.com/image/thumb/Music115/v4/9e/35/ad/9e35ad1e-749e-75b6-0539-1e80cea1817b/JAY11.jpg/100x109bb.jpg,cn,cn,"Fri, 2 Oct 2026 09:03:56 +0000",2026-10-02
18,536162079,半岛铁盒,周杰伦,,2002-07-18,,https://music.apple.com/cn/album/%E5%8D%8A%E5%B2%9B%E9%93%81%E7%9B%92/536161722?i=536162079,https://is1-ssl.mzstatic.com/image/thumb/Music115/v4/96/c8/a1/96c8a1d8-8077-b8a7-8600-80b2abf1fe20/JAY.jpg/100x113bb.jpg,cn,cn,"Fri, 2 Oct 2026 09:03:56 +0000",2026-10-02
19,1443352465,爱情转移,陈奕迅,,2007-04-24,,https://music.apple.com/cn/album/%E7%88%B1%E6%83%85%E8%BD%AC%E7%A7%BB/1443352354?i=1443352465,https://is1-ssl.mzstatic.com/image/thumb/Music124/v4/27/cb/d6/27cbd6b4-c991-cd95-49e3-b6019462ff97/00602517338845.rgb.jpg/100x91bb.jpg,cn,cn,"Fri, 2 Oct 2026 09:03:56 +0000",2026-10-02
20,200473135,阴天,莫文蔚,,1999-01-01,,https://music.apple.com/cn/album/%E9%98%B4%E5%A4%A9/200469374?i=200473135,https://is1-ssl.mzstatic.com/image/thumb/Music124/v4/81/cc/52/81cc5224-3ace-5e3c-468a-17b4b71da831/dj.aqolbuce.jpg/100x100bb.jpg,cn,cn,"Fri, 2 Oct 2026 09:03:56 +0000",2026-10-02
21,905206660,爱我还是他,陶喆,,2005-01-07,,https://music.apple.com/cn/album/%E7%88%B1%E6%88%91%E8%BF%98%E6%98%AF%E4%BB%96/905206649?i=905206660,https://is1-ssl.mzstatic.com/image/thumb/Music125/v4/fe/ad/e7/feade7c8-826b-0379-fbf4-e59606db8e4c/825646245406.jpg/100x115bb.jpg,cn,cn,"Fri, 2 Oct 2026 09:03:56 +0000",2026-10-02
22,536009644,发如雪,周杰伦,,2005-11-01,,https://music.apple.com/cn/album/%E5%8F%91%E5%A6%82%E9%9B%AA/536009641?i=536009644,https://is1-ssl.mzstatic.com/image/thumb/Music115/v4/9e/35/ad/9e35ad1e-749e-75b6-0539-1e80cea1817b/JAY11.jpg/100x109bb.jpg,cn,cn,"Fri, 2 Oct 2026 09:03:56 +0000",2026-10-02
23,1118757877,告白气球,周杰伦,,2016-06-24,,https://music.apple.com/cn/album/%E5%91%8A%E7%99%BD%E6%B0%94%E7%90%83/1118757859?i=1118757877,https://is1-ssl.mzstatic.com/image/thumb/Music124/v4/58/28/f4/5828f491-62ab-61b6-25b4-23838e4f1dcf/dj.sxbqzong.jpg/100x100bb.jpg,cn,cn,"Fri, 2 Oct 2026 09:03:56 +0000",2026-10-02
24,1442648689,泪海,许茹芸,,1996-03-26,,https://music.apple.com/cn/album/%E6%B3%AA%E6%B5%B7/1442648518?i=1442648689,https://is1-ssl.mzstatic.com/image/thumb/Music126/v4/16/3a/4c/163a4cf3-5691-6c86-3a56-e5b02720fef6/11UMGIM10513.rgb.jpg/100x100bb.jpg,cn,cn,"Fri, 2 Oct 2026 09:03:56 +0000",2026-10-02
25,6771326799,那天下雨了,周杰伦,,2026-03-25,,https://music.apple.com/cn/album/%E9%82%A3%E5%A4%A9%E4%B8%8B%E9%9B%A8%E4%BA%86/6771326786?i=6771326799,https://is1-ssl.mzstatic.com/image/thumb/Music211/v4/ce/56/90/ce5690ac-67d8-49e7-b047-a01afacfd1d2/4000x4000_fa.jpg/100x100bb.jpg,cn,cn,"Fri, 2 Oct 2026 09:03:56 +0000",2026-10-02
26,347295290,雨爱,杨丞琳,,2009-12-21,,https://music.apple.com/cn/album/%E9%9B%A8%E7%88%B1/347295255?i=347295290,https://is1-ssl.mzstatic.com/image/thumb/Music/bc/e0/e5/mzi.mzfgcpgj.jpg/100x100bb.jpg,cn,cn,"Fri, 2 Oct 2026 09:03:56 +0000",2026-10-02
27,6763656876,hate that i made you love me,Ariana Grande,,2026-05-28,,https://music.apple.com/cn/album/hate-that-i-made-you-love-me/1895420989?i=6763656876,https://is1-ssl.mzstatic.com/image/thumb/Music211/v4/7e/e6/82/7ee682bd-1b17-6adc-be63-b5af1bdff369/26UMGIM51126.rgb.jpg/100x100bb.jpg,cn,cn,"Fri, 2 Oct 2026 09:03:56 +0000",2026-10-02
28,6785801848,甲乙丙丁Strangers,李佳薇,,2026-07-02,,https://music.apple.com/cn/album/%E7%94%B2%E4%B9%99%E4%B8%99%E4%B8%81strangers/6785801843?i=6785801848,https://is1-ssl.mzstatic.com/image/thumb/Music221/v4/b6/e6/a5/b6e6a5ec-a86c-aece-ca1f-ee5ca56b3caf/196874568842.jpg/100x100bb.jpg,cn,cn,"Fri, 2 Oct 2026 09:03:56 +0000",2026-10-02
29,6769327013,玻璃,Gareth.T,,2026-05-20,,https://music.apple.com/cn/album/%E7%8E%BB%E7%92%83/6769327003?i=6769327013,https://is1-ssl.mzstatic.com/image/thumb/Music211/v4/1c/1a/be/1c1abe3a-2eb6-216c-9040-797bb98464d1/827568024145.jpg/100x100bb.jpg,cn,cn,"Fri, 2 Oct 2026 09:03:56 +0000",2026-10-02
30,1752810526,恋人,李荣浩,,2024-06-28,,https://music.apple.com/cn/album/%E6%81%8B%E4%BA%BA/1752810525?i=1752810526,https://is1-ssl.mzstatic.com/image/thumb/Music221/v4/4d/96/d6/4d96d6ea-0181-fd91-9fa0-6f102bd5c7dc/196872225358.jpg/100x100bb.jpg,cn,cn,"Fri, 2 Oct 2026 09:03:56 +0000",2026-10-02
31,535739351,简单爱,周杰伦,,2001-09-14,,https://music.apple.com/cn/album/%E7%AE%80%E5%8D%95%E7%88%B1/535739206?i=535739351,https://is1-ssl.mzstatic.com/image/thumb/Music124/v4/a4/f2/f0/a4f2f0d4-cc80-d1a0-7f20-a0cc842a523c/JAY.jpg/100x115bb.jpg,cn,cn,"Fri, 2 Oct 2026 09:03:56 +0000",2026-10-02
32,536009647,枫,周杰伦,,2005-11-01,,https://music.apple.com/cn/album/%E6%9E%AB/536009641?i=536009647,https://is1-ssl.mzstatic.com/image/thumb/Music115/v4/9e/35/ad/9e35ad1e-749e-75b6-0539-1e80cea1817b/JAY11.jpg/100x109bb.jpg,cn,cn,"Fri, 2 Oct 2026 09:03:56 +0000",2026-10-02
33,1053567928,多远都要在一起,邓紫棋,,2015-02-19,,https://music.apple.com/cn/album/%E5%A4%9A%E8%BF%9C%E9%83%BD%E8%A6%81%E5%9C%A8%E4%B8%80%E8%B5%B7/1053567923?i=1053567928,https://is1-ssl.mzstatic.com/image/thumb/Music124/v4/55/bb/c7/55bbc782-299e-7f24-bc4a-ae129e6d8030/mzm.rpqttxch.jpg/100x100bb.jpg,cn,cn,"Fri, 2 Oct 2026 09:03:56 +0000",2026-10-02
34,280911996,遇见,孙燕姿,,2003-08-22,,https://music.apple.com/cn/album/%E9%81%87%E8%A7%81/280911988?i=280911996,https://is1-ssl.mzstatic.com/image/thumb/Music/15/ca/82/mzi.fsgrhyyg.jpg/100x100bb.jpg,cn,cn,"Fri, 2 Oct 2026 09:03:56 +0000",2026-10-02
35,1717030438,唯一,邓紫棋,,2023-09-24,,https://music.apple.com/cn/album/%E5%94%AF%E4%B8%80/1717030435?i=1717030438,https://is1-ssl.mzstatic.com/image/thumb/Music116/v4/41/26/4d/41264d25-c463-6870-0462-4556e91e17e5/196871647434.jpg/100x100bb.jpg,cn,cn,"Fri, 2 Oct 2026 09:03:56 +0000",2026-10-02
36,1480230401,说好不哭,周杰伦 & 五月天 阿信,,2019-09-16,,https://music.apple.com/cn/album/%E8%AF%B4%E5%A5%BD%E4%B8%8D%E5%93%AD/1480230399?i=1480230401,https://is1-ssl.mzstatic.com/image/thumb/Music115/v4/89/61/e0/8961e064-110e-e5fc-e531-3719bc4224c0/wont_cry.jpg/100x100bb.jpg,cn,cn,"Fri, 2 Oct 2026 09:03:56 +0000",2026-10-02
37,542922095,十年,陈奕迅,,2003-04-15,,https://music.apple.com/cn/album/%E5%8D%81%E5%B9%B4/542922079?i=542922095,https://is1-ssl.mzstatic.com/image/thumb/Music124/v4/56/e6/66/56e6661d-e570-782f-fbc8-e7b12e38f1a7/EEG3035V1-_-.jpg/100x114bb.jpg,cn,cn,"Fri, 2 Oct 2026 09:03:56 +0000",2026-10-02
38,587743642,红尘客栈,周杰伦,,2012-12-11,,https://music.apple.com/cn/album/%E7%BA%A2%E5%B0%98%E5%AE%A2%E6%A0%88/587743633?i=587743642,https://is1-ssl.mzstatic.com/image/thumb/Music124/v4/81/83/e6/8183e6c0-7137-7009-347e-326b53cb4a3b/2000x2000pix.jpg/100x100bb.jpg,cn,cn,"Fri, 2 Oct 2026 09:03:56 +0000",2026-10-02
39,1871400641,关键词,林俊杰,,2015-12-25,,https://music.apple.com/cn/album/%E5%85%B3%E9%94%AE%E8%AF%8D/1871400633?i=1871400641,https://is1-ssl.mzstatic.com/image/thumb/Music221/v4/3d/d8/71/3dd8711e-41ec-29ee-72b6-0a2a480031d0/4711720281483.jpg/100x100bb.jpg,cn,cn,"Fri, 2 Oct 2026 09:03:56 +0000",2026-10-02
40,1442913348,最佳损友,陈奕迅,,2006-02-18,,https://music.apple.com/cn/album/%E6%9C%80%E4%BD%B3%E6%8D%9F%E5%8F%8B/1442912707?i=1442913348,https://is1-ssl.mzstatic.com/image/thumb/Music118/v4/a4/fa/86/a4fa86d6-c23a-c37f-1251-00376ff144cd/00602498378830.rgb.jpg/100x99bb.jpg,cn,cn,"Fri, 2 Oct 2026 09:03:56 +0000",2026-10-02
41,1443783507,孤独患者,陈奕迅,,2011-11-09,,https://music.apple.com/cn/album/%E5%AD%A4%E7%8B%AC%E6%82%A3%E8%80%85/1443783500?i=1443783507,https://is1-ssl.mzstatic.com/image/thumb/Music125/v4/a1/2c/29/a12c2947-faea-f1c4-24e0-6612fc50ea13/00602488980715.rgb.jpg/100x142bb.jpg,cn,cn,"Fri, 2 Oct 2026 09:03:56 +0000",2026-10-02
42,744963040,你就不要想起我,田馥甄,,2013-11-29,,https://music.apple.com/cn/album/%E4%BD%A0%E5%B0%B1%E4%B8%8D%E8%A6%81%E6%83%B3%E8%B5%B7%E6%88%91/744962939?i=744963040,https://is1-ssl.mzstatic.com/image/thumb/Features115/v4/12/31/75/123175fd-d416-da11-ea2f-39a5b113c3f8/dj.zyncqluo.jpg/100x100bb.jpg,cn,cn,"Fri, 2 Oct 2026 09:03:56 +0000",2026-10-02
43,1528146380,你不知道的事,王力宏,,2010-08-12,,https://music.apple.com/cn/album/%E4%BD%A0%E4%B8%8D%E7%9F%A5%E9%81%93%E7%9A%84%E4%BA%8B/1528146376?i=1528146380,https://is1-ssl.mzstatic.com/image/thumb/Music124/v4/3e/94/01/3e94013b-17f0-09e9-69ce-4ab94e1507da/18_Material_arts.png/100x100bb.jpg,cn,cn,"Fri, 2 Oct 2026 09:03:56 +0000",2026-10-02
44,1624001320,兰亭序,周杰伦,,2008-10-14,,https://music.apple.com/cn/album/%E5%85%B0%E4%BA%AD%E5%BA%8F/1624000713?i=1624001320,https://is1-ssl.mzstatic.com/image/thumb/Music122/v4/1b/63/9e/1b639e5b-f8ca-a6e1-8612-6396bc9ff0eb/4711448407424.jpg/100x134bb.jpg,cn,cn,"Fri, 2 Oct 2026 09:03:56 +0000",2026-10-02
45,1722205331,忽然之间,莫文蔚,,1999-05-28,,https://music.apple.com/cn/album/%E5%BF%BD%E7%84%B6%E4%B9%8B%E9%97%B4/1722205323?i=1722205331,https://is1-ssl.mzstatic.com/image/thumb/Music116/v4/eb/22/39/eb223900-0182-c49c-6c82-ee342cbd6c22/4710149707703_cover.jpg/100x100bb.jpg,cn,cn,"Fri, 2 Oct 2026 09:03:56 +0000",2026-10-02
46,1788007696,可惜没如果,林俊杰,,2014-12-19,,https://music.apple.com/cn/album/%E5%8F%AF%E6%83%9C%E6%B2%A1%E5%A6%82%E6%9E%9C/1788007687?i=1788007696,https://is1-ssl.mzstatic.com/image/thumb/Music211/v4/57/5a/1b/575a1bc9-ca86-7549-e873-b55663ba6276/4711508105925.jpg/100x100bb.jpg,cn,cn,"Fri, 2 Oct 2026 09:03:56 +0000",2026-10-02
47,220365871,爱爱爱,方大同,,2006-06-09,,https://music.apple.com/cn/album/%E7%88%B1%E7%88%B1%E7%88%B1/220365864?i=220365871,https://is1-ssl.mzstatic.com/image/thumb/Music/c3/d0/e5/mzi.kdgffvqb.jpg/100x110bb.jpg,cn,cn,"Fri, 2 Oct 2026 09:03:56 +0000",2026-10-02
48,1071753628,江南,林俊杰,,2004-06-04,,https://music.apple.com/cn/album/%E6%B1%9F%E5%8D%97/1071753622?i=1071753628,https://is1-ssl.mzstatic.com/image/thumb/Music49/v4/9b/98/eb/9b98ebae-69b1-8009-678c-65e94124e0a8/dj.cqtiyqmo.jpg/100x100bb.jpg,cn,cn,"Fri, 2 Oct 2026 09:03:56 +0000",2026-10-02
49,547173705,说谎,林宥嘉,,2009-04-09,,https://music.apple.com/cn/album/%E8%AF%B4%E8%B0%8E/547158777?i=547173705,https://is1-ssl.mzstatic.com/image/thumb/Music124/v4/57/e5/9b/57e59bd6-3564-e4c4-1add-e3dbbf4d8ab1/asset.jpg/100x100bb.jpg,cn,cn,"Fri, 2 Oct 2026 09:03:56 +0000",2026-10-02
50,1443352455,淘汰,陈奕迅,,2007-04-24,,https://music.apple.com/cn/album/%E6%B7%98%E6%B1%B0/1443352354?i=1443352455,https://is1-ssl.mzstatic.com/image/thumb/Music124/v4/27/cb/d6/27cbd6b4-c991-cd95-49e3-b6019462ff97/00602517338845.rgb.jpg/100x91bb.jpg,cn,cn,"Fri, 2 Oct 2026 09:03:56 +0000",2026-10-02
