rank,song_id,song_mid,song_title,singer_name,album_mid,period,top_title,fetched_at
1,8136,,我不难过,孙燕姿,004VSvF52mQoQp,2026-10-02,热歌榜,2026-10-02
2,4936030,,茶汤,郁可唯,002iWKlh2DcjFL,2026-10-02,热歌榜,2026-10-02
3,696262512,,甲乙丙丁 (你我怎么两清),李佳薇,00446QRA1fTdqA,2026-10-02,热歌榜,2026-10-02
4,462188,,情歌,梁静茹,002E4IXe1ESUij,2026-10-02,热歌榜,2026-10-02
5,645819,,雨爱,杨丞琳,000jcKFG0sQrD0,2026-10-02,热歌榜,2026-10-02
6,5211338,,我怀念的,孙燕姿,000P3l050Olt27,2026-10-02,热歌榜,2026-10-02
7,106585340,,泪海,许茹芸,001Ugmj01giuzO,2026-10-02,热歌榜,2026-10-02
8,496054946,,恋人,李荣浩,004HaG7p4ZkhXA,2026-10-02,热歌榜,2026-10-02
9,105769829,,阿楚姑娘,袁娅维TIA RAY,0014PIct2LKiPl,2026-10-02,热歌榜,2026-10-02
10,447257,,Always Online,林俊杰,002g6zv02X7SNi,2026-10-02,热歌榜,2026-10-02
11,5293866,,特别的人,方大同,000GvdTR0qcKh8,2026-10-02,热歌榜,2026-10-02
12,5646,,开始懂了,孙燕姿,004KRIQr1oCp2A,2026-10-02,热歌榜,2026-10-02
13,105905415,,爱错,王力宏,002ElVxf43rOue,2026-10-02,热歌榜,2026-10-02
14,102636799,,演员,薛之谦,003y8dsH2wBHlo,2026-10-02,热歌榜,2026-10-02
15,101813361,,素颜,许嵩/何曼婷,0035f8nw11cjkf,2026-10-02,热歌榜,2026-10-02
16,624649,,红色高跟鞋,蔡健雅,002dOge41xlS8x,2026-10-02,热歌榜,2026-10-02
17,4733575,,失眠,Suki刘舒妤,002xCeeN4EJ1Ke,2026-10-02,热歌榜,2026-10-02
18,553433850,,茶花开了，该回家了,王睿卓/加木,001KCGcF29Na3i,2026-10-02,热歌榜,2026-10-02
19,9063002,,江南,林俊杰,000y5gq7449K9I,2026-10-02,热歌榜,2026-10-02
20,438910555,,唯一,G.E.M.邓紫棋,002d6m7k0xCbSv,2026-10-02,热歌榜,2026-10-02
21,95292,,美人鱼,林俊杰,000y5gq7449K9I,2026-10-02,热歌榜,2026-10-02
22,105413206,,我们俩,郭顶,003sMyYb4HZAAz,2026-10-02,热歌榜,2026-10-02
23,205357640,,春娇与志明,街道办GDC/欧阳耀莹,000lrXyA0MlEEo,2026-10-02,热歌榜,2026-10-02
24,4830345,,阴天,莫文蔚,000hTTJN3oScZr,2026-10-02,热歌榜,2026-10-02
25,474797,,心墙,郭静,003EHcB24J8t9Z,2026-10-02,热歌榜,2026-10-02
26,8145,,遇见,孙燕姿,002ehzTm0TxXC2,2026-10-02,热歌榜,2026-10-02
27,1960263,,雨过后的风景,Dizzy Dizzo (蔡诗芸),0038xSkp1EcVBf,2026-10-02,热歌榜,2026-10-02
28,102174489,,多远都要在一起,G.E.M.邓紫棋,003c616O2Zlswm,2026-10-02,热歌榜,2026-10-02
29,97773,,晴天,周杰伦,000MkMni19ClKG,2026-10-02,热歌榜,2026-10-02
30,326584182,,如愿,王菲,004Kbn3m2HV9Y3,2026-10-02,热歌榜,2026-10-02
31,260678,,富士山下,陈奕迅,004Z85XP1c25b7,2026-10-02,热歌榜,2026-10-02
32,231594573,,出现又离开 (Live),梁博,000eQZ1q4g6AsF,2026-10-02,热歌榜,2026-10-02
33,627317850,,琵琶曲,郑浩/冰洁,002PmUzc12N5S7,2026-10-02,热歌榜,2026-10-02
34,4835784,,海阔天空,BEYOND,002qcJuX3lO3EZ,2026-10-02,热歌榜,2026-10-02
35,666124541,,玻璃,Gareth.T,002kIED92uw8L5,2026-10-02,热歌榜,2026-10-02
36,104775877,,其实,薛之谦,000QgFcm0v8WaF,2026-10-02,热歌榜,2026-10-02
37,1338414,,最佳损友,陈奕迅,002FT46H18G1jW,2026-10-02,热歌榜,2026-10-02
38,473137,,偏爱,张芸京,003ha6C92GRuVE,2026-10-02,热歌榜,2026-10-02
39,724093215,,大梦归,周深,003ZuQ5z05yCAP,2026-10-02,热歌榜,2026-10-02
40,102367085,,不将就,李荣浩,001fi1zG0EjU2u,2026-10-02,热歌榜,2026-10-02
41,7112749,,坏女孩,徐良/小凌,002apRhZ4Bq99d,2026-10-02,热歌榜,2026-10-02
42,876549,,爱情讯息,郭静,003PKZMI1Wyx1A,2026-10-02,热歌榜,2026-10-02
43,4830161,,盛夏的果实,莫文蔚,000KeV8l1PIjxt,2026-10-02,热歌榜,2026-10-02
44,1531817,,幻听,许嵩,004RbL3b0BDIe2,2026-10-02,热歌榜,2026-10-02
45,101138130,,ANGEL (天使),尹美莱 (윤미래)/Tiger JK/Bizzy (비지),000qiKcT05rSr9,2026-10-02,热歌榜,2026-10-02
46,4830342,,十年,陈奕迅,000GDz8k03UOaI,2026-10-02,热歌榜,2026-10-02
47,272125057,,天外来物,薛之谦,000K9Zp13TZp5s,2026-10-02,热歌榜,2026-10-02
48,2550926,,麦恩莉,方大同,000ih4iv3HCmno,2026-10-02,热歌榜,2026-10-02
49,648231,,背对背拥抱,林俊杰,002C0kX720gMQi,2026-10-02,热歌榜,2026-10-02
50,1333803,,认真的雪,薛之谦,003mUYW22JXKVK,2026-10-02,热歌榜,2026-10-02
51,422061155,,瞬,郑润泽,001qvyI10urb5z,2026-10-02,热歌榜,2026-10-02
52,405007729,,愿与愁,林俊杰,004ZOIop1doXru,2026-10-02,热歌榜,2026-10-02
53,107439472,,我好像在哪见过你,薛之谦,000dcZ9I1nzO62,2026-10-02,热歌榜,2026-10-02
54,315453,,Whatever Happens,Michael Jackson/Carlos Santana,003fmcI10dzkHT,2026-10-02,热歌榜,2026-10-02
55,1530858,,泡沫,G.E.M.邓紫棋,002YFufr4bXZyI,2026-10-02,热歌榜,2026-10-02
56,284945036,,失控,井迪,0014Iqfp1PMAbs,2026-10-02,热歌榜,2026-10-02
57,586620109,,风月吻眉梢,礼越,001NXQwE1ywPDV,2026-10-02,热歌榜,2026-10-02
58,5063375,,修炼爱情,林俊杰,001gqOnU3DTg2S,2026-10-02,热歌榜,2026-10-02
59,729676132,,异想天开,肖战,001HFlpf1NOEk1,2026-10-02,热歌榜,2026-10-02
60,372639235,,我记得,赵雷,003QIVDT3UB8zG,2026-10-02,热歌榜,2026-10-02
61,316472364,,刻在我心底的名字,卢广仲,004QG0W52P5GUq,2026-10-02,热歌榜,2026-10-02
62,4830164,,勇气,梁静茹,001DEgPu1004bl,2026-10-02,热歌榜,2026-10-02
63,7211247,,爱我还是他,陶喆,003ofGzS3C23Ow,2026-10-02,热歌榜,2026-10-02
64,200255722,,光年之外,G.E.M.邓紫棋,001mTkmb4GJlh4,2026-10-02,热歌榜,2026-10-02
65,481456,,樱花草,Sweety,000pKXff1doeOd,2026-10-02,热歌榜,2026-10-02
66,330977131,,如果可以,韦礼安,003WBcyJ1siUkh,2026-10-02,热歌榜,2026-10-02
67,4829554,,天龙八部之宿敌,许嵩,002JzRQD2zjvxG,2026-10-02,热歌榜,2026-10-02
68,103970682,,同花顺,林倛玉,004789lA4cH3Kq,2026-10-02,热歌榜,2026-10-02
69,102204563,,至少还有你,林忆莲,001JqgRv0mRHEQ,2026-10-02,热歌榜,2026-10-02
70,102296985,,有何不可,许嵩,002KSDg90IaScI,2026-10-02,热歌榜,2026-10-02
71,1030353,,Letting Go,蔡健雅,001aC9dM35U6KB,2026-10-02,热歌榜,2026-10-02
72,459088908,,夏夜最后的烟火,颜人中,002tspXk0JB6qZ,2026-10-02,热歌榜,2026-10-02
73,215540451,,倒数,G.E.M.邓紫棋,003cKIKZ1J4Yyu,2026-10-02,热歌榜,2026-10-02
74,526713,,黄昏,周传雄,001U6x8f2uJhig,2026-10-02,热歌榜,2026-10-02
75,726573373,,祝福祖国 (合唱版),晴婉/赵若海,004WyTOY2yOcMb,2026-10-02,热歌榜,2026-10-02
76,471040594,,我爱你中国 (Live),孙楠/韩红/黄绮珊/古巨基/陈楚生/王心凌/谭维维/胡彦斌/郁可唯/汪苏泷/周深/宋亚轩/杨坤/单依纯/何炅/李莎旻子,001rd1S93gcWUF,2026-10-02,热歌榜,2026-10-02
77,721636,,最后一页,江语晨,003FO4XF40Ky8L,2026-10-02,热歌榜,2026-10-02
78,102193483,,我们的歌,王力宏,002Zwh5p4HgecI,2026-10-02,热歌榜,2026-10-02
79,102793935,,IF YOU,BIGBANG (빅뱅),001xpUdt2jEjWu,2026-10-02,热歌榜,2026-10-02
80,101659148,,冻结,林俊杰,002vlOfM1X5TQ0,2026-10-02,热歌榜,2026-10-02
81,221152444,,九月底,余佳运,001zatqo1OOPqI,2026-10-02,热歌榜,2026-10-02
82,723761099,,忧郁幻昼 (Abyss Mix),凝视深渊·Abyss,002KMcm20LcHh0,2026-10-02,热歌榜,2026-10-02
83,729810554,,水蓝色情人,刘宇,003MX6Ny2I2WNc,2026-10-02,热歌榜,2026-10-02
84,448738462,,碎碎念,队长,000DTFwk0oV4YR,2026-10-02,热歌榜,2026-10-02
85,253383943,,离开我的依赖,王艳薇,004CSyAN1oc97b,2026-10-02,热歌榜,2026-10-02
86,560063927,,第57次取消发送,菲菲公主（陆绮菲）,000KrDC019mc82,2026-10-02,热歌榜,2026-10-02
87,411228,,会呼吸的痛,梁静茹,002oy2Mp3I8Rgo,2026-10-02,热歌榜,2026-10-02
88,102204539,,青花,周传雄,001Vj7aX0PixwV,2026-10-02,热歌榜,2026-10-02
89,108787382,,下完这场雨,后弦,004ZXlA63dZBCa,2026-10-02,热歌榜,2026-10-02
90,460866,,多余的解释,许嵩,002KSDg90IaScI,2026-10-02,热歌榜,2026-10-02
91,213958134,,可不可以,张紫豪,004VR1w241uBhB,2026-10-02,热歌榜,2026-10-02
92,247347346,,句号,G.E.M.邓紫棋,0049MVh824D7bM,2026-10-02,热歌榜,2026-10-02
93,5177680,,红尘客栈,周杰伦,003Ow85E3pnoqi,2026-10-02,热歌榜,2026-10-02
94,470336,,我知道,BY2,001P410a0Iq4K0,2026-10-02,热歌榜,2026-10-02
95,876541,,下一个天亮,郭静,003PKZMI1Wyx1A,2026-10-02,热歌榜,2026-10-02
96,212808217,,你要的全拿走,胡彦斌,001eyHlv2fu50T,2026-10-02,热歌榜,2026-10-02
97,1021078,,孤独患者,陈奕迅,003YQ8lP3NBXKl,2026-10-02,热歌榜,2026-10-02
98,102388808,,那些你很冒险的梦,林俊杰,002PQCmo2azasb,2026-10-02,热歌榜,2026-10-02
99,7063423,,一样的月光,徐佳莹,000cchEp2CGNEf,2026-10-02,热歌榜,2026-10-02
100,4830150,,后来,刘若英,0017zqT34WuQwa,2026-10-02,热歌榜,2026-10-02
101,460049,,如果当时,许嵩,002KSDg90IaScI,2026-10-02,热歌榜,2026-10-02
102,336582682,,无名的人,毛不易,002mPgSG01LLtu,2026-10-02,热歌榜,2026-10-02
103,639141,,Love Story,Taylor Swift,002Q1XUj3HBAzw,2026-10-02,热歌榜,2026-10-02
104,257621,,恶作剧,王蓝茵,0031ftBk2foLzq,2026-10-02,热歌榜,2026-10-02
105,1473252,,Beauty And A Beat,Justin Bieber/Nicki Minaj,002XddZv4cGsXb,2026-10-02,热歌榜,2026-10-02
106,410316,,青花瓷,周杰伦,002eFUFm2XYZ7z,2026-10-02,热歌榜,2026-10-02
107,102065750,,搁浅,周杰伦,003DFRzD192KKD,2026-10-02,热歌榜,2026-10-02
108,718475,,发如雪,周杰伦,0024bjiL2aocxT,2026-10-02,热歌榜,2026-10-02
109,448593,,一直很安静,阿桑,002fNZDg1LHT3o,2026-10-02,热歌榜,2026-10-02
110,4830076,,太聪明,陈绮贞,000zebjW3TlPWh,2026-10-02,热歌榜,2026-10-02
111,330621486,,可惜没如果,林俊杰,0033R2xQ2I0Uyf,2026-10-02,热歌榜,2026-10-02
112,1313988,,淘汰,陈奕迅,003yQidc3s7P65,2026-10-02,热歌榜,2026-10-02
113,328262786,,戒烟,李荣浩,003EenCA2q0MWF,2026-10-02,热歌榜,2026-10-02
114,203644381,,Baby,Justin Bieber/Ludacris,002TfnxG2yN1na,2026-10-02,热歌榜,2026-10-02
115,203452364,,无人之岛,任然,002lMPc30c4rOO,2026-10-02,热歌榜,2026-10-02
116,273032694,,明天过后,张杰,000pVkCf3KsUQ9,2026-10-02,热歌榜,2026-10-02
117,447252,,不潮不用花钱,林俊杰,002g6zv02X7SNi,2026-10-02,热歌榜,2026-10-02
118,200790315,,成都,赵雷,003ltiMR4RSrgo,2026-10-02,热歌榜,2026-10-02
119,102065756,,七里香,周杰伦,003DFRzD192KKD,2026-10-02,热歌榜,2026-10-02
120,100893820,,雨天,孙燕姿,000VMnoi2Lgt44,2026-10-02,热歌榜,2026-10-02
121,266438550,,情人,蔡徐坤,00363n7y1Ft6gE,2026-10-02,热歌榜,2026-10-02
122,718477,,夜曲,周杰伦,0024bjiL2aocxT,2026-10-02,热歌榜,2026-10-02
123,449205,,稻香,周杰伦,002Neh8l0uciQZ,2026-10-02,热歌榜,2026-10-02
124,449201,,兰亭序,周杰伦,002Neh8l0uciQZ,2026-10-02,热歌榜,2026-10-02
125,107762070,,小半,陈粒,004fAhFe0fdHYF,2026-10-02,热歌榜,2026-10-02
126,5016169,,模特,李荣浩,004AhJHV3slLjN,2026-10-02,热歌榜,2026-10-02
127,212606735,,体面,于文文,001qYTzY2oyDyZ,2026-10-02,热歌榜,2026-10-02
128,4716045,,一个人想着一个人,曾沛慈,003wP0m32WRVql,2026-10-02,热歌榜,2026-10-02
129,449198,,花海,周杰伦,002Neh8l0uciQZ,2026-10-02,热歌榜,2026-10-02
130,4884947,,我好想你 (苏打绿版),苏打绿,004QF5kp0jgyba,2026-10-02,热歌榜,2026-10-02
131,471040573,,如果爱忘了 (Live),汪苏泷/单依纯,001rd1S93gcWUF,2026-10-02,热歌榜,2026-10-02
132,201697348,,暧昧,薛之谦,001L7UIu3GXVtT,2026-10-02,热歌榜,2026-10-02
133,277677595,,有些,颜人中,002eL6lK2JEV1D,2026-10-02,热歌榜,2026-10-02
134,1067128,,老男孩,筷子兄弟,000anHZA2CuwxK,2026-10-02,热歌榜,2026-10-02
135,331264584,,指纹,杜宣达,004SjWnA1NcK5d,2026-10-02,热歌榜,2026-10-02
136,4830510,,猜不透,丁当,002gXa161vlDIk,2026-10-02,热歌榜,2026-10-02
137,4966546,,普通朋友,陶喆,002PjDkE14OUkV,2026-10-02,热歌榜,2026-10-02
138,7112743,,后会无期,徐良/汪苏泷,002apRhZ4Bq99d,2026-10-02,热歌榜,2026-10-02
139,7168586,,喜欢你,G.E.M.邓紫棋,000cFPKx3ZGzks,2026-10-02,热歌榜,2026-10-02
140,218224537,,年少有为,李荣浩,004QnEHc3zjC7J,2026-10-02,热歌榜,2026-10-02
141,107192078,,告白气球,周杰伦,003RMaRI1iFoYd,2026-10-02,热歌榜,2026-10-02
142,728483849,,风的来信 A Letter From the Wind,HOYO-MiX/孙晔,002ZPh094FFZj4,2026-10-02,热歌榜,2026-10-02
143,764259,,心墙,林俊杰,000TuW8h0AH2n4,2026-10-02,热歌榜,2026-10-02
144,4830267,,童话,光良,002AaUF60cnS3w,2026-10-02,热歌榜,2026-10-02
145,1255742,,红豆,王菲,001gn7g54ZEIKb,2026-10-02,热歌榜,2026-10-02
146,229661539,,那时雨,徐良,002JsVIJ31j7qR,2026-10-02,热歌榜,2026-10-02
147,5408217,,夜空中最亮的星,逃跑计划,000wr4zc1gls3e,2026-10-02,热歌榜,2026-10-02
148,415824,,Love Song,方大同,003Ctb8A447AgL,2026-10-02,热歌榜,2026-10-02
149,586770,,带我走,杨丞琳,000ftQTW2WwRhv,2026-10-02,热歌榜,2026-10-02
150,294391094,,遗失的心跳,萧亚轩,000BR3b52Rd506,2026-10-02,热歌榜,2026-10-02
151,7072290,,平凡之路,朴树,002aRnZM0garaC,2026-10-02,热歌榜,2026-10-02
152,423519525,,我想念,汪苏泷,001PSxRj3szxIV,2026-10-02,热歌榜,2026-10-02
153,207323048,,像风一样,薛之谦,001L7UIu3GXVtT,2026-10-02,热歌榜,2026-10-02
154,740362,,你不知道的事,王力宏,002iWU6B2ZvA8V,2026-10-02,热歌榜,2026-10-02
155,1130991,,读心术,卓文萱,004Xux2V0Phif9,2026-10-02,热歌榜,2026-10-02
156,764255,,当你,林俊杰,000TuW8h0AH2n4,2026-10-02,热歌榜,2026-10-02
157,273032704,,天下,张杰,000pVkCf3KsUQ9,2026-10-02,热歌榜,2026-10-02
158,718479,,枫,周杰伦,0024bjiL2aocxT,2026-10-02,热歌榜,2026-10-02
159,5211222,,天黑黑,孙燕姿,002UZ9ob4Ecg0S,2026-10-02,热歌榜,2026-10-02
160,242254267,,悬溺,葛东琪,002ZAHJs3IIZN7,2026-10-02,热歌榜,2026-10-02
161,658567374,,LEMONADE,aespa (에스파),002jWmZi3hC5v8,2026-10-02,热歌榜,2026-10-02
162,109009325,,天若有情,A-Lin,003lH16N2uNuxx,2026-10-02,热歌榜,2026-10-02
163,105539541,,We Don't Talk Anymore,Charlie Puth/Selena Gomez,004Ws4fG3pT6eA,2026-10-02,热歌榜,2026-10-02
164,4829909,,我是真的爱上你,王杰,0038ogD80A3PUH,2026-10-02,热歌榜,2026-10-02
165,251875009,,一程山路,毛不易,001OFJ154OfZuW,2026-10-02,热歌榜,2026-10-02
166,5106430,,你还要我怎样,薛之谦,000QgFcm0v8WaF,2026-10-02,热歌榜,2026-10-02
167,591592617,,野心家,张靓颖,003TmXW52e0F4P,2026-10-02,热歌榜,2026-10-02
168,475408,,奢香夫人,凤凰传奇,0021YkiD1WR578,2026-10-02,热歌榜,2026-10-02
169,599967147,,Star Crossing Night (feat. GALI),徐明浩/GALI,004dw7qr31AOdc,2026-10-02,热歌榜,2026-10-02
170,200150419,,舍得,王唯旖,0015NN8K2RJVPv,2026-10-02,热歌榜,2026-10-02
171,1251167,,葡萄成熟时,陈奕迅,003J6fvc0bVJon,2026-10-02,热歌榜,2026-10-02
172,4830648,,倒带,蔡依林,0022ANm11dQfRY,2026-10-02,热歌榜,2026-10-02
173,5105986,,一路向北,周杰伦,002MAeob3zLXwZ,2026-10-02,热歌榜,2026-10-02
174,670769297,,梦哑,任然,000JotAZ2WZEkq,2026-10-02,热歌榜,2026-10-02
175,467646860,,冷夜,陈默之,003ILMG04IvA9R,2026-10-02,热歌榜,2026-10-02
176,202057627,,在你的身边,盛哲,004FKCj71O4Hhz,2026-10-02,热歌榜,2026-10-02
177,213015059,,几分之几,卢广仲,002lsrMk3W1ORB,2026-10-02,热歌榜,2026-10-02
178,103536823,,女孩,韦礼安,000lIOGO3jN8w7,2026-10-02,热歌榜,2026-10-02
179,102069682,,老街,李荣浩,001LP8hk0a6pOp,2026-10-02,热歌榜,2026-10-02
180,104838718,,小幸运,田馥甄,0040aH1l3ykBRh,2026-10-02,热歌榜,2026-10-02
181,5110,,就是爱你,陶喆,003ofGzS3C23Ow,2026-10-02,热歌榜,2026-10-02
182,5079006,,你就不要想起我,田馥甄,001RIii71KURpF,2026-10-02,热歌榜,2026-10-02
183,232278146,,慢冷,梁静茹,000iGQ4Z2jQXI2,2026-10-02,热歌榜,2026-10-02
184,4907894,,单车,陈奕迅,004S8YQr3UmEbG,2026-10-02,热歌榜,2026-10-02
185,447260,,我还想她,林俊杰,002g6zv02X7SNi,2026-10-02,热歌榜,2026-10-02
186,107709592,,后来的我们,五月天,002fRO0N4FftzY,2026-10-02,热歌榜,2026-10-02
187,692095638,,回到你身边 (让你知道),h3R3刘清云,0031yTwA0yq3b5,2026-10-02,热歌榜,2026-10-02
188,97759,,反方向的钟,周杰伦,000f01724fd7TH,2026-10-02,热歌榜,2026-10-02
189,449200,,说好的幸福呢,周杰伦,002Neh8l0uciQZ,2026-10-02,热歌榜,2026-10-02
190,107192538,,刚刚好,薛之谦,000dcZ9I1nzO62,2026-10-02,热歌榜,2026-10-02
191,308111880,,不遗憾,李荣浩,003CF2N83kIFdz,2026-10-02,热歌榜,2026-10-02
192,1406255,,Dear John,比莉,000wGV4I0tyK77,2026-10-02,热歌榜,2026-10-02
193,205137019,,感谢你曾来过,Ayo97/周思涵,000a933P3Ipjln,2026-10-02,热歌榜,2026-10-02
194,103002617,,爱的回归线,陈韵若/陈每文,0021xPKd4ZNJTU,2026-10-02,热歌榜,2026-10-02
195,104883226,,再见,G.E.M.邓紫棋,003c616O2Zlswm,2026-10-02,热歌榜,2026-10-02
196,308342980,,万疆,李玉刚,001WmNbi2uBHce,2026-10-02,热歌榜,2026-10-02
197,4830766,,有点甜,汪苏泷/BY2,001HUiKw0QsiUb,2026-10-02,热歌榜,2026-10-02
198,101190,,三国恋,Tank,0029GgMd2qVyYA,2026-10-02,热歌榜,2026-10-02
199,105393420,,关键词,林俊杰,004Tvu0F207cps,2026-10-02,热歌榜,2026-10-02
200,105905352,,大城小爱,王力宏,001a0Dts37jw2M,2026-10-02,热歌榜,2026-10-02
