Var1,Var2,cor
内地,内地,NA
内地榜,内地,NA
热歌榜,内地,NA
网络歌曲榜,内地,NA
电音榜,内地,NA
说唱榜,内地,NA
抖音热歌榜,内地,NA
国风热歌榜,内地,NA
内地,内地榜,NA
内地榜,内地榜,1
热歌榜,内地榜,-0.5712527229349631
网络歌曲榜,内地榜,-0.620129084300577
电音榜,内地榜,0.5883191457438058
说唱榜,内地榜,0.16286255769325758
抖音热歌榜,内地榜,-0.5316658821527837
国风热歌榜,内地榜,-0.3656374128959633
内地,热歌榜,NA
内地榜,热歌榜,-0.5712527229349631
热歌榜,热歌榜,1
网络歌曲榜,热歌榜,0.9222125171309083
电音榜,热歌榜,-0.6592320720223772
说唱榜,热歌榜,-0.8927523775329048
抖音热歌榜,热歌榜,-0.3200639436592637
国风热歌榜,热歌榜,0.7201866899880268
内地,网络歌曲榜,NA
内地榜,网络歌曲榜,-0.620129084300577
热歌榜,网络歌曲榜,0.9222125171309083
网络歌曲榜,网络歌曲榜,1
电音榜,网络歌曲榜,-0.8370117070436572
说唱榜,网络歌曲榜,0.001925426383869132
抖音热歌榜,网络歌曲榜,-2.967749845878549e-4
国风热歌榜,网络歌曲榜,0.7183601355949086
内地,电音榜,NA
内地榜,电音榜,0.5883191457438058
热歌榜,电音榜,-0.6592320720223772
网络歌曲榜,电音榜,-0.8370117070436572
电音榜,电音榜,1
说唱榜,电音榜,-0.17805956350485394
抖音热歌榜,电音榜,-0.20187643752674692
国风热歌榜,电音榜,-0.9410004951343178
内地,说唱榜,NA
内地榜,说唱榜,0.16286255769325758
热歌榜,说唱榜,-0.8927523775329048
网络歌曲榜,说唱榜,0.001925426383869132
电音榜,说唱榜,-0.17805956350485394
说唱榜,说唱榜,1
抖音热歌榜,说唱榜,-0.7583702930108233
国风热歌榜,说唱榜,0.3351130175188445
内地,抖音热歌榜,NA
内地榜,抖音热歌榜,-0.5316658821527837
热歌榜,抖音热歌榜,-0.3200639436592637
网络歌曲榜,抖音热歌榜,-2.967749845878549e-4
电音榜,抖音热歌榜,-0.20187643752674692
说唱榜,抖音热歌榜,-0.7583702930108233
抖音热歌榜,抖音热歌榜,1
国风热歌榜,抖音热歌榜,0.1165525766447753
内地,国风热歌榜,NA
内地榜,国风热歌榜,-0.3656374128959633
热歌榜,国风热歌榜,0.7201866899880268
网络歌曲榜,国风热歌榜,0.7183601355949086
电音榜,国风热歌榜,-0.9410004951343178
说唱榜,国风热歌榜,0.3351130175188445
抖音热歌榜,国风热歌榜,0.1165525766447753
国风热歌榜,国风热歌榜,1
