genres,song_id,song_title,singer_name,weeks_total
edm,317020314,骁,井胧/井迪,91
edm,309450578,Power (In Your Soul),Interupt/Luna LePage,39
edm,478019569,春雪,周深/Terry Zhong 钟天利,27
edm,279275399,炎黄子孙 (Remix),张艺兴,26
edm,272969601,What You Waiting For,전소미 (JEON SOMI) (全昭弥),24
guofeng,284726298,踏山河,七叔（叶泽浩）,335
guofeng,275520287,虞兮叹,闻人听書_,317
guofeng,449201,兰亭序,周杰伦,310
guofeng,309848434,半生雪,七叔（叶泽浩）,255
guofeng,9063002,江南,林俊杰,251
rap,324803060,危险派对,王以太/刘至佳,81
rap,308435624,放空,A1 TRIP/大籽/Lil E,65
rap,398282803,雪 Distance,Capper/罗言RollFlash,56
rap,340343100,雪龙吟,张杰,55
rap,293490575,关机又关机,YangYang,48
