year,song_id,song_title,singer_name,album_mid,top_ids_present,weeks_total,peak_rank_min,mean_rank_avg,genres,log_weeks,inv_peak,cx,cy,d
2018,215087468,卡路里,火箭少女101,002ZTAeN4Z4GU1,2,35,2,23.228571428571428,unknown,3.58351893845611,0.9102392266268373,1.3078616359707456,0.3256892911698626,2.3495350147205127
2018,202004771,心安理得,王天戈,004dzfVE3kbbiA,2,27,1,23.703703703703702,unknown,3.332204510175204,1.4426950408889634,1.3078616359707456,0.3256892911698626,2.312069617733838
2018,214360296,陷阱,王北车,001Kl4V12ENRKg,2,32,2,16.1875,unknown,3.4965075614664802,0.9102392266268373,1.3078616359707456,0.3256892911698626,2.2653630204079507
2018,215686423,38度6,黑龙,0035a4fq3M8LRX,2,30,2,14.933333333333334,unknown,3.4339872044851463,0.9102392266268373,1.3078616359707456,0.3256892911698626,2.205018947794653
2018,216529283,小了白了兔,叶洛洛,0031dyFg48WxuB,2,23,1,27.043478260869566,unknown,3.1780538303479458,1.4426950408889634,1.3078616359707456,0.3256892911698626,2.1783756996475465
2019,228859369,你的酒馆对我打了烊,陈雪凝,004NDHly42oXD2,2,52,1,14.576923076923077,unknown,3.970291913552122,1.4426950408889634,1.252375020221873,0.31783934277604686,2.9414915571231965
2019,228849602,绿色,陈雪凝,0010UePb4dyfoi,2,51,1,15.92156862745098,unknown,3.9512437185814275,1.4426950408889634,1.252375020221873,0.31783934277604686,2.9239002364243025
2019,225716644,知否知否,胡夏/郁可唯,003hzX7h4Flbcb,2,49,1,22.632653061224488,unknown,3.912023005428146,1.4426950408889634,1.252375020221873,0.31783934277604686,2.8877374788558745
2019,231571087,心如止水,Ice Paper,003Yg4g04XAF4K,3,43,1,20,unknown,3.784189633918261,1.4426950408889634,1.252375020221873,0.31783934277604686,2.77044862426714
2019,200255722,光年之外,G.E.M.邓紫棋,001mTkmb4GJlh4,1,51,2,16.235294117647058,unknown,3.9512437185814275,0.9102392266268373,1.252375020221873,0.31783934277604686,2.7631195908558546
2020,245340206,下山,徐泽（要不要买菜）,000dUlqW3lbyob,4,105,1,38.23809523809524,",guofeng",4.663439094112067,1.4426950408889634,1.3646576079015647,0.3547866039237272,3.473543444522511
2020,259167484,旧梦一场,阿悠悠,001ooeyd1kAh9w,4,87,1,33.11494252873563,",guofeng",4.477336814478207,1.4426950408889634,1.3646576079015647,0.3547866039237272,3.2973196099672744
2020,248929498,世界这么大还是遇见你,程响,003Ls5Jo4EFBIH,3,84,1,37.92857142857143,unknown,4.442651256490317,1.4426950408889634,1.3646576079015647,0.3547866039237272,3.264596402003292
2020,244625442,桥边姑娘,海伦,0037Yq3H3RznaX,3,81,1,26.987654320987655,unknown,4.406719247264253,1.4426950408889634,1.3646576079015647,0.3547866039237272,3.230740439110228
2020,246492240,麻雀,李荣浩,003P3ByD1n8nBK,3,87,2,30.20689655172414,unknown,4.477336814478207,0.9102392266268373,1.3646576079015647,0.3547866039237272,3.1618506383322975
2021,284726298,踏山河,七叔（叶泽浩）,000LNpPn0efhTG,4,126,1,18.80952380952381,",guofeng",4.844187086458591,1.4426950408889634,1.4199897243352757,0.3554352403133164,3.5926677342498663
2021,275520287,虞兮叹,闻人听書_,003JcO560RtmXN,3,132,11,46.916666666666664,",guofeng",4.890349128221754,0.40242960438184466,1.4199897243352757,0.3554352403133164,3.470677579723809
2021,291911135,白月光与朱砂痣,大籽,000dt9Py0BrReK,3,104,1,24.10576923076923,unknown,4.653960350157523,1.4426950408889634,1.4199897243352757,0.3554352403133164,3.4118469899204062
2021,293695482,星辰大海,黄霄雲,000HJKHt4gHLtA,3,94,1,35.255319148936174,unknown,4.553876891600541,1.4426950408889634,1.4199897243352757,0.3554352403133164,3.3171347049973274
2021,449198,花海,周杰伦,002Neh8l0uciQZ,2,91,1,15.65934065934066,unknown,4.5217885770490405,1.4426950408889634,1.4199897243352757,0.3554352403133164,3.2868358639646464
2022,449201,兰亭序,周杰伦,002Neh8l0uciQZ,3,99,1,30.444444444444443,",guofeng",4.605170185988092,1.4426950408889634,1.3481739268012407,0.35993360905173294,3.432258287284241
2022,284726298,踏山河,七叔（叶泽浩）,000LNpPn0efhTG,3,104,13,53.19230769230769,",guofeng",4.653960350157523,0.3789231816899512,1.3481739268012407,0.35993360905173294,3.3058409642201037
2022,309848434,半生雪,七叔（叶泽浩）,003Idz5n3qz6PV,3,91,33,55.824175824175825,",guofeng",4.5217885770490405,0.2835784920513334,1.3481739268012407,0.35993360905173294,3.1745330447421094
2022,97773,晴天,周杰伦,000MkMni19ClKG,2,67,1,5.7611940298507465,unknown,4.219507705176107,1.4426950408889634,1.3481739268012407,0.35993360905173294,3.068701677437984
2022,331839675,孤勇者,陈奕迅,001uaPM93kxk1R,2,65,1,2.2615384615384615,unknown,4.189654742026425,1.4426950408889634,1.3481739268012407,0.35993360905173294,3.040786993784173
2023,449201,兰亭序,周杰伦,002Neh8l0uciQZ,2,80,3,19.25,",guofeng",4.394449154672439,0.7213475204444817,1.3193671959484161,0.36275022298752524,3.095920069157698
2023,202553248,桃花诺,G.E.M.邓紫棋,000Vk6tG2kuHDU,2,78,4,43.79487179487179,",guofeng",4.3694478524670215,0.6213349345596119,1.3193671959484161,0.36275022298752524,3.061022388733507
2023,398282803,雪 Distance,Capper/罗言RollFlash,000t9S9F0dXtUA,3,56,1,11.714285714285714,",rap",4.04305126783455,1.4426950408889634,1.3193671959484161,0.36275022298752524,2.9299719679816736
2023,396710011,苦咖啡·唯一,那奇沃夫/KKECHO,0027gqTJ2vh1Fz,3,48,1,23.625,",rap",3.8918202981106265,1.4426950408889634,1.3193671959484161,0.36275022298752524,2.7899454784164064
2023,347232874,人间烟火,程响,001RBXSr0Fv3mh,2,59,12,29.559322033898304,",guofeng",4.0943445622221,0.3898712452512801,1.3193671959484161,0.36275022298752524,2.775109895694198
2024,273032704,天下,张杰,000pVkCf3KsUQ9,2,62,3,31.548387096774192,",guofeng",4.143134726391533,0.7213475204444817,1.3349761220647554,0.3627353043302052,2.830964052862718
2024,410316,青花瓷,周杰伦,002eFUFm2XYZ7z,2,60,2,13.516666666666667,",guofeng",4.110873864173311,0.9102392266268373,1.3349761220647554,0.3627353043302052,2.8293760477486156
2024,449201,兰亭序,周杰伦,002Neh8l0uciQZ,2,54,7,16.148148148148145,",guofeng",4.007333185232471,0.48089834696298783,1.3349761220647554,0.3627353043302052,2.674968182559676
2024,334382135,天地龙鳞,王力宏,004VAoXe40mO4M,2,54,7,37.05555555555556,",guofeng",4.007333185232471,0.48089834696298783,1.3349761220647554,0.3627353043302052,2.674968182559676
2024,251875009,一程山路,毛不易,001OFJ154OfZuW,2,53,4,30.62264150943396,",guofeng",3.9889840465642745,0.6213349345596119,1.3349761220647554,0.3627353043302052,2.6665768003305343
