year,song_id,song_title,singer_name,weeks_total,peak_rank_min,top_ids_present,lof
2018,225712976,说谎的人,叶炫清,1,6,1,1.038847238082479
2018,203542391,情人迷,王琪,2,98,1,1.036791025562747
2018,7118468,突然想起你,萧亚轩,10,4,1,1.028762418906737
2018,214063280,让我做你的眼睛,杨凯莉-,5,7,1,1.027615061553321
2018,224468132,Everything I Need (Film Version),Skylar Grey,2,4,1,1.024652841683818
2019,231738213,心如止水,Zealot周星星,1,6,1,1.0222712398935616
2019,247780973,别再对我好,Uu (刘梦妤),2,1,2,1.0154628620952175
2019,237834967,圈住你,爱吃巧乐兹,10,10,1,1.0133836204040676
2019,237273852,梦之泪伤,AG超玩会梦泪,3,4,1,1.0015501783451881
2019,7269,过火,张信哲,1,96,1,1
2020,280316849,Lovefool,twocolors,1,2,1,1.0391945897293524
2020,237385006,野狼disco,宝石Gem,20,3,1,1.0339693554151033
2020,290590302,不服 (Live),李汶翰/陈晓东/刘维,1,3,1,1.025048897045631
2020,277679284,虞兮叹 (DJ沈念版),闻人听書_,6,55,2,1.0086585834354405
2020,286246373,Mommy,大波浪,4,2,2,1.000300822661167
2021,319901519,再也不是你,高跷妹,4,95,1,1.051762854924075
2021,5463754,金玉良缘,李琦,5,13,1,1.036405420967429
2021,275520287,虞兮叹,闻人听書_,132,11,3,1.0274735012411433
2021,301988247,Stars Align,R3HAB/蔡依林,23,1,1,1.0123166942290558
2021,317935206,未时,音阙诗听/赵方婧,3,73,2,1.012173920398398
2022,362979911,Stay With Me,Calvin Harris/Justin Timberlake/Halsey/Pharrell Williams,1,2,1,1.0546473722740843
2022,376208005,最亲是娘最爱是妈,李浩楠,2,99,1,1.0527485200567241
2022,202057627,在你的身边,盛哲,26,2,1,1.0518847926804158
2022,234428728,云水谣,en (王翊恩),17,72,1,1.0512360834828491
2022,340343100,雪龙吟,张杰,55,2,5,1.0511994556594684
2023,410871944,Chris Lake & Green Velvet - Deceiver (QÜIM Remix),Chris Lake,5,23,1,1.0616266797800888
2023,1030353,Letting Go,蔡健雅,40,5,1,1.0296708528491025
2023,395316359,江南烟雨色,杨树人,7,60,2,1.0145463330146587
2023,8145,遇见,孙燕姿,1,100,1,1
2023,8715,K歌之王 (国语),陈奕迅,1,50,1,1
2024,100930,千年泪,Tank,20,66,1,1.0281631488586749
2024,383142539,小雨,黄龄,32,2,1,1.0115515403589421
2024,109181039,缘分一道桥,王力宏/谭维维,11,78,2,1.0100431887460781
2024,8145,遇见,孙燕姿,1,74,1,1
2024,95410,如果的事,范玮琪/张韶涵,1,89,1,1
