platform,year,n_songs,PC1,PC2,PC3
QQ Music,2018,33,-0.024387,-0.021928,-0.013132
QQ Music,2019,68,0.014849,-0.016088,-0.022362
QQ Music,2020,53,-0.014185,-0.002315,-0.014495
QQ Music,2021,55,-0.014366,0.001951,-0.011657
QQ Music,2022,65,0.010001,0.045223,-0.049197
QQ Music,2023,58,-0.010364,-0.012068,-0.049916
QQ Music,2024,3,-0.11317,0.019277,-0.037476
NetEase Cloud Music,2018,2,0.084187,0.083443,0.064368
NetEase Cloud Music,2019,2,0.153836,0.099848,-0.111843
NetEase Cloud Music,2020,11,0.09436,0.063815,0.009632
NetEase Cloud Music,2021,10,0.057233,0.06799,-0.001062
NetEase Cloud Music,2022,10,0.004593,-0.007956,-0.003554
NetEase Cloud Music,2023,11,-0.050178,-0.025208,0.050616
NetEase Cloud Music,2024,10,-0.005368,0.026818,-0.064305
