song_id,platform,margin
24,QQ Music,0.01620956
264,QQ Music,0.0011467
28,QQ Music,0.01801766
279,QQ Music,-0.00640429
30,QQ Music,0.00480866
265,QQ Music,0.00662446
220,QQ Music,0.01298905
6,QQ Music,0.00845229
26,QQ Music,0.0017778
226,QQ Music,0.01008858
283,QQ Music,0.00583083
10,QQ Music,0.00621941
75,QQ Music,0.0024218
155,QQ Music,-0.01023585
296,QQ Music,-0.00774379
132,QQ Music,0.01212083
134,QQ Music,0.01049876
195,QQ Music,-0.00449836
141,QQ Music,0.00737772
13,QQ Music,0.00598872
232,QQ Music,0.01152277
180,QQ Music,0.01439462
90,QQ Music,0.00205877
230,QQ Music,0.00829864
233,QQ Music,-0.00126362
237,QQ Music,-0.00142041
183,QQ Music,0.00040271
272,QQ Music,-0.005593
238,QQ Music,-0.00400684
127,QQ Music,-0.01129142
185,QQ Music,-0.01344258
176,QQ Music,0.02352238
205,QQ Music,-0.00634262
251,QQ Music,0.00150864
249,QQ Music,-0.00420979
202,QQ Music,-0.010598
149,QQ Music,-0.00475825
152,QQ Music,0.01417997
133,QQ Music,-0.00455044
267,QQ Music,-0.01618919
69,QQ Music,-0.00016674
114,QQ Music,0.00724783
307,QQ Music,0.00435016
123,QQ Music,-0.01003393
260,QQ Music,0.01520386
234,QQ Music,-0.01282044
235,QQ Music,-0.0016614
2,QQ Music,-0.01131083
255,QQ Music,0.00710838
154,QQ Music,-0.00085516
91,QQ Music,0.01126337
21,QQ Music,-0.00561894
261,QQ Music,-0.00139659
313,QQ Music,-0.01430032
305,QQ Music,0.0050987
157,QQ Music,0.00498361
16,QQ Music,0.01480104
122,QQ Music,0.00084452
19,QQ Music,-0.00486884
98,QQ Music,-0.00989089
280,QQ Music,-0.00691448
241,QQ Music,0.01625408
214,QQ Music,-0.00493014
121,QQ Music,-0.0034447
222,QQ Music,0.0056729
276,QQ Music,0.00874924
29,QQ Music,0.0188594
212,QQ Music,0.00121384
209,QQ Music,0.00663311
306,QQ Music,0.00386567
227,QQ Music,0.01032775
177,QQ Music,0.00397614
240,QQ Music,0.00799361
12,QQ Music,-0.01602845
282,QQ Music,-0.00120886
31,QQ Music,0.01005119
211,QQ Music,-0.00135893
15,QQ Music,0.00942701
118,QQ Music,0.00393004
247,QQ Music,0.01963106
143,QQ Music,-0.00294004
281,QQ Music,0.00079642
257,QQ Music,0.00528733
201,QQ Music,0.00667375
291,QQ Music,0.00058893
178,QQ Music,0.00261226
301,QQ Music,0.00912292
38,QQ Music,-0.00092888
210,QQ Music,0.0099545
182,QQ Music,-0.01305515
302,QQ Music,-0.00052851
39,QQ Music,-0.00182719
252,QQ Music,0.01244906
316,QQ Music,0.00394485
36,QQ Music,-0.0076954
216,QQ Music,0.0057212
197,QQ Music,0.00317231
14,QQ Music,0.00497572
215,QQ Music,0.01149728
196,QQ Music,-0.00138627
142,QQ Music,0.00199925
268,QQ Music,0.00106663
194,QQ Music,-0.00261068
188,QQ Music,-0.0081278
84,QQ Music,0.00033193
308,QQ Music,0.01348495
203,QQ Music,-0.0071409
289,QQ Music,-0.00081683
248,QQ Music,-0.00577742
218,QQ Music,0.00386595
262,QQ Music,-0.00552628
136,QQ Music,0.01697817
266,QQ Music,0.00154058
116,QQ Music,-0.00476686
144,QQ Music,0.00597259
204,QQ Music,-0.0052101
193,QQ Music,0.00240086
128,QQ Music,-0.00092803
187,QQ Music,0.01324304
131,QQ Music,0.0079637
273,QQ Music,0.00220545
315,QQ Music,-0.00232032
199,QQ Music,0.00157083
179,QQ Music,0.00707089
269,QQ Music,-0.00751146
298,QQ Music,0.01099746
27,QQ Music,0.01342099
66,QQ Music,0.00349528
224,QQ Music,0.0102252
147,QQ Music,0.01294521
67,QQ Music,0.00172627
107,QQ Music,0.00859083
65,QQ Music,-0.00015458
314,QQ Music,-0.00865579
275,QQ Music,0.00179368
290,QQ Music,0.00771211
8,QQ Music,0.00184399
34,QQ Music,0.01147789
89,QQ Music,0.01128945
11,QQ Music,-0.00612178
20,QQ Music,-0.00892129
231,QQ Music,-0.00915156
277,QQ Music,-0.01640788
285,QQ Music,0.00729325
190,QQ Music,-0.00518789
139,QQ Music,-0.00373402
95,QQ Music,-0.00439572
37,QQ Music,-0.00587633
74,QQ Music,0.00629119
219,QQ Music,0.00476433
250,QQ Music,-0.00826351
130,QQ Music,-0.02004217
64,QQ Music,0.00118199
259,QQ Music,-0.01158835
229,QQ Music,0.01603013
213,QQ Music,0.01358241
191,QQ Music,0.0074551
243,QQ Music,0.01495491
163,QQ Music,0.01463614
17,QQ Music,0.00391859
288,QQ Music,-0.00759098
304,QQ Music,0.01089298
162,QQ Music,-0.00716029
239,QQ Music,-0.00663467
286,QQ Music,0.00494581
104,QQ Music,-0.00361609
62,QQ Music,0.00254865
318,QQ Music,0.00089256
245,QQ Music,0.00995632
115,QQ Music,0.00376535
271,QQ Music,-0.00536428
63,QQ Music,4.791e-05
164,QQ Music,0.01519107
4,QQ Music,0.00037537
32,QQ Music,0.01142894
56,QQ Music,0.01193088
103,QQ Music,-0.00057639
1,QQ Music,0.00434444
59,QQ Music,0.0096934
160,QQ Music,0.01131628
61,QQ Music,0.00383024
3,QQ Music,-0.00422655
81,QQ Music,0.00742695
242,QQ Music,-0.00502688
137,QQ Music,0.00135822
112,QQ Music,0.00939693
303,QQ Music,0.00642273
223,QQ Music,0.0082957
198,QQ Music,-0.00105679
200,QQ Music,-0.01407073
221,QQ Music,-0.00299119
256,QQ Music,-0.00030942
156,QQ Music,0.01389533
297,QQ Music,0.00259402
60,QQ Music,-0.01246637
55,QQ Music,0.00471852
253,QQ Music,0.00322709
181,QQ Music,0.01017729
68,QQ Music,-0.02148067
119,QQ Music,0.00109221
167,QQ Music,0.01028416
206,QQ Music,-0.00232067
7,QQ Music,0.01172912
189,QQ Music,0.00339428
110,QQ Music,0.00019965
96,QQ Music,-0.00338714
0,QQ Music,0.00739437
44,QQ Music,-0.00967857
292,QQ Music,-0.00116487
258,QQ Music,0.003466
145,QQ Music,0.0058522
228,QQ Music,0.00989118
312,QQ Music,0.00665004
94,QQ Music,-0.00705792
80,QQ Music,0.00606049
217,QQ Music,0.0015248
23,QQ Music,0.00227848
174,QQ Music,0.00456232
92,QQ Music,-0.00933193
284,QQ Music,-0.00779148
43,QQ Music,-0.00681265
76,QQ Music,-0.00107039
158,QQ Music,-0.00053933
42,QQ Music,-0.00572298
263,QQ Music,0.00016009
270,QQ Music,-0.01927683
51,QQ Music,-0.00068228
169,QQ Music,0.00349498
300,QQ Music,-0.00084639
159,QQ Music,0.00970633
161,QQ Music,0.00491397
58,QQ Music,-0.00681249
207,QQ Music,-0.0058628
77,QQ Music,0.00173512
236,QQ Music,0.01469106
93,QQ Music,0.00757631
135,QQ Music,-0.00335513
184,QQ Music,0.00962061
87,QQ Music,-0.00636046
106,QQ Music,-0.00133989
33,QQ Music,-0.00386367
278,QQ Music,0.0123051
146,QQ Music,0.00839214
22,QQ Music,0.00053377
244,QQ Music,0.00780524
294,QQ Music,0.006914
246,QQ Music,0.00860489
105,QQ Music,-0.00325841
70,QQ Music,-0.001938
165,QQ Music,0.00465794
99,QQ Music,-0.00192045
101,QQ Music,-0.0024194
168,QQ Music,0.01887476
186,QQ Music,0.00808154
111,QQ Music,0.0114875
52,QQ Music,0.00640869
54,QQ Music,0.00418552
311,QQ Music,-0.01395918
85,QQ Music,0.01046474
71,QQ Music,-0.01358824
108,QQ Music,0.00403838
82,QQ Music,0.00501228
117,QQ Music,0.00507603
192,QQ Music,-0.00052231
97,QQ Music,0.0105864
153,QQ Music,0.00316783
295,QQ Music,-0.00018794
109,QQ Music,-0.00327156
9,QQ Music,-0.0111922
151,QQ Music,0.01075551
173,QQ Music,0.00155556
175,QQ Music,-0.0064276
83,QQ Music,0.01317299
317,QQ Music,0.00330264
170,QQ Music,0.01200152
140,QQ Music,0.01212501
148,QQ Music,-0.01053397
73,QQ Music,-0.00899907
100,QQ Music,0.00568905
172,QQ Music,0.01452601
299,QQ Music,-0.01335803
287,QQ Music,0.00234588
254,QQ Music,-0.00147613
274,QQ Music,-0.00453982
102,QQ Music,0.0048737
138,QQ Music,-0.00176576
5,QQ Music,0.01072082
293,QQ Music,0.0151079
57,QQ Music,-0.00065229
86,QQ Music,-0.00269962
166,QQ Music,0.00956374
171,QQ Music,0.00961626
120,QQ Music,-0.00562998
72,QQ Music,0.0017715
150,QQ Music,0.00366762
208,QQ Music,-0.00247488
113,QQ Music,0.01971071
88,QQ Music,-0.00503506
79,QQ Music,0.0122608
310,QQ Music,0.00440981
53,QQ Music,0.00887961
309,QQ Music,-0.00531995
41,QQ Music,0.00044446
225,QQ Music,-0.00111677
78,QQ Music,-0.00292274
18,QQ Music,-0.00966117
49,QQ Music,0.00182981
50,QQ Music,0.0038652
125,QQ Music,0.00866344
126,QQ Music,-0.00238972
124,QQ Music,0.00359933
25,QQ Music,0.00301821
129,QQ Music,0.00646274
47,QQ Music,0.00724431
48,QQ Music,0.01517741
46,QQ Music,0.006874
35,QQ Music,0.0045425
45,QQ Music,0.01239859
40,QQ Music,0.00646179
376,NetEase Cloud Music,-0.00552387
362,NetEase Cloud Music,-0.00081452
344,NetEase Cloud Music,-0.00144202
331,NetEase Cloud Music,-0.01403068
377,NetEase Cloud Music,0.00230478
343,NetEase Cloud Music,-0.00806645
325,NetEase Cloud Music,-0.00069459
383,NetEase Cloud Music,-9.317e-05
340,NetEase Cloud Music,-0.00194593
338,NetEase Cloud Music,-0.01358386
336,NetEase Cloud Music,0.00654078
345,NetEase Cloud Music,-0.00349459
346,NetEase Cloud Music,-0.0060761
349,NetEase Cloud Music,-0.01419101
373,NetEase Cloud Music,-0.01666544
384,NetEase Cloud Music,0.0010541
323,NetEase Cloud Music,-0.00199381
375,NetEase Cloud Music,-0.00532836
348,NetEase Cloud Music,0.00036227
363,NetEase Cloud Music,0.00220263
319,NetEase Cloud Music,-0.00894929
351,NetEase Cloud Music,-0.01992319
359,NetEase Cloud Music,0.0089235
369,NetEase Cloud Music,0.00875006
379,NetEase Cloud Music,-0.00767336
382,NetEase Cloud Music,-0.00402049
385,NetEase Cloud Music,-0.00981295
333,NetEase Cloud Music,-0.00495726
374,NetEase Cloud Music,0.0002642
360,NetEase Cloud Music,0.00032278
337,NetEase Cloud Music,0.0108723
381,NetEase Cloud Music,-0.00444653
324,NetEase Cloud Music,0.00573571
322,NetEase Cloud Music,0.00415095
321,NetEase Cloud Music,-0.01115357
350,NetEase Cloud Music,-0.00562983
352,NetEase Cloud Music,-0.00176601
364,NetEase Cloud Music,-0.00467053
341,NetEase Cloud Music,0.00177162
367,NetEase Cloud Music,-0.00425305
378,NetEase Cloud Music,-0.00453992
366,NetEase Cloud Music,0.00240427
368,NetEase Cloud Music,-0.00485109
327,NetEase Cloud Music,0.00456959
334,NetEase Cloud Music,0.01442512
365,NetEase Cloud Music,-0.00052224
342,NetEase Cloud Music,0.00237608
357,NetEase Cloud Music,-3.841e-05
330,NetEase Cloud Music,0.01467184
361,NetEase Cloud Music,-0.00695286
347,NetEase Cloud Music,-0.00044549
358,NetEase Cloud Music,-0.00230267
332,NetEase Cloud Music,0.00106792
356,NetEase Cloud Music,-0.01214645
380,NetEase Cloud Music,-2.215e-05
