platform,period,year,month,n_songs,PC1,PC2,PC3
QQ Music,2018-08,2018,8,8,-0.170555,-0.017809,-0.025447
QQ Music,2018-09,2018,9,7,0.027122,-0.118733,-0.045326
QQ Music,2018-10,2018,10,7,-0.091969,0.023683,-0.041999
QQ Music,2018-11,2018,11,8,-0.031623,-0.011586,0.001986
QQ Music,2018-12,2018,12,8,0.110989,0.001725,0.036025
QQ Music,2019-01,2019,1,7,-0.024866,0.104237,-0.008949
QQ Music,2019-02,2019,2,6,0.117427,0.055635,-0.058574
QQ Music,2019-03,2019,3,8,0.06508,0.006904,-0.049264
QQ Music,2019-04,2019,4,7,-0.05733,-0.001003,-0.003059
QQ Music,2019-05,2019,5,8,-0.076084,0.018139,-0.061619
QQ Music,2019-06,2019,6,8,0.111382,-0.074281,-0.027403
QQ Music,2019-07,2019,7,8,-0.03327,-0.101652,-0.058239
QQ Music,2019-08,2019,8,8,-0.052946,-0.065175,0.003875
QQ Music,2019-09,2019,9,6,0.01982,-0.038249,0.042638
QQ Music,2019-10,2019,10,7,0.040886,-0.096347,-0.017416
QQ Music,2019-11,2019,11,7,0.035478,-0.017567,-0.020187
QQ Music,2019-12,2019,12,5,-0.008683,-0.014365,-0.037348
QQ Music,2020-01,2020,1,4,-0.068339,-0.107313,0.022675
QQ Music,2020-02,2020,2,5,-0.008167,-0.195666,0.11184
QQ Music,2020-03,2020,3,6,-0.02718,0.042736,-0.049798
QQ Music,2020-04,2020,4,5,0.141984,0.003448,-0.054919
QQ Music,2020-05,2020,5,7,-0.020682,-0.022252,-0.017007
QQ Music,2020-06,2020,6,5,-0.137838,-0.029545,-0.040536
QQ Music,2020-07,2020,7,4,-0.102793,0.005614,-0.030274
QQ Music,2020-08,2020,8,7,-0.082169,-0.07505,-0.005288
QQ Music,2020-09,2020,9,6,-0.016743,0.046439,-0.073556
QQ Music,2020-10,2020,10,4,0.079118,-0.004094,-0.017734
QQ Music,2020-11,2020,11,6,-0.035056,0.074586,0.013802
QQ Music,2020-12,2020,12,5,0.084857,0.172454,0.068576
QQ Music,2021-01,2021,1,2,0.083823,0.093393,0.031303
QQ Music,2021-02,2021,2,2,0.066265,0.131214,-0.107764
QQ Music,2021-03,2021,3,5,0.075588,0.084785,-0.008438
QQ Music,2021-04,2021,4,8,-0.032395,-0.125268,-0.045053
QQ Music,2021-05,2021,5,5,0.097577,-0.134445,-0.016489
QQ Music,2021-06,2021,6,7,0.051443,-0.064194,-0.00047
QQ Music,2021-07,2021,7,7,-0.124395,0.071903,-0.000586
QQ Music,2021-08,2021,8,10,-0.133104,0.018692,-0.031015
QQ Music,2021-09,2021,9,8,0.021874,0.011595,-0.036871
QQ Music,2021-10,2021,10,5,0.015475,-0.002158,0.038017
QQ Music,2021-11,2021,11,7,-0.022088,-0.048354,-0.050741
QQ Music,2021-12,2021,12,7,0.004462,-0.022377,0.046723
QQ Music,2022-01,2022,1,2,0.104836,-0.003248,-0.108388
QQ Music,2022-02,2022,2,2,0.045034,-0.073327,-0.169555
QQ Music,2022-03,2022,3,8,0.105001,-0.037733,-0.06413
QQ Music,2022-04,2022,4,7,-0.035683,0.086962,-0.052329
QQ Music,2022-05,2022,5,5,-0.070619,0.080075,-0.092272
QQ Music,2022-06,2022,6,8,0.088678,0.096113,0.005505
QQ Music,2022-07,2022,7,7,0.01966,0.159919,0.015976
QQ Music,2022-08,2022,8,9,-0.07652,0.062047,-0.00828
QQ Music,2022-09,2022,9,9,0.017824,0.017591,-0.006622
QQ Music,2022-10,2022,10,8,-0.020899,0.054592,-0.058819
QQ Music,2022-11,2022,11,9,-0.07159,0.013891,-0.094004
QQ Music,2022-12,2022,12,9,-0.014619,0.086475,-0.005663
QQ Music,2023-03,2023,3,10,-0.021022,-0.021024,-0.082689
QQ Music,2023-04,2023,4,9,-0.022505,-0.071855,-0.074485
QQ Music,2023-05,2023,5,9,0.05242,0.024398,-0.014993
QQ Music,2023-06,2023,6,9,-0.02568,-9.2e-05,-0.027731
QQ Music,2023-07,2023,7,10,-0.044776,0.027419,-0.028389
QQ Music,2023-08,2023,8,10,-0.07474,-0.014668,-0.019638
QQ Music,2023-09,2023,9,9,0.004475,-0.004413,-0.037226
QQ Music,2023-10,2023,10,5,0.059196,-0.097283,-0.104787
QQ Music,2023-11,2023,11,3,0.00857,-0.032297,-0.005622
QQ Music,2023-12,2023,12,2,-0.20599,0.094102,0.022726
QQ Music,2024-03,2024,3,1,-0.223604,0.039098,0.09264
QQ Music,2024-04,2024,4,1,-0.223604,0.039098,0.09264
QQ Music,2024-05,2024,5,1,-0.223604,0.039098,0.09264
QQ Music,2024-06,2024,6,1,0.082066,-0.198307,-0.120343
QQ Music,2024-10,2024,10,1,-0.185189,0.205349,-0.039782
NetEase Cloud Music,2018,2018,,2,0.084187,0.083443,0.064368
NetEase Cloud Music,2019,2019,,2,0.153836,0.099848,-0.111843
NetEase Cloud Music,2020,2020,,11,0.09436,0.063815,0.009632
NetEase Cloud Music,2021,2021,,10,0.057233,0.06799,-0.001062
NetEase Cloud Music,2022,2022,,10,0.004593,-0.007956,-0.003554
NetEase Cloud Music,2023,2023,,11,-0.050178,-0.025208,0.050616
NetEase Cloud Music,2024,2024,,10,-0.005368,0.026818,-0.064305
