platform,period,year,n_songs,angle_to_first_deg
QQ Music,2018-08,2018,8,0.0
QQ Music,2018-09,2018,7,16.9404
QQ Music,2018-10,2018,7,8.6379
QQ Music,2018-11,2018,8,12.8993
QQ Music,2018-12,2018,8,18.8736
QQ Music,2019-01,2019,7,13.549
QQ Music,2019-02,2019,6,18.5718
QQ Music,2019-03,2019,8,16.1907
QQ Music,2019-04,2019,7,14.8678
QQ Music,2019-05,2019,8,11.6476
QQ Music,2019-06,2019,8,18.9027
QQ Music,2019-07,2019,8,11.8261
QQ Music,2019-08,2019,8,11.1829
QQ Music,2019-09,2019,6,14.5561
QQ Music,2019-10,2019,7,15.4183
QQ Music,2019-11,2019,7,14.4023
QQ Music,2019-12,2019,5,14.9703
QQ Music,2020-01,2020,4,13.9881
QQ Music,2020-02,2020,5,21.157
QQ Music,2020-03,2020,6,11.1656
QQ Music,2020-04,2020,5,20.3551
QQ Music,2020-05,2020,7,11.953
QQ Music,2020-06,2020,5,10.6949
QQ Music,2020-07,2020,4,11.3807
QQ Music,2020-08,2020,7,10.6748
QQ Music,2020-09,2020,6,12.9498
QQ Music,2020-10,2020,4,17.2035
QQ Music,2020-11,2020,6,13.1919
QQ Music,2020-12,2020,5,20.3854
QQ Music,2021-01,2021,2,19.4611
QQ Music,2021-02,2021,2,19.645
QQ Music,2021-03,2021,5,18.1506
QQ Music,2021-04,2021,8,13.7415
QQ Music,2021-05,2021,5,18.3974
QQ Music,2021-06,2021,7,16.0589
QQ Music,2021-07,2021,7,10.557
QQ Music,2021-08,2021,10,8.0498
QQ Music,2021-09,2021,8,14.5477
QQ Music,2021-10,2021,5,17.1918
QQ Music,2021-11,2021,7,12.3688
QQ Music,2021-12,2021,7,15.5836
QQ Music,2022-01,2022,2,19.8572
QQ Music,2022-02,2022,2,19.3978
QQ Music,2022-03,2022,8,17.8764
QQ Music,2022-04,2022,7,13.004
QQ Music,2022-05,2022,5,14.191
QQ Music,2022-06,2022,8,18.0118
QQ Music,2022-07,2022,7,17.0076
QQ Music,2022-08,2022,9,9.9183
QQ Music,2022-09,2022,9,13.1047
QQ Music,2022-10,2022,8,13.7809
QQ Music,2022-11,2022,9,10.0111
QQ Music,2022-12,2022,9,14.4446
QQ Music,2023-03,2023,10,13.1414
QQ Music,2023-04,2023,9,13.9008
QQ Music,2023-05,2023,9,14.7467
QQ Music,2023-06,2023,9,11.7512
QQ Music,2023-07,2023,10,10.7988
QQ Music,2023-08,2023,10,10.992
QQ Music,2023-09,2023,9,14.1813
QQ Music,2023-10,2023,5,18.9677
QQ Music,2023-11,2023,3,13.9303
QQ Music,2023-12,2023,2,13.4739
QQ Music,2024-03,2024,1,15.8441
QQ Music,2024-04,2024,1,15.8441
QQ Music,2024-05,2024,1,15.8441
QQ Music,2024-06,2024,1,23.5323
QQ Music,2024-10,2024,1,20.9138
NetEase Cloud Music,2018,2018,2,0.0
NetEase Cloud Music,2019,2019,2,21.5624
NetEase Cloud Music,2020,2020,11,11.3849
NetEase Cloud Music,2021,2021,10,13.4625
NetEase Cloud Music,2022,2022,10,15.9567
NetEase Cloud Music,2023,2023,11,16.1843
NetEase Cloud Music,2024,2024,10,16.2907
