t_sec,amp_min,amp_max
0.0,-0.27877,0.28739
0.06148,-0.1869,0.21509
0.12296,-0.19954,0.21582
0.18443,-0.20056,0.19603
0.24591,-0.19559,0.15513
0.30739,-0.17614,0.14809
0.36887,-0.14793,0.1304
0.43034,-0.5993,0.57826
0.49182,-0.40764,0.40719
0.5533,-0.39678,0.35528
0.61478,-0.38042,0.30945
0.67625,-0.36271,0.28419
0.73773,-0.32979,0.24912
0.79921,-0.29272,0.25112
0.86069,-0.32211,0.30742
0.92217,-0.33934,0.35602
0.98364,-0.27215,0.29875
1.04512,-0.22341,0.22652
1.1066,-0.17584,0.22228
1.16808,-0.81796,0.85381
1.22955,-0.27628,0.28049
1.29103,-0.03892,0.03328
1.35251,-0.03214,0.03648
1.41399,-0.03376,0.03132
1.47546,-0.03837,0.02903
1.53694,-0.03041,0.02714
1.59842,-0.03446,0.03748
1.6599,-0.03129,0.0412
1.72138,-0.01424,0.0134
1.78285,-0.04002,0.03571
1.84433,-0.01295,0.00963
1.90581,-0.00861,0.00998
1.96729,-0.00947,0.00859
2.02876,-0.00974,0.00735
2.09024,-0.01833,0.01206
2.15172,-0.00757,0.00742
2.2132,-0.00869,0.0077
2.27467,-0.00976,0.00964
2.33615,-0.09904,0.20137
2.39763,-0.44707,0.49834
2.45911,-0.44175,0.473
2.52059,-0.40673,0.42247
2.58206,-0.36177,0.33846
2.64354,-0.3352,0.26981
2.70502,-0.30381,0.23451
2.7665,-0.26052,0.20228
2.82797,-0.48053,0.56178
2.88945,-0.42106,0.48003
2.95093,-0.41663,0.42201
3.01241,-0.3413,0.33863
3.07389,-0.29046,0.27009
3.13536,-0.25774,0.23127
3.19684,-0.22873,0.20721
3.25832,-0.4805,0.38594
3.3198,-0.36241,0.24494
3.38127,-0.3808,0.30317
3.44275,-0.37379,0.29299
3.50423,-0.32299,0.28263
3.56571,-0.57997,0.59161
3.62718,-0.17471,0.21588
3.68866,-0.02969,0.04577
3.75014,-0.03655,0.0357
3.81162,-0.02719,0.02045
3.8731,-0.0229,0.0314
3.93457,-0.01657,0.02422
3.99605,-0.03255,0.03568
4.05753,-0.0225,0.02413
4.11901,-0.02201,0.0269
4.18048,-0.02771,0.02828
4.24196,-0.01695,0.0161
4.30344,-0.01764,0.01209
4.36492,-0.01434,0.01067
4.42639,-0.0091,0.01078
4.48787,-0.01855,0.01842
4.54935,-0.01023,0.01201
4.61083,-0.00885,0.01077
4.67231,-0.01317,0.01481
4.73378,-0.01419,0.01568
4.79526,-0.63179,0.68182
4.85674,-0.51199,0.56057
4.91822,-0.44481,0.5453
4.97969,-0.44569,0.52277
5.04117,-0.44218,0.47187
5.10265,-0.4298,0.45334
5.16413,-0.40961,0.43415
5.2256,-0.52722,0.60243
5.28708,-0.30622,0.3125
5.34856,-0.30523,0.29629
5.41004,-0.28891,0.23816
5.47152,-0.25128,0.23188
5.53299,-0.22689,0.21472
5.59447,-0.21597,0.19908
5.65595,-0.44595,0.47738
5.71743,-0.30641,0.37877
5.7789,-0.24326,0.36901
5.84038,-0.22783,0.29669
5.90186,-0.23721,0.28221
5.96334,-0.63705,0.68672
6.02481,-0.36234,0.32432
6.08629,-0.05,0.04697
6.14777,-0.0297,0.04093
6.20925,-0.02422,0.03167
6.27073,-0.02877,0.03062
6.3322,-0.02852,0.03013
6.39368,-0.02808,0.03489
6.45516,-0.03469,0.03583
6.51664,-0.01965,0.01813
6.57811,-0.02869,0.02932
6.63959,-0.0119,0.00854
6.70107,-0.00962,0.00902
6.76255,-0.0079,0.00856
6.82402,-0.00829,0.00964
6.8855,-0.0166,0.01707
6.94698,-0.00791,0.00696
7.00846,-0.00772,0.00897
7.06994,-0.00608,0.00782
7.13141,-0.0052,0.00599
7.19289,-0.28594,0.30521
7.25437,-0.21542,0.14859
7.31585,-0.21872,0.15605
7.37732,-0.19648,0.15026
7.4388,-0.16598,0.15819
7.50028,-0.12168,0.18095
7.56176,-0.14756,0.17668
7.62324,-0.4031,0.44849
7.68471,-0.33461,0.42827
7.74619,-0.26034,0.40585
7.80767,-0.22612,0.35895
7.86915,-0.24362,0.32903
7.93062,-0.25295,0.29954
7.9921,-0.25673,0.28027
8.05358,-0.47866,0.46245
8.11506,-0.48447,0.4103
8.17653,-0.47081,0.39094
8.23801,-0.41876,0.43342
8.29949,-0.35896,0.39889
8.36097,-0.60441,0.58908
8.42245,-0.23079,0.21974
8.48392,-0.026,0.03476
8.5454,-0.02987,0.03491
8.60688,-0.02752,0.02936
8.66836,-0.0232,0.0284
8.72983,-0.02985,0.0318
8.79131,-0.02278,0.02678
8.85279,-0.03693,0.03955
8.91427,-0.01682,0.01785
8.97574,-0.02443,0.04072
9.03722,-0.0174,0.01498
9.0987,-0.01638,0.01292
9.16018,-0.0142,0.01507
9.22166,-0.012,0.00991
9.28313,-0.01446,0.01628
9.34461,-0.00852,0.00793
9.40609,-0.01195,0.00854
9.46757,-0.01299,0.01125
9.52904,-0.01155,0.01364
9.59052,-0.35036,0.37517
9.652,-0.16481,0.18423
9.71348,-0.12077,0.19057
9.77495,-0.11761,0.17437
9.83643,-0.12822,0.14769
9.89791,-0.13588,0.12193
9.95939,-0.13676,0.12262
10.02087,-0.62198,0.58752
10.08234,-0.40771,0.38393
10.14382,-0.36392,0.31831
10.2053,-0.34477,0.27729
10.26678,-0.31556,0.28705
10.32825,-0.28728,0.26391
10.38973,-0.26973,0.2546
10.45121,-0.3021,0.37389
10.51269,-0.35273,0.37354
10.57416,-0.26877,0.29336
10.63564,-0.22739,0.28064
10.69712,-0.16111,0.2252
10.7586,-0.72242,0.89449
10.82008,-0.4552,0.51368
10.88155,-0.16799,0.18602
10.94303,-0.23044,0.26043
11.00451,-0.06613,0.0793
11.06599,-0.21805,0.20904
11.12746,-0.10585,0.10233
11.18894,-0.07015,0.06733
11.25042,-0.16384,0.19171
11.3119,-0.04037,0.03927
11.37337,-0.32095,0.36299
11.43485,-0.21671,0.2465
11.49633,-0.11418,0.18035
11.55781,-0.04213,0.05316
11.61929,-0.0312,0.03171
11.68076,-0.39953,0.31731
11.74224,-0.3483,0.30645
11.80372,-0.25591,0.17309
11.8652,-0.17561,0.1459
11.92667,-0.12251,0.12663
11.98815,-0.52822,0.58218
12.04963,-0.50021,0.59122
12.11111,-0.46774,0.48176
12.17259,-0.43344,0.46394
12.23406,-0.41698,0.42842
12.29554,-0.38938,0.33778
12.35702,-0.37592,0.27538
12.4185,-0.41072,0.56244
12.47997,-0.41824,0.48981
12.54145,-0.43252,0.47845
12.60293,-0.42523,0.44496
12.66441,-0.38291,0.39392
12.72588,-0.32021,0.38496
12.78736,-0.29018,0.33657
12.84884,-0.50741,0.42785
12.91032,-0.49924,0.45264
12.9718,-0.3735,0.27986
13.03327,-0.36553,0.28566
13.09475,-0.29043,0.26887
13.15623,-0.52284,0.6712
13.21771,-0.33349,0.3403
13.27918,-0.07299,0.08147
13.34066,-0.22267,0.18962
13.40214,-0.06506,0.05999
13.46362,-0.30313,0.26702
13.52509,-0.26848,0.21958
13.58657,-0.11705,0.12051
13.64805,-0.19758,0.20184
13.70953,-0.04784,0.06431
13.77101,-0.35656,0.3145
13.83248,-0.22787,0.15911
13.89396,-0.08216,0.11041
13.95544,-0.0601,0.06144
14.01692,-0.02318,0.02482
14.07839,-0.25748,0.25131
14.13987,-0.20213,0.24916
14.20135,-0.1174,0.2205
14.26283,-0.1162,0.15978
14.3243,-0.10966,0.10242
14.38578,-0.84692,0.72594
14.44726,-0.6071,0.64505
14.50874,-0.5939,0.64126
14.57022,-0.53193,0.63667
14.63169,-0.51895,0.41943
14.69317,-0.44218,0.47419
14.75465,-0.39773,0.41531
14.81613,-0.5416,0.53724
14.8776,-0.33518,0.37615
14.93908,-0.30345,0.30077
15.00056,-0.29583,0.24294
15.06204,-0.27815,0.22623
15.12351,-0.25678,0.2223
15.18499,-0.25039,0.21892
15.24647,-0.45738,0.48385
15.30795,-0.50061,0.40916
15.36943,-0.22953,0.30508
15.4309,-0.23379,0.29441
15.49238,-0.24543,0.2764
15.55386,-0.5952,0.69495
15.61534,-0.6024,0.47683
15.67681,-0.17094,0.16848
15.73829,-0.19825,0.15676
15.79977,-0.05294,0.05105
15.86125,-0.34722,0.2753
15.92272,-0.23841,0.21311
15.9842,-0.12831,0.11856
16.04568,-0.19921,0.17843
16.10716,-0.02924,0.02913
16.16864,-0.52675,0.60495
16.23011,-0.3648,0.32556
16.29159,-0.19405,0.17743
16.35307,-0.15691,0.17429
16.41455,-0.10811,0.13501
16.47602,-0.2116,0.26067
16.5375,-0.16048,0.18754
16.59898,-0.17263,0.2187
16.66046,-0.17781,0.1904
16.72193,-0.1636,0.15606
16.78341,-0.62445,0.5298
16.84489,-0.55648,0.43055
16.90637,-0.5951,0.43832
16.96785,-0.55198,0.33532
17.02932,-0.53503,0.31815
17.0908,-0.56004,0.36951
17.15228,-0.38858,0.26185
17.21376,-0.46118,0.39111
17.27523,-0.38498,0.38452
17.33671,-0.3139,0.24126
17.39819,-0.29787,0.23845
17.45967,-0.27939,0.20498
17.52115,-0.24302,0.20653
17.58262,-0.2261,0.19808
17.6441,-0.27706,0.31271
17.70558,-0.49444,0.44657
17.76706,-0.31596,0.3905
17.82853,-0.33909,0.3419
17.89001,-0.34459,0.30605
17.95149,-0.71554,0.65466
18.01297,-0.59577,0.61031
18.07444,-0.15482,0.15735
18.13592,-0.21904,0.17715
18.1974,-0.2023,0.20612
18.25888,-0.36204,0.42193
18.32036,-0.45512,0.44243
18.38183,-0.38665,0.36244
18.44331,-0.32531,0.48877
18.50479,-0.29997,0.38563
18.56627,-0.32156,0.2769
18.62774,-0.41355,0.32057
18.68922,-0.45671,0.32941
18.7507,-0.44023,0.32734
18.81218,-0.35827,0.30758
18.87365,-0.43838,0.28892
18.93513,-0.50433,0.40502
18.99661,-0.40651,0.33689
19.05809,-0.14453,0.1655
19.11957,-0.28906,0.24636
19.18104,-0.48688,0.46702
19.24252,-0.52712,0.53674
19.304,-0.48377,0.50749
19.36548,-0.60357,0.51152
19.42695,-0.49048,0.38613
19.48843,-0.4168,0.37066
19.54991,-0.41996,0.42972
19.61139,-0.60974,0.70134
19.67286,-0.51093,0.53092
19.73434,-0.579,0.57783
19.79582,-0.58451,0.62198
19.8573,-0.82564,0.63687
19.91878,-0.7004,0.66807
19.98025,-0.66789,0.69935
20.04173,-0.59948,0.63673
20.10321,-0.36676,0.39628
20.16469,-0.34171,0.48441
20.22616,-0.39416,0.38888
20.28764,-0.34526,0.27575
20.34912,-0.73165,0.73863
20.4106,-0.55219,0.47547
20.47207,-0.07171,0.07413
20.53355,-0.04729,0.05394
20.59503,-0.06252,0.07607
20.65651,-0.33374,0.18452
20.71799,-0.35722,0.26821
20.77946,-0.44825,0.30876
20.84094,-0.43677,0.28703
20.90242,-0.39456,0.28678
20.9639,-0.40158,0.29043
21.02537,-0.3966,0.30952
21.08685,-0.3508,0.28061
21.14833,-0.2774,0.34052
21.20981,-0.28136,0.24702
21.27128,-0.32395,0.2479
21.33276,-0.3525,0.30981
21.39424,-0.27476,0.30615
21.45572,-0.20924,0.28241
21.5172,-0.1706,0.11577
21.57867,-0.61198,0.59992
21.64015,-0.63202,0.69055
21.70163,-0.61537,0.65674
21.76311,-0.5051,0.60882
21.82458,-0.43096,0.58405
21.88606,-0.56553,0.5854
21.94754,-0.71432,0.61374
22.00902,-0.5831,0.58429
22.0705,-0.49706,0.5841
22.13197,-0.38185,0.34679
22.19345,-0.51348,0.42977
22.25493,-0.7151,0.54943
22.31641,-0.6264,0.68746
22.37788,-0.6215,0.66596
22.43936,-0.55227,0.56861
22.50084,-0.51778,0.42863
22.56232,-0.68831,0.52704
22.62379,-0.70532,0.50065
22.68527,-0.53541,0.41552
22.74675,-0.53836,0.51668
22.80823,-0.26701,0.28549
22.86971,-0.06023,0.08064
22.93118,-0.06378,0.05233
22.99266,-0.0563,0.05434
23.05414,-0.19892,0.18201
23.11562,-0.27549,0.29512
23.17709,-0.39621,0.32407
23.23857,-0.29637,0.3288
23.30005,-0.29171,0.30091
23.36153,-0.25961,0.29837
23.423,-0.35741,0.30961
23.48448,-0.35739,0.32649
23.54596,-0.33198,0.3051
23.60744,-0.33218,0.302
23.66892,-0.32054,0.27692
23.73039,-0.41038,0.35407
23.79187,-0.41201,0.31857
23.85335,-0.40427,0.33809
23.91483,-0.35029,0.28205
23.9763,-0.77601,0.80822
24.03778,-0.79878,0.8001
24.09926,-0.76003,0.82304
24.16074,-0.77242,0.82951
24.22221,-0.75067,0.78906
24.28369,-0.78102,0.65687
24.34517,-0.76082,0.80123
24.40665,-0.73513,0.7567
24.46813,-0.56539,0.62845
24.5296,-0.30384,0.36037
24.59108,-0.46673,0.40623
24.65256,-0.65186,0.49326
24.71404,-0.56711,0.49187
24.77551,-0.46433,0.44053
24.83699,-0.43619,0.41253
24.89847,-0.51349,0.4835
24.95995,-0.63979,0.48728
25.02142,-0.67696,0.46483
25.0829,-0.45311,0.36911
25.14438,-0.56365,0.51666
25.20586,-0.64263,0.69477
25.26734,-0.51849,0.47764
25.32881,-0.41163,0.48358
25.39029,-0.42352,0.39987
25.45177,-0.42002,0.30885
25.51325,-0.50641,0.35664
25.57472,-0.4949,0.33479
25.6362,-0.44123,0.30136
25.69768,-0.41555,0.34111
25.75916,-0.25902,0.31198
25.82063,-0.44388,0.4085
25.88211,-0.42419,0.48928
25.94359,-0.49979,0.60077
26.00507,-0.47954,0.62146
26.06655,-0.42707,0.50925
26.12802,-0.35276,0.33169
26.1895,-0.46242,0.43339
26.25098,-0.45366,0.38133
26.31246,-0.48523,0.36047
26.37393,-0.57274,0.45969
26.43541,-0.33024,0.31263
26.49689,-0.29055,0.27635
26.55837,-0.21261,0.22717
26.61985,-0.16989,0.21353
26.68132,-0.19265,0.18795
26.7428,-0.15368,0.17773
26.80428,-0.22946,0.22421
26.86576,-0.33909,0.39297
26.92723,-0.25465,0.35316
26.98871,-0.231,0.35539
27.05019,-0.22531,0.29092
27.11167,-0.21741,0.27148
27.17314,-0.23526,0.23714
27.23462,-0.22467,0.21025
27.2961,-0.44214,0.38824
27.35758,-0.3561,0.31206
27.41906,-0.37097,0.32742
27.48053,-0.32972,0.3075
27.54201,-0.43437,0.47967
27.60349,-0.55644,0.45089
27.66497,-0.0407,0.03921
27.72644,-0.02936,0.02908
27.78792,-0.02766,0.02777
27.8494,-0.12664,0.13127
27.91088,-0.21124,0.20208
27.97235,-0.25607,0.23549
28.03383,-0.21494,0.23055
28.09531,-0.16482,0.16049
28.15679,-0.38429,0.35171
28.21827,-0.41926,0.35341
28.27974,-0.39414,0.32861
28.34122,-0.35655,0.32366
28.4027,-0.32392,0.29985
28.46418,-0.45049,0.35011
28.52565,-0.47434,0.35209
28.58713,-0.36583,0.34198
28.64861,-0.38504,0.36096
28.71009,-0.30052,0.30609
28.77156,-0.50089,0.51466
28.83304,-0.51316,0.4741
28.89452,-0.48634,0.53728
28.956,-0.5256,0.64055
29.01748,-0.50656,0.35776
29.07895,-0.37215,0.38223
29.14043,-0.42565,0.43526
29.20191,-0.48942,0.63781
29.26339,-0.45321,0.5432
29.32486,-0.52811,0.38065
29.38634,-0.67127,0.68408
29.44782,-0.68624,0.69747
29.5093,-0.61388,0.75943
29.57077,-0.71663,0.7065
29.63225,-0.51282,0.56069
29.69373,-0.40776,0.41217
29.75521,-0.49797,0.42914
29.81669,-0.48488,0.41267
29.87816,-0.36698,0.41375
29.93964,-0.43191,0.3364
30.00112,-0.77435,0.72733
30.0626,-0.0699,0.10382
30.12407,-0.05648,0.05556
30.18555,-0.04074,0.0475
30.24703,-0.13842,0.11199
30.30851,-0.28601,0.25555
30.36998,-0.29969,0.26317
30.43146,-0.2663,0.26669
30.49294,-0.18437,0.17994
30.55442,-0.233,0.19386
30.6159,-0.25672,0.24855
30.67737,-0.26331,0.29892
30.73885,-0.24613,0.28528
30.80033,-0.19425,0.26895
30.86181,-0.19985,0.25824
30.92328,-0.33037,0.27692
30.98476,-0.29217,0.25824
31.04624,-0.17627,0.23997
31.10772,-0.24782,0.25391
31.1692,-0.60258,0.83477
31.23067,-0.89744,0.8418
31.29215,-0.73057,0.88271
31.35363,-0.68359,0.93648
31.41511,-0.57145,0.74997
31.47658,-0.50675,0.57698
31.53806,-0.65185,0.56141
31.59954,-0.59494,0.61783
31.66102,-0.78614,0.62933
31.72249,-0.5292,0.55109
31.78397,-0.60965,0.55785
31.84545,-0.61181,0.74919
31.90693,-0.7295,0.83852
31.96841,-0.5954,0.77855
32.02988,-0.70373,0.63056
32.09136,-0.45803,0.40829
32.15284,-0.52409,0.43454
32.21432,-0.58278,0.56792
32.27579,-0.64561,0.51907
32.33727,-0.39123,0.47617
32.39875,-0.52806,0.50616
32.46023,-0.13878,0.1424
32.5217,-0.06082,0.06766
32.58318,-0.0558,0.0573
32.64466,-0.25452,0.25765
32.70614,-0.32897,0.31432
32.76762,-0.304,0.27824
32.82909,-0.22269,0.26156
32.89057,-0.18338,0.21723
32.95205,-0.25905,0.25313
33.01353,-0.27462,0.27477
33.075,-0.25251,0.29672
33.13648,-0.23302,0.28453
33.19796,-0.22073,0.28858
33.25944,-0.39168,0.44643
33.32091,-0.41866,0.45314
33.38239,-0.36088,0.34195
33.44387,-0.23428,0.23726
33.50535,-0.19923,0.18873
33.56683,-0.95734,0.84895
33.6283,-0.71452,0.85091
33.68978,-0.84262,0.91855
33.75126,-0.91548,0.83056
33.81274,-0.73528,0.71212
33.87421,-0.7655,0.80646
33.93569,-0.82718,0.8064
33.99717,-0.80113,0.82817
34.05865,-0.60172,0.72843
34.12012,-0.46463,0.42734
34.1816,-0.47826,0.57481
34.24308,-0.79581,0.65203
34.30456,-0.77434,0.70886
34.36604,-0.6801,0.83068
34.42751,-0.63455,0.70007
34.48899,-0.59699,0.62725
34.55047,-0.65213,0.62151
34.61195,-0.42447,0.55227
34.67342,-0.38894,0.49877
34.7349,-0.44774,0.50838
34.79638,-0.66168,0.69645
34.85786,-0.37536,0.40545
34.91933,-0.36647,0.38913
34.98081,-0.4092,0.4387
35.04229,-0.19133,0.17942
35.10377,-0.4938,0.39447
35.16525,-0.45202,0.37266
35.22672,-0.29147,0.40964
35.2882,-0.28357,0.19057
35.34968,-0.2295,0.20941
35.41116,-0.5226,0.62582
35.47263,-0.46975,0.56762
35.53411,-0.55746,0.66353
35.59559,-0.46821,0.55785
35.65707,-0.4318,0.50555
35.71854,-0.37721,0.43716
35.78002,-0.48127,0.50714
35.8415,-0.48407,0.41547
35.90298,-0.48157,0.36283
35.96446,-0.81547,0.682
36.02593,-0.62574,0.5691
36.08741,-0.49985,0.42839
36.14889,-0.51754,0.34075
36.21037,-0.40237,0.28496
36.27184,-0.39688,0.26782
36.33332,-0.33153,0.21448
36.3948,-0.32374,0.27043
36.45628,-0.29713,0.25412
36.51776,-0.27098,0.24117
36.57923,-0.27765,0.23517
36.64071,-0.22475,0.18342
36.70219,-0.19684,0.13978
36.76367,-0.15948,0.12329
36.82514,-0.15776,0.10202
36.88662,-0.34062,0.28582
36.9481,-0.39489,0.3424
37.00958,-0.39679,0.41867
37.07105,-0.31491,0.31404
37.13253,-0.25332,0.21632
37.19401,-0.76805,0.68937
37.25549,-0.33434,0.38176
37.31697,-0.31916,0.3781
37.37844,-0.32133,0.38634
37.43992,-0.24721,0.31169
37.5014,-0.48008,0.36572
37.56288,-0.41874,0.36047
37.62435,-0.38713,0.35906
37.68583,-0.16546,0.17595
37.74731,-0.22094,0.23893
37.80879,-0.39912,0.26197
37.87026,-0.39619,0.25335
37.93174,-0.30394,0.25071
37.99322,-0.20184,0.19257
38.0547,-0.17615,0.18934
38.11618,-0.52726,0.49834
38.17765,-0.53652,0.49051
38.23913,-0.49672,0.52551
38.30061,-0.49686,0.50118
38.36209,-0.71707,0.67251
38.42356,-0.8767,0.68138
38.48504,-0.6963,0.62107
38.54652,-0.64259,0.53297
38.608,-0.60325,0.66616
38.66947,-0.61789,0.75843
38.73095,-0.54764,0.77949
38.79243,-0.62974,0.721
38.85391,-0.8905,0.8878
38.91539,-0.78994,0.8253
38.97686,-0.69941,0.75718
39.03834,-0.6303,0.83246
39.09982,-0.63659,0.85886
39.1613,-0.78202,0.71959
39.22277,-0.65391,0.60461
39.28425,-0.69103,0.62148
39.34573,-0.61189,0.69492
39.40721,-0.55544,0.53132
39.46868,-0.46729,0.3464
39.53016,-0.27024,0.37379
39.59164,-0.90113,0.8494
39.65312,-0.53506,0.74574
39.7146,-0.56537,0.65363
39.77607,-0.47406,0.62095
39.83755,-0.47011,0.48899
39.89903,-0.57675,0.5101
39.96051,-0.45152,0.48974
40.02198,-0.49004,0.52256
40.08346,-0.46066,0.43396
40.14494,-0.31081,0.39702
40.20642,-0.55818,0.54398
40.26789,-0.63536,0.59122
40.32937,-0.63833,0.6002
40.39085,-0.58615,0.44632
40.45233,-0.1807,0.24694
40.51381,-0.46732,0.41017
40.57528,-0.51145,0.54976
40.63676,-0.57862,0.54369
40.69824,-0.57206,0.56536
40.75972,-0.65301,0.86545
40.82119,-0.83235,0.73049
40.88267,-0.60706,0.70442
40.94415,-0.70629,0.68328
41.00563,-0.73675,0.66185
41.06711,-0.66862,0.65477
41.12858,-0.64802,0.59843
41.19006,-0.70442,0.61869
41.25154,-0.67487,0.63932
41.31302,-0.72056,0.62724
41.37449,-0.66116,0.61905
41.43597,-0.64493,0.70638
41.49745,-0.63082,0.59288
41.55893,-0.63163,0.5333
41.6204,-0.42332,0.38053
41.68188,-0.59295,0.52659
41.74336,-0.44004,0.3667
41.80484,-0.41095,0.2901
41.86632,-0.3921,0.30773
41.92779,-0.44766,0.57884
41.98927,-0.77048,0.70907
42.05075,-0.46956,0.48789
42.11223,-0.47955,0.48349
42.1737,-0.49442,0.52683
42.23518,-0.44408,0.4983
42.29666,-0.54563,0.50432
42.35814,-0.46823,0.39635
42.41961,-0.4376,0.39539
42.48109,-0.4239,0.37616
42.54257,-0.41398,0.37437
42.60405,-0.46809,0.5624
42.66553,-0.43537,0.27247
42.727,-0.29016,0.28449
42.78848,-0.25543,0.36276
42.84996,-0.26412,0.26413
42.91144,-0.71605,0.60801
42.97291,-0.61915,0.55765
43.03439,-0.54926,0.56475
43.09587,-0.51087,0.48388
43.15735,-0.92449,0.86802
43.21882,-0.91556,0.9346
43.2803,-0.80576,0.89169
43.34178,-0.68988,0.843
43.40326,-0.8001,0.79141
43.46474,-0.67882,0.78863
43.52621,-0.62469,0.76822
43.58769,-0.73095,0.69933
43.64917,-0.81402,0.84465
43.71065,-0.54976,0.56468
43.77212,-0.83737,0.71486
43.8336,-0.75312,0.74573
43.89508,-0.67078,0.65089
43.95656,-0.49663,0.49944
44.01803,-0.27649,0.26807
44.07951,-0.81475,0.66638
44.14099,-0.70094,0.58914
44.20247,-0.7465,0.4998
44.26395,-0.51493,0.49158
44.32542,-0.56673,0.48869
44.3869,-0.87132,0.89379
44.44838,-0.50586,0.75408
44.50986,-0.54428,0.71498
44.57133,-0.45202,0.65946
44.63281,-0.49338,0.5526
44.69429,-0.45026,0.39075
44.75577,-0.50601,0.52387
44.81724,-0.54213,0.52246
44.87872,-0.45888,0.48135
44.9402,-0.39599,0.5021
45.00168,-0.52127,0.53226
45.06316,-0.41554,0.34064
45.12463,-0.34673,0.29862
45.18611,-0.28371,0.2719
45.24759,-0.21849,0.25624
45.30907,-0.55847,0.53104
45.37054,-0.46618,0.48018
45.43202,-0.46668,0.4955
45.4935,-0.49821,0.50055
45.55498,-0.54173,0.54403
45.61646,-0.66705,0.79848
45.67793,-0.61056,0.64265
45.73941,-0.57343,0.71355
45.80089,-0.54342,0.61966
45.86237,-0.50588,0.67271
45.92384,-0.41828,0.71413
45.98532,-0.53319,0.57409
46.0468,-0.67079,0.56095
46.10828,-0.53838,0.7229
46.16975,-0.49648,0.54692
46.23123,-0.5221,0.63064
46.29271,-0.54664,0.61233
46.35419,-0.40666,0.38433
46.41567,-0.23583,0.29617
46.47714,-0.53509,0.57834
46.53862,-0.76123,0.55605
46.6001,-0.72288,0.63894
46.66158,-0.82227,0.56831
46.72305,-0.56945,0.5263
46.78453,-0.64583,0.61195
46.84601,-0.52214,0.36639
46.90749,-0.54264,0.40599
46.96896,-0.41708,0.31573
47.03044,-0.46338,0.42738
47.09192,-0.48532,0.39736
47.1534,-0.42661,0.38797
47.21488,-0.39812,0.36889
47.27635,-0.38961,0.39123
47.33783,-0.46811,0.42567
47.39931,-0.49185,0.44646
47.46079,-0.31968,0.3574
47.52226,-0.29849,0.36498
47.58374,-0.34283,0.31052
47.64522,-0.25014,0.26022
47.7067,-0.57651,0.39556
47.76817,-0.60007,0.46415
47.82965,-0.62225,0.41273
47.89113,-0.53277,0.38859
47.95261,-0.50696,0.42178
48.01409,-0.79296,0.63939
48.07556,-0.66943,0.61765
48.13704,-0.57332,0.62189
48.19852,-0.71426,0.599
48.26,-0.67797,0.64008
48.32147,-0.69756,0.73804
48.38295,-0.53697,0.81971
48.44443,-0.81576,0.88904
48.50591,-0.77242,0.81377
48.56738,-0.67223,0.79553
48.62886,-0.69382,0.81632
48.69034,-0.64186,0.84384
48.75182,-0.71659,0.74232
48.8133,-0.49897,0.49983
48.87477,-0.80648,0.45642
48.93625,-0.623,0.72213
48.99773,-0.65614,0.76937
49.05921,-0.72787,0.66502
49.12068,-0.55962,0.61348
49.18216,-0.68821,0.80993
49.24364,-0.56474,0.81368
49.30512,-0.52077,0.78877
49.36659,-0.44634,0.5959
49.42807,-0.49823,0.48529
49.48955,-0.4175,0.44516
49.55103,-0.45574,0.53455
49.61251,-0.34948,0.3929
49.67398,-0.39014,0.4089
49.73546,-0.32817,0.31808
49.79694,-0.57484,0.46752
49.85842,-0.50345,0.5651
49.91989,-0.5792,0.50042
49.98137,-0.43247,0.42636
50.04285,-0.3273,0.27035
50.10433,-0.37248,0.31035
50.1658,-0.5083,0.42515
50.22728,-0.39691,0.60402
50.28876,-0.51023,0.53023
50.35024,-0.6628,0.7133
50.41172,-0.70801,0.76054
50.47319,-0.69319,0.57116
50.53467,-0.66447,0.72501
50.59615,-0.5425,0.75271
50.65763,-0.60979,0.54747
50.7191,-0.63841,0.6992
50.78058,-0.65759,0.64989
50.84206,-0.70252,0.83799
50.90354,-0.635,0.82435
50.96502,-0.7523,0.67591
51.02649,-0.59905,0.60317
51.08797,-0.65857,0.57645
51.14945,-0.57724,0.46447
51.21093,-0.35582,0.38852
51.2724,-0.54625,0.44357
51.33388,-0.44449,0.3747
51.39536,-0.46675,0.34412
51.45684,-0.40941,0.35079
51.51831,-0.4379,0.48749
51.57979,-0.68042,0.7438
51.64127,-0.51481,0.60022
51.70275,-0.40633,0.49689
51.76423,-0.27575,0.31057
51.8257,-0.38858,0.32779
51.88718,-0.51769,0.50191
51.94866,-0.63582,0.54982
52.01014,-0.39109,0.4862
52.07161,-0.35599,0.47178
52.13309,-0.34029,0.41631
52.19457,-0.51731,0.53957
52.25605,-0.54612,0.43832
52.31752,-0.51248,0.51279
52.379,-0.52137,0.45246
52.44048,-0.31773,0.39442
52.50196,-0.461,0.40346
52.56344,-0.5055,0.36822
52.62491,-0.45164,0.33969
52.68639,-0.4928,0.46053
52.74787,-0.66589,0.69606
52.80935,-0.89917,0.79538
52.87082,-0.77164,0.81556
52.9323,-0.75492,0.80274
52.99378,-0.72566,0.65738
53.05526,-0.6068,0.73242
53.11673,-0.74649,0.69655
53.17821,-0.76667,0.65211
53.23969,-0.7698,0.77633
53.30117,-0.56735,0.65483
53.36265,-0.75809,0.61781
53.42412,-0.55095,0.52467
53.4856,-0.6274,0.53566
53.54708,-0.53566,0.51858
53.60856,-0.55559,0.56002
53.67003,-0.62016,0.59148
53.73151,-0.59025,0.4037
53.79299,-0.51744,0.53955
53.85447,-0.50028,0.50206
53.91594,-0.44174,0.51498
53.97742,-0.74944,0.72053
54.0389,-0.47543,0.49172
54.10038,-0.46043,0.42592
54.16186,-0.39833,0.46246
54.22333,-0.39178,0.45952
54.28481,-0.42069,0.41317
54.34629,-0.44784,0.37782
54.40777,-0.44995,0.37854
54.46924,-0.4236,0.47835
54.53072,-0.33605,0.31874
54.5922,-0.649,0.56656
54.65368,-0.69083,0.64427
54.71515,-0.51024,0.58711
54.77663,-0.38827,0.52237
54.83811,-0.38011,0.32253
54.89959,-0.36403,0.33903
54.96107,-0.30133,0.31267
55.02254,-0.20581,0.20367
55.08402,-0.1446,0.13985
55.1455,-0.45717,0.4151
55.20698,-0.88289,0.84638
55.26845,-0.79838,0.77403
55.32993,-0.88422,0.72327
55.39141,-0.84258,0.6803
55.45289,-0.70571,0.57948
55.51437,-0.72166,0.49234
55.57584,-0.61151,0.38195
55.63732,-0.77765,0.5608
55.6988,-0.59796,0.49887
55.76028,-0.37736,0.29366
55.82175,-0.37813,0.2768
55.88323,-0.38436,0.26403
55.94471,-0.41006,0.29353
56.00619,-0.34046,0.25101
56.06766,-0.48913,0.51048
56.12914,-0.58366,0.45448
56.19062,-0.62158,0.42274
56.2521,-0.48479,0.34554
56.31358,-0.48182,0.35166
56.37505,-0.88106,0.8462
56.43653,-0.67605,0.46113
56.49801,-0.5524,0.4352
56.55949,-0.51697,0.40959
56.62096,-0.52684,0.40582
56.68244,-0.58251,0.69295
56.74392,-0.6721,0.58932
56.8054,-0.71441,0.6681
56.86687,-0.45834,0.5301
56.92835,-0.49422,0.5556
56.98983,-0.56806,0.55649
57.05131,-0.5144,0.44118
57.11279,-0.43832,0.49998
57.17426,-0.37315,0.46511
57.23574,-0.37466,0.48067
57.29722,-0.56343,0.53461
57.3587,-0.46056,0.44928
57.42017,-0.44111,0.41935
57.48165,-0.31575,0.35165
57.54313,-0.35692,0.43068
57.60461,-0.80069,0.71237
57.66608,-0.75166,0.70914
57.72756,-0.62508,0.69571
57.78904,-0.61921,0.69437
57.85052,-0.50157,0.6865
57.912,-0.7183,0.664
57.97347,-0.63134,0.53713
58.03495,-0.9351,0.87186
58.09643,-0.65691,0.76502
58.15791,-0.79561,0.72747
58.21938,-0.76252,0.64164
58.28086,-0.87854,0.69805
58.34234,-0.51661,0.77518
58.40382,-0.49006,0.51779
58.46529,-0.46998,0.44621
58.52677,-0.71242,0.70142
58.58825,-0.76112,0.73512
58.64973,-0.71195,0.64101
58.71121,-0.69601,0.7192
58.77268,-0.89867,0.81944
58.83416,-0.64411,0.77664
58.89564,-0.55136,0.67055
58.95712,-0.55845,0.71765
59.01859,-0.41776,0.62261
59.08007,-0.44559,0.70384
59.14155,-0.66375,0.85527
59.20303,-0.5243,0.69327
59.2645,-0.50587,0.71565
59.32598,-0.51275,0.589
59.38746,-0.72378,0.7854
59.44894,-0.73878,0.53097
59.51042,-0.34137,0.47361
59.57189,-0.34318,0.30555
59.63337,-0.39691,0.38093
59.69485,-0.41418,0.54332
59.75633,-0.49642,0.61664
59.8178,-0.57439,0.62399
59.87928,-0.49252,0.56065
59.94076,-0.41905,0.60872
60.00224,-0.82174,0.89303
60.06372,-0.88788,0.91264
60.12519,-0.67424,0.80807
60.18667,-0.79006,0.81098
60.24815,-0.77016,0.77141
60.30963,-0.6587,0.7144
60.3711,-0.62738,0.64016
60.43258,-0.92711,0.82218
60.49406,-0.6556,0.69711
60.55554,-0.53823,0.53305
60.61701,-0.60914,0.76156
60.67849,-0.79305,0.72851
60.73997,-0.34132,0.38521
60.80145,-0.33284,0.33696
60.86293,-0.70663,0.60021
60.9244,-0.76112,0.79648
60.98588,-0.72809,0.7256
61.04736,-0.63748,0.82165
61.10884,-0.63132,0.84549
61.17031,-0.8285,0.81491
61.23179,-0.64292,0.63557
61.29327,-0.61968,0.61277
61.35475,-0.54724,0.53477
61.41622,-0.6183,0.62324
61.4777,-0.71126,0.69393
61.53918,-0.59468,0.64362
61.60066,-0.56089,0.56346
61.66214,-0.43186,0.54596
61.72361,-0.52379,0.43926
61.78509,-0.64927,0.70161
61.84657,-0.58954,0.5865
61.90805,-0.57464,0.51792
61.96952,-0.45785,0.53819
62.031,-0.45828,0.52826
62.09248,-0.74027,0.58576
62.15396,-0.64926,0.64807
62.21543,-0.60165,0.60919
62.27691,-0.55618,0.43265
62.33839,-0.50418,0.47134
62.39987,-0.8747,0.87704
62.46135,-0.8794,0.78005
62.52282,-0.82597,0.75814
62.5843,-0.71386,0.73836
62.64578,-0.75365,0.72026
62.70726,-0.80242,0.77299
62.76873,-0.77351,0.76951
62.83021,-0.73953,0.71963
62.89169,-0.71274,0.65274
62.95317,-0.45644,0.62134
63.01464,-0.74803,0.70334
63.07612,-0.78895,0.70661
63.1376,-0.74059,0.71543
63.19908,-0.72433,0.57326
63.26056,-0.78405,0.70197
63.32203,-0.75646,0.61244
63.38351,-0.76966,0.67861
63.44499,-0.68293,0.70756
63.50647,-0.49494,0.47219
63.56794,-0.61185,0.67384
63.62942,-0.4516,0.4206
63.6909,-0.27808,0.19611
63.75238,-0.28794,0.17686
63.81385,-0.23402,0.18187
63.87533,-0.24323,0.3235
63.93681,-0.41353,0.52498
63.99829,-0.57835,0.47061
64.05977,-0.55515,0.56588
64.12124,-0.5855,0.55262
64.18272,-0.71001,0.76778
64.2442,-0.62174,0.48548
64.30568,-0.6254,0.50563
64.36715,-0.61898,0.51711
64.42863,-0.65644,0.4919
64.49011,-0.4981,0.56598
64.55159,-0.60341,0.61358
64.61307,-0.62286,0.59502
64.67454,-0.48934,0.53901
64.73602,-0.30897,0.30633
64.7975,-0.73212,0.67878
64.85898,-0.68246,0.60931
64.92045,-0.60637,0.61061
64.98193,-0.85588,0.7559
65.04341,-0.82584,0.76357
65.10489,-0.78931,0.58871
65.16636,-0.89268,0.65402
65.22784,-0.80574,0.76641
65.28932,-0.81492,0.80914
65.3508,-0.49225,0.68361
65.41228,-0.61462,0.67398
65.47375,-0.76408,0.81368
65.53523,-0.63913,0.67667
65.59671,-0.54886,0.60164
65.65819,-0.80076,0.67944
65.71966,-0.833,0.75223
65.78114,-0.92024,0.65668
65.84262,-0.78039,0.81851
65.9041,-0.84599,0.81287
65.96557,-0.82861,0.69726
66.02705,-0.71644,0.66438
66.08853,-0.65923,0.68898
66.15001,-0.70894,0.58952
66.21149,-0.63788,0.65115
66.27296,-0.78782,0.63437
66.33444,-0.55362,0.50681
66.39592,-0.74358,0.57478
66.4574,-0.73521,0.55491
66.51887,-0.71632,0.51436
66.58035,-0.79494,0.68761
66.64183,-0.56275,0.5728
66.70331,-0.53329,0.52302
66.76478,-0.83262,0.58839
66.82626,-0.70036,0.56962
66.88774,-0.5991,0.46296
66.94922,-0.81448,0.53603
67.0107,-0.60623,0.54687
67.07217,-0.67214,0.55968
67.13365,-0.5095,0.57042
67.19513,-0.78237,0.75549
67.25661,-0.74861,0.70092
67.31808,-0.62248,0.64086
67.37956,-0.68154,0.6244
67.44104,-0.52964,0.63723
67.50252,-0.71788,0.66186
67.56399,-0.67952,0.57297
67.62547,-0.89392,0.79065
67.68695,-0.8862,0.83141
67.74843,-0.82111,0.75351
67.80991,-0.78683,0.73796
67.87138,-0.70592,0.71156
67.93286,-0.68415,0.60416
67.99434,-0.50083,0.54523
68.05582,-0.53851,0.50411
68.11729,-0.51344,0.55821
68.17877,-0.36597,0.46189
68.24025,-0.46582,0.33816
68.30173,-0.33112,0.32832
68.3632,-0.80321,0.77465
68.42468,-0.46187,0.48389
68.48616,-0.26449,0.33146
68.54764,-0.29812,0.2275
68.60912,-0.21957,0.21556
68.67059,-0.25977,0.23011
68.73207,-0.20336,0.20507
68.79355,-0.25394,0.25794
68.85503,-0.57518,0.47553
68.9165,-0.3163,0.34476
68.97798,-0.41683,0.42886
69.03946,-0.71486,0.59419
69.10094,-0.68047,0.67025
69.16241,-0.69561,0.50969
69.22389,-0.6024,0.5591
69.28537,-0.6519,0.67853
69.34685,-0.55554,0.46804
69.40833,-0.52558,0.44728
69.4698,-0.29153,0.33765
69.53128,-0.26042,0.2596
69.59276,-0.57548,0.87715
69.65424,-0.65953,0.89698
69.71571,-0.73247,0.80833
69.77719,-0.67653,0.70535
69.83867,-0.60921,0.55775
69.90015,-0.59168,0.64356
69.96163,-0.53087,0.58878
70.0231,-0.77725,0.59089
70.08458,-0.62726,0.57809
70.14606,-0.7283,0.6517
70.20754,-0.82803,0.55695
70.26901,-0.82254,0.4788
70.33049,-0.77835,0.58049
70.39197,-0.7518,0.64513
70.45345,-0.69823,0.66658
70.51492,-0.59767,0.56914
70.5764,-0.60237,0.551
70.63788,-0.54344,0.46045
70.69936,-0.52785,0.43954
70.76084,-0.69751,0.65978
70.82231,-0.38851,0.33642
70.88379,-0.24001,0.23296
70.94527,-0.19785,0.23393
71.00675,-0.21396,0.22663
71.06822,-0.25535,0.27655
71.1297,-0.24586,0.22726
71.19118,-0.24186,0.26224
71.25266,-0.40981,0.42468
71.31413,-0.43963,0.47015
71.37561,-0.60831,0.67497
71.43709,-0.59982,0.50483
71.49857,-0.61679,0.48957
71.56005,-0.71107,0.53281
71.62152,-0.40093,0.53019
71.683,-0.41658,0.67603
71.74448,-0.45071,0.46294
71.80596,-0.59288,0.49158
71.86743,-0.59159,0.45182
71.92891,-0.56662,0.40273
71.99039,-0.95752,0.93053
72.05187,-0.92771,0.92504
72.11334,-0.77182,0.87909
72.17482,-0.83526,0.89908
72.2363,-0.90796,0.89639
72.29778,-0.94803,0.88827
72.35926,-0.71301,0.6459
72.42073,-0.92592,0.87021
72.48221,-0.70547,0.75554
72.54369,-0.66383,0.62391
72.60517,-0.50968,0.47623
72.66664,-0.4679,0.3903
72.72812,-0.33946,0.2781
72.7896,-0.31728,0.30507
72.85108,-0.5666,0.48955
72.91255,-0.3624,0.45356
72.97403,-0.30944,0.30551
73.03551,-0.32035,0.27495
73.09699,-0.25709,0.31638
73.15847,-0.68024,0.78984
73.21994,-0.74364,0.46827
73.28142,-0.35786,0.27259
73.3429,-0.19749,0.19057
73.40438,-0.19048,0.18679
73.46585,-0.25478,0.22199
73.52733,-0.25623,0.30351
73.58881,-0.23078,0.21483
73.65029,-0.20221,0.26123
73.71176,-0.21061,0.22028
73.77324,-0.59599,0.63496
73.83472,-0.80608,0.5013
73.8962,-0.64793,0.62006
73.95768,-0.57257,0.62275
74.01915,-0.58962,0.48842
74.08063,-0.48813,0.53465
74.14211,-0.58965,0.59314
74.20359,-0.47939,0.4652
74.26506,-0.41313,0.41925
74.32654,-0.42752,0.47439
74.38802,-0.80483,0.86299
74.4495,-0.90367,0.76564
74.51098,-0.93678,0.76433
74.57245,-0.90516,0.81325
74.63393,-0.86149,0.79879
74.69541,-0.81506,0.78152
74.75689,-0.81183,0.75988
74.81836,-0.86621,0.64637
74.87984,-0.76325,0.69836
74.94132,-0.49749,0.39056
75.0028,-0.3344,0.36015
75.06427,-0.24415,0.32856
75.12575,-0.21478,0.20006
75.18723,-0.21313,0.19717
75.24871,-0.45755,0.39417
75.31019,-0.45383,0.34932
75.37166,-0.26991,0.3453
75.43314,-0.19022,0.23394
75.49462,-0.1779,0.20649
75.5561,-0.81878,0.75946
75.61757,-0.42438,0.45681
75.67905,-0.24935,0.19422
75.74053,-0.17775,0.20617
75.80201,-0.14088,0.18757
75.86348,-0.13616,0.15016
75.92496,-0.15701,0.17701
75.98644,-0.15238,0.14609
76.04792,-0.13862,0.12341
76.1094,-0.18212,0.19001
76.17087,-0.39508,0.39216
76.23235,-0.51044,0.56697
76.29383,-0.507,0.48128
76.35531,-0.45088,0.53882
76.41678,-0.42553,0.54508
76.47826,-0.54507,0.50408
76.53974,-0.50238,0.5206
76.60122,-0.42295,0.54172
76.66269,-0.52548,0.40452
76.72417,-0.41064,0.45874
76.78565,-0.79705,0.86785
76.84713,-0.80394,0.93404
76.90861,-0.75291,0.90299
76.97008,-0.93732,0.8688
77.03156,-0.82493,0.86792
77.09304,-0.86926,0.85732
77.15452,-0.86848,0.90451
77.21599,-0.85375,0.922
77.27747,-0.89421,0.88321
77.33895,-0.9006,0.93418
77.40043,-0.90739,0.95004
77.4619,-0.87662,0.89239
77.52338,-0.78191,0.8566
77.58486,-0.80298,0.71431
77.64634,-0.80214,0.88438
77.70782,-0.87959,0.87983
77.76929,-0.68785,0.72903
77.83077,-0.63724,0.71955
77.89225,-0.5516,0.78469
77.95373,-0.82638,0.92226
78.0152,-0.80185,0.82801
78.07668,-0.90175,0.74546
78.13816,-0.81957,0.83476
78.19964,-0.63737,0.58801
78.26111,-0.62976,0.61398
78.32259,-0.92425,0.9009
78.38407,-0.93108,0.89671
78.44555,-0.93452,0.9096
78.50703,-0.92731,0.89345
78.5685,-0.95197,0.9021
78.62998,-0.90516,0.90257
78.69146,-0.90178,0.85652
78.75294,-0.90684,0.75131
78.81441,-0.87135,0.80658
78.87589,-0.84672,0.83842
78.93737,-0.80977,0.78334
78.99885,-0.73365,0.81348
79.06033,-0.66223,0.71555
79.1218,-0.73567,0.81329
79.18328,-0.84144,0.85284
79.24476,-0.88696,0.78764
79.30624,-0.73261,0.71607
79.36771,-0.69987,0.62541
79.42919,-0.66269,0.53348
79.49067,-0.74252,0.67275
79.55215,-0.80162,0.74867
79.61362,-0.83954,0.80261
79.6751,-0.89898,0.87236
79.73658,-0.74028,0.83689
79.79806,-0.68761,0.933
79.85954,-0.87767,0.94181
79.92101,-0.79002,0.83392
79.98249,-0.75836,0.86919
80.04397,-0.60729,0.84111
80.10545,-0.84698,0.89487
80.16692,-0.92964,0.86614
80.2284,-0.80492,0.94861
80.28988,-0.93123,0.87062
80.35136,-0.82071,0.86588
80.41283,-0.85874,0.75358
80.47431,-0.85609,0.71751
80.53579,-0.87889,0.91875
80.59727,-0.92577,0.77725
80.65875,-0.88911,0.70025
80.72022,-0.79749,0.76303
80.7817,-0.9404,0.85249
80.84318,-0.87398,0.75927
80.90466,-0.85584,0.72395
80.96613,-0.85269,0.78469
81.02761,-0.90328,0.78607
81.08909,-0.7907,0.78969
81.15057,-0.86738,0.77986
81.21204,-0.88387,0.71858
81.27352,-0.79717,0.80999
81.335,-0.71463,0.81622
81.39648,-0.85707,0.89488
81.45796,-0.71973,0.73133
81.51943,-0.70579,0.55259
81.58091,-0.86612,0.8985
81.64239,-0.83594,0.92571
81.70387,-0.94665,0.90474
81.76534,-0.95625,0.92525
81.82682,-0.941,0.86771
81.8883,-0.93801,0.88349
81.94978,-0.92146,0.83294
82.01125,-0.92964,0.77433
82.07273,-0.77903,0.70182
82.13421,-0.85953,0.73976
82.19569,-0.89101,0.84445
82.25717,-0.86366,0.83038
82.31864,-0.83478,0.86212
82.38012,-0.70941,0.80019
82.4416,-0.86339,0.61727
82.50308,-0.83675,0.77681
82.56455,-0.96011,0.76558
82.62603,-0.89837,0.83081
82.68751,-0.74853,0.85683
82.74899,-0.76404,0.80392
82.81046,-0.8427,0.81347
82.87194,-0.89129,0.72288
82.93342,-0.64743,0.76765
82.9949,-0.55039,0.74926
83.05638,-0.76125,0.57404
83.11785,-0.81445,0.81546
83.17933,-0.66579,0.68704
83.24081,-0.77902,0.84063
83.30229,-0.7761,0.82113
83.36376,-0.85811,0.93906
83.42524,-0.94008,0.92118
83.48672,-0.92464,0.87767
83.5482,-0.88975,0.8203
83.60967,-0.81563,0.9165
83.67115,-0.83306,0.75661
83.73263,-0.82877,0.82515
83.79411,-0.72001,0.73191
83.85559,-0.73097,0.80061
83.91706,-0.5479,0.68351
83.97854,-0.79775,0.83349
84.04002,-0.89072,0.77696
84.1015,-0.88712,0.89036
84.16297,-0.7212,0.81294
84.22445,-0.84485,0.74088
84.28593,-0.93684,0.86853
84.34741,-0.92178,0.78784
84.40889,-0.84133,0.83083
84.47036,-0.6952,0.89481
84.53184,-0.65775,0.80057
84.59332,-0.8927,0.90631
84.6548,-0.93742,0.74453
84.71627,-0.88691,0.69346
84.77775,-0.8867,0.77241
84.83923,-0.81035,0.79387
84.90071,-0.83858,0.79487
84.96218,-0.7725,0.72186
85.02366,-0.80989,0.69798
85.08514,-0.87377,0.80468
85.14662,-0.77251,0.95878
85.2081,-0.9432,0.90039
85.26957,-0.86179,0.78984
85.33105,-0.9189,0.59653
85.39253,-0.88713,0.60218
85.45401,-0.8075,0.68444
85.51548,-0.87269,0.76061
85.57696,-0.7593,0.7504
85.63844,-0.52612,0.71728
85.69992,-0.46274,0.527
85.76139,-0.47964,0.54511
85.82287,-0.81606,0.76112
85.88435,-0.67207,0.6025
85.94583,-0.69093,0.60081
86.00731,-0.61542,0.63207
86.06878,-0.67729,0.72649
86.13026,-0.68731,0.63223
86.19174,-0.53967,0.56204
86.25322,-0.45261,0.48787
86.31469,-0.37774,0.42907
86.37617,-0.84711,0.88118
86.43765,-0.90462,0.94799
86.49913,-0.87284,0.83847
86.5606,-0.90586,0.85553
86.62208,-0.89125,0.81694
86.68356,-0.88475,0.88562
86.74504,-0.85599,0.87727
86.80652,-0.92589,0.89201
86.86799,-0.90314,0.92313
86.92947,-0.8403,0.79551
86.99095,-0.92221,0.84355
87.05243,-0.89789,0.88632
87.1139,-0.88082,0.8274
87.17538,-0.85333,0.85399
87.23686,-0.84323,0.90642
87.29834,-0.8155,0.85146
87.35981,-0.76371,0.68851
87.42129,-0.5822,0.6797
87.48277,-0.71082,0.72821
87.54425,-0.85011,0.65148
87.60573,-0.80017,0.95144
87.6672,-0.79911,0.90956
87.72868,-0.80141,0.90129
87.79016,-0.76945,0.56182
87.85164,-0.56763,0.68608
87.91311,-0.90021,0.88125
87.97459,-0.87528,0.82147
88.03607,-0.73687,0.67783
88.09755,-0.70266,0.67553
88.15902,-0.89678,0.71644
88.2205,-0.87949,0.85182
88.28198,-0.88998,0.81418
88.34346,-0.82972,0.69602
88.40494,-0.75811,0.68616
88.46641,-0.83553,0.70579
88.52789,-0.73784,0.759
88.58937,-0.78204,0.85799
88.65085,-0.71974,0.84021
88.71232,-0.66846,0.81735
88.7738,-0.82368,0.83204
88.83528,-0.77045,0.73237
88.89676,-0.62165,0.54559
88.95824,-0.624,0.63239
89.01971,-0.58512,0.65513
89.08119,-0.83246,0.90261
89.14267,-0.8555,0.82646
89.20415,-0.72135,0.73793
89.26562,-0.80275,0.83598
89.3271,-0.89206,0.81915
89.38858,-0.871,0.79613
89.45006,-0.87565,0.90121
89.51153,-0.9248,0.9422
89.57301,-0.79102,0.86803
89.63449,-0.78719,0.87552
89.69597,-0.89716,0.93081
89.75745,-0.903,0.91943
89.81892,-0.92032,0.88255
89.8804,-0.84846,0.82453
89.94188,-0.85612,0.78347
90.00336,-0.90227,0.80896
90.06483,-0.94806,0.88547
90.12631,-0.5712,0.66449
90.18779,-0.83213,0.72414
90.24927,-0.80079,0.74377
90.31074,-0.92934,0.72496
90.37222,-0.90409,0.78225
90.4337,-0.84152,0.81621
90.49518,-0.87559,0.77478
90.55666,-0.88004,0.81107
90.61813,-0.83891,0.79226
90.67961,-0.85879,0.72504
90.74109,-0.8918,0.71818
90.80257,-0.87223,0.55911
90.86404,-0.68846,0.67495
90.92552,-0.81346,0.79958
90.987,-0.83391,0.79099
91.04848,-0.83619,0.67798
91.10995,-0.92042,0.63441
91.17143,-0.90265,0.79064
91.23291,-0.95463,0.90807
91.29439,-0.94595,0.87422
91.35587,-0.81362,0.8682
91.41734,-0.8612,0.81189
91.47882,-0.84634,0.86594
91.5403,-0.87635,0.83826
91.60178,-0.92947,0.79444
91.66325,-0.66617,0.71186
91.72473,-0.75948,0.86027
91.78621,-0.81867,0.88711
91.84769,-0.91471,0.93574
91.90916,-0.91432,0.90727
91.97064,-0.91727,0.8676
92.03212,-0.88557,0.74737
92.0936,-0.84775,0.74566
92.15508,-0.82622,0.65041
92.21655,-0.78169,0.61677
92.27803,-0.64208,0.59478
92.33951,-0.76265,0.62709
92.40099,-0.8655,0.92466
92.46246,-0.87053,0.95303
92.52394,-0.76857,0.72992
92.58542,-0.79671,0.73739
92.6469,-0.5813,0.79109
92.70837,-0.88589,0.88858
92.76985,-0.91108,0.7734
92.83133,-0.82283,0.86023
92.89281,-0.68615,0.84477
92.95429,-0.89615,0.92197
93.01576,-0.92271,0.86685
93.07724,-0.92574,0.87621
93.13872,-0.9183,0.81695
93.2002,-0.85576,0.83522
93.26167,-0.72893,0.55509
93.32315,-0.6203,0.63176
93.38463,-0.67281,0.57135
93.44611,-0.47521,0.54064
93.50759,-0.53961,0.60772
93.56906,-0.72217,0.61924
93.63054,-0.8173,0.87597
93.69202,-0.95826,0.84014
93.7535,-0.80513,0.83468
93.81497,-0.92641,0.92589
93.87645,-0.92845,0.82701
93.93793,-0.89695,0.89351
93.99941,-0.92645,0.78313
94.06088,-0.80168,0.66447
94.12236,-0.76095,0.63786
94.18384,-0.85796,0.57399
94.24532,-0.80749,0.81548
94.3068,-0.85346,0.72757
94.36827,-0.87885,0.6994
94.42975,-0.89084,0.68079
94.49123,-0.89084,0.73327
94.55271,-0.94176,0.70447
94.61418,-0.84747,0.75308
94.67566,-0.82367,0.74219
94.73714,-0.79495,0.72798
94.79862,-0.92138,0.80219
94.86009,-0.76049,0.82363
94.92157,-0.71191,0.72986
94.98305,-0.57777,0.66778
95.04453,-0.58971,0.66818
95.10601,-0.87524,0.88072
95.16748,-0.74291,0.91428
95.22896,-0.80637,0.79605
95.29044,-0.72082,0.85512
95.35192,-0.76376,0.77629
95.41339,-0.84366,0.82649
95.47487,-0.80018,0.63488
95.53635,-0.79181,0.83189
95.59783,-0.84128,0.73161
95.6593,-0.84418,0.78674
95.72078,-0.88026,0.84877
95.78226,-0.56276,0.76432
95.84374,-0.75655,0.76892
95.90522,-0.75449,0.78394
95.96669,-0.70725,0.69974
96.02817,-0.69137,0.57866
96.08965,-0.67377,0.70386
96.15113,-0.59074,0.64265
96.2126,-0.63241,0.57823
96.27408,-0.49261,0.40696
96.33556,-0.55519,0.51717
96.39704,-0.50054,0.50383
96.45851,-0.79988,0.79159
96.51999,-0.75603,0.66248
96.58147,-0.47971,0.45233
96.64295,-0.40612,0.46155
96.70443,-0.30366,0.48831
96.7659,-0.3603,0.34177
96.82738,-0.34806,0.34162
96.88886,-0.39047,0.33948
96.95034,-0.4469,0.34996
97.01181,-0.44553,0.35859
97.07329,-0.37485,0.39048
97.13477,-0.34774,0.39891
97.19625,-0.77593,0.72562
97.25772,-0.31582,0.2646
97.3192,-0.25116,0.23866
97.38068,-0.2606,0.18431
97.44216,-0.23923,0.19756
97.50364,-0.32706,0.2458
97.56511,-0.24871,0.21305
97.62659,-0.3131,0.23019
97.68807,-0.342,0.22909
97.74955,-0.34986,0.18833
97.81102,-0.42278,0.22417
97.8725,-0.44294,0.28178
97.93398,-0.30875,0.25424
97.99546,-0.24119,0.19891
98.05693,-0.20491,0.13657
98.11841,-0.37209,0.2572
98.17989,-0.39,0.17332
98.24137,-0.30726,0.16875
98.30285,-0.28222,0.15758
98.36432,-0.42336,0.43001
98.4258,-0.5653,0.55205
98.48728,-0.5714,0.41614
98.54876,-0.46491,0.44695
98.61023,-0.45553,0.40458
98.67171,-0.38826,0.3339
98.73319,-0.52649,0.31532
98.79467,-0.30822,0.24886
98.85615,-0.4785,0.4702
98.91762,-0.4613,0.43835
98.9791,-0.53057,0.35349
99.04058,-0.42657,0.40248
99.10206,-0.51901,0.56975
99.16353,-0.42737,0.37149
99.22501,-0.51854,0.34819
99.28649,-0.53079,0.39272
99.34797,-0.39779,0.29388
99.40944,-0.35371,0.25335
99.47092,-0.35547,0.2226
99.5324,-0.31109,0.42559
99.59388,-0.55546,0.46484
99.65536,-0.12266,0.0759
99.71683,-0.10041,0.07711
99.77831,-0.10754,0.03993
99.83979,-0.17582,0.16296
99.90127,-0.1816,0.12732
99.96274,-0.37117,0.26247
100.02422,-0.33054,0.24528
100.0857,-0.38585,0.25327
100.14718,-0.34574,0.23682
100.20865,-0.37384,0.278
100.27013,-0.40235,0.25239
100.33161,-0.51482,0.21786
100.39309,-0.41359,0.20999
100.45457,-0.40389,0.17788
100.51604,-0.31976,0.34888
100.57752,-0.2652,0.33986
100.639,-0.17093,0.10495
100.70048,-0.10495,0.0472
100.76195,-0.77891,0.75221
100.82343,-0.93212,0.82768
100.88491,-0.79309,0.76324
100.94639,-0.6785,0.77182
101.00786,-0.88178,0.79551
101.06934,-0.79959,0.68406
101.13082,-0.7825,0.58245
101.1923,-0.84032,0.599
101.25378,-0.62538,0.72942
101.31525,-0.54769,0.50513
101.37673,-0.59763,0.40991
101.43821,-0.7152,0.52004
101.49969,-0.65349,0.46218
101.56116,-0.44001,0.38231
101.62264,-0.3752,0.28419
101.68412,-0.50057,0.61603
101.7456,-0.51094,0.48072
101.80707,-0.30304,0.36014
101.86855,-0.29406,0.24846
101.93003,-0.26857,0.26277
101.99151,-0.70608,0.57697
102.05299,-0.59511,0.45454
102.11446,-0.45947,0.39255
102.17594,-0.54042,0.38375
102.23742,-0.47648,0.31606
102.2989,-0.45217,0.34355
102.36037,-0.34379,0.3901
102.42185,-0.31577,0.3284
102.48333,-0.2579,0.29919
102.54481,-0.25451,0.23572
102.60628,-0.35527,0.35256
102.66776,-0.42246,0.31386
102.72924,-0.37247,0.27537
102.79072,-0.3941,0.30408
102.8522,-0.43101,0.24226
102.91367,-0.27269,0.28116
102.97515,-0.26463,0.33929
103.03663,-0.22221,0.1537
103.09811,-0.18983,0.25434
103.15958,-0.45352,0.51027
103.22106,-0.54659,0.5204
103.28254,-0.72839,0.48649
103.34402,-0.69173,0.44619
103.4055,-0.65214,0.49041
103.46697,-0.55649,0.4239
103.52845,-0.51385,0.33394
103.58993,-0.63699,0.4053
103.65141,-0.51807,0.44982
103.71288,-0.40997,0.40473
103.77436,-0.41851,0.45205
103.83584,-0.44234,0.32836
103.89732,-0.4616,0.36579
103.95879,-0.45611,0.32316
104.02027,-0.52369,0.31986
104.08175,-0.61867,0.51284
104.14323,-0.49612,0.34374
104.20471,-0.36395,0.30295
104.26618,-0.31101,0.24041
104.32766,-0.39565,0.23266
104.38914,-0.79426,0.75461
104.45062,-0.21716,0.20637
104.51209,-0.17063,0.13973
104.57357,-0.09404,0.0559
104.63505,-0.06728,0.05545
104.69653,-0.39428,0.27796
104.758,-0.34741,0.29905
104.81948,-0.27308,0.28281
104.88096,-0.32975,0.33873
104.94244,-0.28218,0.27984
105.00392,-0.30216,0.36441
105.06539,-0.3159,0.26477
105.12687,-0.25231,0.33732
105.18835,-0.30798,0.30263
105.24983,-0.32065,0.29103
105.3113,-0.40103,0.44392
105.37278,-0.34872,0.39717
105.43426,-0.29981,0.32091
105.49574,-0.28983,0.22894
105.55721,-0.67893,0.57988
105.61869,-0.778,0.55497
105.68017,-0.54232,0.61841
105.74165,-0.62064,0.50471
105.80313,-0.54627,0.56135
105.8646,-0.51408,0.5019
105.92608,-0.50728,0.51588
105.98756,-0.47326,0.52469
106.04904,-0.87119,0.77501
106.11051,-0.55203,0.67203
106.17199,-0.49188,0.55306
106.23347,-0.60249,0.68425
106.29495,-0.6495,0.61978
106.35642,-0.52332,0.55645
106.4179,-0.52165,0.49613
106.47938,-0.50403,0.37476
106.54086,-0.45871,0.39969
106.60234,-0.45326,0.45088
106.66381,-0.34223,0.36046
106.72529,-0.44834,0.4449
106.78677,-0.75601,0.63585
106.84825,-0.60494,0.44932
106.90972,-0.43164,0.32261
106.9712,-0.40935,0.38025
107.03268,-0.3659,0.38847
107.09416,-0.51236,0.46324
107.15563,-0.51346,0.42776
107.21711,-0.51173,0.46641
107.27859,-0.39403,0.41918
107.34007,-0.40987,0.45871
107.40155,-0.52642,0.46588
107.46302,-0.68054,0.66425
107.5245,-0.67405,0.67798
107.58598,-0.63292,0.60015
107.64746,-0.55211,0.48173
107.70893,-0.4258,0.46653
107.77041,-0.51486,0.44045
107.83189,-0.51178,0.4219
107.89337,-0.48483,0.45931
107.95485,-0.7247,0.62938
108.01632,-0.72108,0.71173
108.0778,-0.79244,0.65522
108.13928,-0.68153,0.66607
108.20076,-0.62229,0.48777
108.26223,-0.52216,0.51003
108.32371,-0.47809,0.50396
108.38519,-0.44834,0.46061
108.44667,-0.46837,0.56551
108.50814,-0.45934,0.45777
108.56962,-0.43323,0.47708
108.6311,-0.62081,0.55349
108.69258,-0.67836,0.51568
108.75406,-0.6545,0.52086
108.81553,-0.63778,0.44133
108.87701,-0.5642,0.61758
108.93849,-0.66012,0.66527
108.99997,-0.55511,0.64247
109.06144,-0.42663,0.52677
109.12292,-0.29509,0.36968
109.1844,-0.6857,0.57386
109.24588,-0.45878,0.3097
109.30735,-0.25669,0.24529
109.36883,-0.32602,0.28984
109.43031,-0.27945,0.25786
109.49179,-0.27478,0.30832
109.55327,-0.23263,0.2465
109.61474,-0.30889,0.24414
109.67622,-0.26102,0.30071
109.7377,-0.36667,0.33611
109.79918,-0.45775,0.48474
109.86065,-0.43763,0.41019
109.92213,-0.40251,0.374
109.98361,-0.38398,0.40442
110.04509,-0.44065,0.31179
110.10656,-0.41904,0.35071
110.16804,-0.44017,0.36214
110.22952,-0.39416,0.39906
110.291,-0.42533,0.37052
110.35248,-0.62382,0.5005
110.41395,-0.89127,0.80781
110.47543,-0.69086,0.74087
110.53691,-0.51581,0.63207
110.59839,-0.4852,0.51187
110.65986,-0.42718,0.47186
110.72134,-0.48179,0.44537
110.78282,-0.59824,0.43281
110.8443,-0.66015,0.75789
110.90577,-0.56488,0.70538
110.96725,-0.59932,0.58006
111.02873,-0.64783,0.42325
111.09021,-0.36667,0.50292
111.15169,-0.32466,0.3508
111.21316,-0.56153,0.52623
111.27464,-0.57043,0.46212
111.33612,-0.56471,0.6388
111.3976,-0.62321,0.51941
111.45907,-0.6175,0.49759
111.52055,-0.64028,0.59802
111.58203,-0.6981,0.79828
111.64351,-0.54297,0.6093
111.70498,-0.5533,0.42659
111.76646,-0.48987,0.50209
111.82794,-0.36192,0.2386
111.88942,-0.35449,0.28931
111.9509,-0.38269,0.30344
112.01237,-0.31062,0.27279
112.07385,-0.31003,0.30238
112.13533,-0.32367,0.33916
112.19681,-0.47099,0.4206
112.25828,-0.47431,0.37902
112.31976,-0.4132,0.35247
112.38124,-0.27012,0.31282
112.44272,-0.31012,0.36889
112.5042,-0.25839,0.23363
112.56567,-0.21724,0.22142
112.62715,-0.24727,0.17916
112.68863,-0.20887,0.18444
112.75011,-0.24531,0.23046
112.81158,-0.49027,0.55929
112.87306,-0.47421,0.41089
112.93454,-0.4565,0.42138
112.99602,-0.38945,0.42021
113.05749,-0.37056,0.31222
113.11897,-0.36377,0.29331
113.18045,-0.25149,0.28088
113.24193,-0.38233,0.54159
113.30341,-0.26122,0.30259
113.36488,-0.24652,0.29913
113.42636,-0.23544,0.29678
113.48784,-0.23124,0.26317
113.54932,-0.38339,0.3848
113.61079,-0.40583,0.39719
113.67227,-0.60645,0.52752
113.73375,-0.52184,0.54319
113.79523,-0.42772,0.40411
113.8567,-0.37196,0.3888
113.91818,-0.35465,0.36047
113.97966,-0.51556,0.58305
114.04114,-0.21679,0.19136
114.10262,-0.15872,0.13825
114.16409,-0.10093,0.11065
114.22557,-0.30462,0.32922
114.28705,-0.22211,0.21545
114.34853,-0.67685,0.48787
114.41,-0.71802,0.41092
114.47148,-0.7043,0.50881
114.53296,-0.59317,0.48449
114.59444,-0.66542,0.75514
114.65591,-0.68532,0.54369
114.71739,-0.37993,0.45054
114.77887,-0.37948,0.41934
114.84035,-0.31476,0.29947
114.90183,-0.54855,0.48152
114.9633,-0.49359,0.42051
115.02478,-0.50282,0.3915
115.08626,-0.52354,0.3889
115.14774,-0.55448,0.72916
115.20921,-0.92582,0.63437
115.27069,-0.86045,0.65275
115.33217,-0.8848,0.70658
115.39365,-0.70936,0.6856
115.45512,-0.79397,0.64256
115.5166,-0.78444,0.63529
115.57808,-0.85478,0.62798
115.63956,-0.94096,0.86829
115.70104,-0.78179,0.8125
115.76251,-0.77452,0.79317
115.82399,-0.78326,0.71546
115.88547,-0.85395,0.64322
115.94695,-0.82973,0.69432
116.00842,-0.82794,0.66772
116.0699,-0.8805,0.57259
116.13138,-0.89034,0.55316
116.19286,-0.80158,0.59713
116.25433,-0.71481,0.659
116.31581,-0.58844,0.59284
116.37729,-0.79814,0.71338
116.43877,-0.61413,0.54305
116.50025,-0.44327,0.36205
116.56172,-0.38431,0.23893
116.6232,-0.21558,0.17951
116.68468,-0.31681,0.28313
116.74616,-0.41888,0.33593
116.80763,-0.40314,0.43016
116.86911,-0.37348,0.39456
116.93059,-0.35385,0.28175
116.99207,-0.44055,0.47564
117.05354,-0.50296,0.61131
117.11502,-0.5816,0.6169
117.1765,-0.54618,0.55159
117.23798,-0.48244,0.47238
117.29946,-0.42737,0.52255
117.36093,-0.56051,0.55031
117.42241,-0.56158,0.60535
117.48389,-0.50174,0.56209
117.54537,-0.69028,0.51084
117.60684,-0.82046,0.84493
117.66832,-0.81658,0.86061
117.7298,-0.81098,0.85044
117.79128,-0.82983,0.7561
117.85276,-0.7463,0.6124
117.91423,-0.89909,0.67291
117.97571,-0.89626,0.69452
118.03719,-0.86125,0.69128
118.09867,-0.93909,0.74283
118.16014,-0.88823,0.86627
118.22162,-0.82914,0.74376
118.2831,-0.69768,0.59097
118.34458,-0.49609,0.5776
118.40605,-0.53929,0.63954
118.46753,-0.7646,0.7752
118.52901,-0.92716,0.77543
118.59049,-0.89591,0.70586
118.65197,-0.82453,0.58899
118.71344,-0.78478,0.57277
118.77492,-0.80609,0.72751
118.8364,-0.40628,0.4461
118.89788,-0.4121,0.29982
118.95935,-0.27894,0.33616
119.02083,-0.21749,0.29485
119.08231,-0.39319,0.47602
119.14379,-0.37736,0.36058
119.20526,-0.56812,0.54154
119.26674,-0.54595,0.57978
119.32822,-0.4792,0.55122
119.3897,-0.58344,0.57902
119.45118,-0.63291,0.50316
119.51265,-0.82816,0.5141
119.57413,-0.72932,0.56608
119.63561,-0.71815,0.47394
119.69709,-0.67764,0.39763
119.75856,-0.70345,0.50749
119.82004,-0.63161,0.49164
119.88152,-0.52768,0.48947
119.943,-0.55446,0.45334
120.00447,-0.87423,0.85543
120.06595,-0.95397,0.92576
120.12743,-0.92903,0.8968
120.18891,-0.89528,0.68766
120.25039,-0.93285,0.65632
120.31186,-0.84788,0.64473
120.37334,-0.83253,0.89404
120.43482,-0.91136,0.93873
120.4963,-0.83964,0.77355
120.55777,-0.77832,0.63497
120.61925,-0.81703,0.72279
120.68073,-0.77373,0.68402
120.74221,-0.66168,0.63709
120.80368,-0.46486,0.39759
120.86516,-0.64145,0.50424
120.92664,-0.66679,0.53476
120.98812,-0.75171,0.51819
121.0496,-0.84106,0.46229
121.11107,-0.80249,0.55836
121.17255,-0.85403,0.94126
121.23403,-0.88627,0.6213
121.29551,-0.67985,0.62271
121.35698,-0.58924,0.57201
121.41846,-0.44943,0.56795
121.47994,-0.46711,0.47693
121.54142,-0.68848,0.53172
121.60289,-0.62793,0.56423
121.66437,-0.68682,0.48171
121.72585,-0.51034,0.41468
121.78733,-0.76221,0.5672
121.84881,-0.67724,0.51363
121.91028,-0.62942,0.54289
121.97176,-0.64348,0.4492
122.03324,-0.38055,0.41452
122.09472,-0.50358,0.58174
122.15619,-0.50304,0.42406
122.21767,-0.50404,0.47635
122.27915,-0.4899,0.59588
122.34063,-0.60662,0.616
122.40211,-0.94311,0.89852
122.46358,-0.93051,0.79408
122.52506,-0.82934,0.79191
122.58654,-0.84136,0.8049
122.64802,-0.92573,0.7377
122.70949,-0.77343,0.63218
122.77097,-0.81858,0.72262
122.83245,-0.81868,0.78652
122.89393,-0.81366,0.7095
122.9554,-0.73262,0.64662
123.01688,-0.70566,0.39909
123.07836,-0.60813,0.44333
123.13984,-0.49625,0.43031
123.20132,-0.39823,0.46765
123.26279,-0.37258,0.46363
123.32427,-0.65032,0.7566
123.38575,-0.57988,0.57982
123.44723,-0.6495,0.62482
123.5087,-0.56201,0.57357
123.57018,-0.81773,0.85511
123.63166,-0.54562,0.73522
123.69314,-0.48475,0.6481
123.75461,-0.46974,0.34275
123.81609,-0.43625,0.51397
123.87757,-0.49029,0.48935
123.93905,-0.66209,0.55466
124.00053,-0.64943,0.59736
124.062,-0.42882,0.51409
124.12348,-0.48944,0.58204
124.18496,-0.5459,0.60004
124.24644,-0.61163,0.60014
124.30791,-0.48206,0.53768
124.36939,-0.4119,0.53374
124.43087,-0.39438,0.56021
124.49235,-0.64034,0.62844
124.55382,-0.60506,0.49974
124.6153,-0.46986,0.41732
124.67678,-0.37277,0.37773
124.73826,-0.30871,0.34109
124.79974,-0.79894,0.69736
124.86121,-0.71468,0.64441
124.92269,-0.62898,0.69769
124.98417,-0.63844,0.74019
125.04565,-0.66375,0.81833
125.10712,-0.78698,0.82893
125.1686,-0.70234,0.63627
125.23008,-0.84104,0.87995
125.29156,-0.64497,0.7017
125.35303,-0.79396,0.74355
125.41451,-0.8416,0.63973
125.47599,-0.91127,0.71928
125.53747,-0.52852,0.71469
125.59895,-0.43619,0.48887
125.66042,-0.46079,0.39446
125.7219,-0.75733,0.68227
125.78338,-0.79394,0.75665
125.84486,-0.76721,0.62422
125.90633,-0.80701,0.78983
125.96781,-0.84805,0.81273
126.02929,-0.77846,0.69518
126.09077,-0.50851,0.64996
126.15224,-0.62469,0.74676
126.21372,-0.39881,0.57971
126.2752,-0.40964,0.66932
126.33668,-0.61972,0.77082
126.39816,-0.52476,0.67631
126.45963,-0.51292,0.73529
126.52111,-0.52552,0.64658
126.58259,-0.75207,0.88279
126.64407,-0.74331,0.56284
126.70554,-0.36347,0.56984
126.76702,-0.28303,0.27996
126.8285,-0.35576,0.34209
126.88998,-0.461,0.57433
126.95146,-0.54419,0.65834
127.01293,-0.56594,0.61864
127.07441,-0.51087,0.55678
127.13589,-0.41746,0.53091
127.19737,-0.85421,0.91177
127.25884,-0.88459,0.87464
127.32032,-0.847,0.78239
127.3818,-0.74204,0.80334
127.44328,-0.78947,0.76493
127.50475,-0.63786,0.74324
127.56623,-0.73456,0.61227
127.62771,-0.93655,0.83002
127.68919,-0.68502,0.70371
127.75067,-0.54488,0.55644
127.81214,-0.60506,0.75332
127.87362,-0.75431,0.66904
127.9351,-0.30846,0.33414
127.99658,-0.29179,0.28682
128.05805,-0.69292,0.58001
128.11953,-0.75016,0.76188
128.18101,-0.75236,0.6019
128.24249,-0.71552,0.71611
128.30396,-0.75582,0.74333
128.36544,-0.89474,0.76254
128.42692,-0.64254,0.65772
128.4884,-0.52481,0.63838
128.54988,-0.49537,0.57447
128.61135,-0.5179,0.66362
128.67283,-0.65507,0.70194
128.73431,-0.52207,0.63384
128.79579,-0.50605,0.58919
128.85726,-0.56954,0.50939
128.91874,-0.49326,0.42384
128.98022,-0.7367,0.66206
129.0417,-0.72189,0.63004
129.10317,-0.63057,0.58297
129.16465,-0.57859,0.56497
129.22613,-0.55889,0.53542
129.28761,-0.72565,0.5838
129.34909,-0.77902,0.66312
129.41056,-0.73168,0.61899
129.47204,-0.71009,0.46473
129.53352,-0.60535,0.51136
129.595,-0.90922,0.89395
129.65647,-0.8418,0.7252
129.71795,-0.88847,0.73134
129.77943,-0.714,0.80727
129.84091,-0.77666,0.7305
129.90238,-0.77732,0.78517
129.96386,-0.76962,0.77224
130.02534,-0.8163,0.77312
130.08682,-0.66239,0.69287
130.1483,-0.47607,0.66102
130.20977,-0.72677,0.73
130.27125,-0.79032,0.74332
130.33273,-0.79306,0.75535
130.39421,-0.73334,0.61415
130.45568,-0.79703,0.63755
130.51716,-0.79767,0.69353
130.57864,-0.74055,0.79812
130.64012,-0.6507,0.64186
130.70159,-0.47089,0.45177
130.76307,-0.68019,0.72342
130.82455,-0.43846,0.42009
130.88603,-0.25349,0.25656
130.94751,-0.26505,0.21648
131.00898,-0.1954,0.22276
131.07046,-0.21797,0.35273
131.13194,-0.46472,0.50428
131.19342,-0.57322,0.46477
131.25489,-0.60724,0.57774
131.31637,-0.60683,0.63653
131.37785,-0.7777,0.75517
131.43933,-0.72214,0.65086
131.5008,-0.65122,0.53123
131.56228,-0.59978,0.59802
131.62376,-0.62414,0.54101
131.68524,-0.48161,0.54282
131.74672,-0.68825,0.62428
131.80819,-0.67108,0.60357
131.86967,-0.57618,0.57594
131.93115,-0.31071,0.264
131.99263,-0.687,0.62641
132.0541,-0.68548,0.57966
132.11558,-0.65127,0.64233
132.17706,-0.91161,0.75284
132.23854,-0.89261,0.71054
132.30002,-0.74167,0.64273
132.36149,-0.85795,0.71915
132.42297,-0.7592,0.73519
132.48445,-0.79148,0.87257
132.54593,-0.73237,0.75789
132.6074,-0.74039,0.71741
132.66888,-0.82477,0.76137
132.73036,-0.74967,0.625
132.79184,-0.5513,0.6847
132.85331,-0.75437,0.6327
132.91479,-0.93357,0.77261
132.97627,-0.86828,0.68089
133.03775,-0.7503,0.85491
133.09923,-0.8011,0.82135
133.1607,-0.84737,0.68725
133.22218,-0.72973,0.6659
133.28366,-0.68097,0.78093
133.34514,-0.66268,0.66101
133.40661,-0.68352,0.59686
133.46809,-0.81938,0.58024
133.52957,-0.66268,0.58497
133.59105,-0.70329,0.60897
133.65252,-0.74162,0.57614
133.714,-0.63618,0.52956
133.77548,-0.76814,0.75355
133.83696,-0.81721,0.58725
133.89844,-0.57916,0.54054
133.95991,-0.78911,0.62053
134.02139,-0.75546,0.579
134.08287,-0.69152,0.46696
134.14435,-0.75065,0.49621
134.20582,-0.74862,0.55923
134.2673,-0.63505,0.57774
134.32878,-0.4854,0.61889
134.39026,-0.7611,0.76605
134.45173,-0.69192,0.79507
134.51321,-0.61471,0.65586
134.57469,-0.59129,0.64386
134.63617,-0.55127,0.65836
134.69765,-0.65329,0.63519
134.75912,-0.6494,0.62749
134.8206,-0.87842,0.86133
134.88208,-0.78498,0.86242
134.94356,-0.76616,0.7636
135.00503,-0.68096,0.73136
135.06651,-0.70091,0.75428
135.12799,-0.64641,0.58717
135.18947,-0.51953,0.50892
135.25094,-0.50892,0.55139
135.31242,-0.52312,0.45643
135.3739,-0.38787,0.52674
135.43538,-0.36493,0.4539
135.49686,-0.25011,0.30651
135.55833,-0.82124,0.79271
135.61981,-0.49152,0.42861
135.68129,-0.25082,0.28836
135.74277,-0.28164,0.22145
135.80424,-0.23567,0.1788
135.86572,-0.24695,0.25222
135.9272,-0.24832,0.21524
135.98868,-0.28312,0.26675
136.05015,-0.54745,0.47528
136.11163,-0.40299,0.33314
136.17311,-0.45965,0.41845
136.23459,-0.8018,0.65005
136.29607,-0.63488,0.62179
136.35754,-0.77087,0.51526
136.41902,-0.63996,0.50423
136.4805,-0.65327,0.62845
136.54198,-0.62288,0.55355
136.60345,-0.56905,0.55883
136.66493,-0.48715,0.51353
136.72641,-0.26514,0.29452
136.78789,-0.5321,0.82551
136.84937,-0.77132,0.84472
136.91084,-0.79996,0.74117
136.97232,-0.73079,0.69989
137.0338,-0.66794,0.67464
137.09528,-0.60333,0.7307
137.15675,-0.56501,0.65913
137.21823,-0.76626,0.60704
137.27971,-0.71335,0.66261
137.34119,-0.7279,0.74888
137.40266,-0.84816,0.65988
137.46414,-0.87812,0.63715
137.52562,-0.84434,0.60303
137.5871,-0.7966,0.61757
137.64858,-0.71591,0.62201
137.71005,-0.74977,0.63892
137.77153,-0.66986,0.63425
137.83301,-0.48045,0.45514
137.89449,-0.43451,0.46863
137.95596,-0.60206,0.61629
138.01744,-0.39868,0.40997
138.07892,-0.24122,0.25057
138.1404,-0.20843,0.24583
138.20187,-0.20841,0.24888
138.26335,-0.23074,0.28991
138.32483,-0.25982,0.22601
138.38631,-0.22292,0.23123
138.44779,-0.44244,0.36829
138.50926,-0.38412,0.44274
138.57074,-0.6459,0.64372
138.63222,-0.57059,0.61307
138.6937,-0.65269,0.60756
138.75517,-0.65723,0.60328
138.81665,-0.52909,0.58104
138.87813,-0.4912,0.68283
138.93961,-0.42603,0.41889
139.00108,-0.64256,0.48836
139.06256,-0.66386,0.54215
139.12404,-0.58245,0.56016
139.18552,-0.82746,0.91009
139.247,-0.90013,0.8362
139.30847,-0.85523,0.87668
139.36995,-0.84092,0.88479
139.43143,-0.90207,0.90275
139.49291,-0.93639,0.88962
139.55438,-0.72294,0.71655
139.61586,-0.92848,0.78445
139.67734,-0.73459,0.77972
139.73882,-0.67476,0.6167
139.80029,-0.44859,0.50458
139.86177,-0.43304,0.40537
139.92325,-0.36885,0.35352
139.98473,-0.3677,0.27769
140.04621,-0.44649,0.51827
140.10768,-0.58815,0.4483
140.16916,-0.34942,0.31216
140.23064,-0.28507,0.303
140.29212,-0.22991,0.25068
140.35359,-0.64939,0.73311
140.41507,-0.62901,0.69087
140.47655,-0.30612,0.31178
140.53803,-0.17795,0.20184
140.5995,-0.20356,0.15857
140.66098,-0.19621,0.16785
140.72246,-0.20043,0.31767
140.78394,-0.23831,0.22768
140.84542,-0.22814,0.32018
140.90689,-0.1779,0.19044
140.96837,-0.67574,0.60732
141.02985,-0.7027,0.47257
141.09133,-0.7071,0.56109
141.1528,-0.61819,0.589
141.21428,-0.54407,0.51024
141.27576,-0.60109,0.56565
141.33724,-0.53484,0.52058
141.39872,-0.51144,0.54029
141.46019,-0.46081,0.44199
141.52167,-0.52591,0.45247
141.58315,-0.80276,0.87785
141.64463,-0.85228,0.77193
141.7061,-0.88471,0.75598
141.76758,-0.8265,0.80498
141.82906,-0.83489,0.69465
141.89054,-0.74351,0.77973
141.95201,-0.7864,0.76672
142.01349,-0.94556,0.7118
142.07497,-0.7988,0.79756
142.13645,-0.54091,0.54428
142.19793,-0.4913,0.416
142.2594,-0.2317,0.37081
142.32088,-0.22539,0.28609
142.38236,-0.22934,0.23152
142.44384,-0.25953,0.27812
142.50531,-0.46657,0.33377
142.56679,-0.29203,0.37854
142.62827,-0.21378,0.23558
142.68975,-0.18082,0.24133
142.75122,-0.80732,0.74749
142.8127,-0.68848,0.50491
142.87418,-0.26459,0.19653
142.93566,-0.15615,0.198
142.99714,-0.14302,0.18231
143.05861,-0.14788,0.16512
143.12009,-0.16525,0.18324
143.18157,-0.1236,0.15116
143.24305,-0.12798,0.14766
143.30452,-0.1374,0.09678
143.366,-0.46363,0.48333
143.42748,-0.5073,0.60044
143.48896,-0.61541,0.45615
143.55043,-0.49495,0.437
143.61191,-0.46313,0.55048
143.67339,-0.48131,0.452
143.73487,-0.52644,0.52773
143.79635,-0.44227,0.5416
143.85782,-0.39828,0.48549
143.9193,-0.38727,0.37227
143.98078,-0.89305,0.83982
144.04226,-0.80178,0.93676
144.10373,-0.7942,0.89659
144.16521,-0.89513,0.83061
144.22669,-0.84828,0.90193
144.28817,-0.80122,0.86017
144.34964,-0.8572,0.89057
144.41112,-0.89471,0.89549
144.4726,-0.91953,0.86111
144.53408,-0.92797,0.92765
144.59556,-0.76649,0.90484
144.65703,-0.88713,0.86614
144.71851,-0.93016,0.92082
144.77999,-0.82411,0.84026
144.84147,-0.82688,0.85454
144.90294,-0.82075,0.74874
144.96442,-0.60963,0.78595
145.0259,-0.58564,0.63088
145.08738,-0.63915,0.90946
145.14885,-0.76546,0.92138
145.21033,-0.77528,0.79118
145.27181,-0.82973,0.8024
145.33329,-0.8237,0.8156
145.39477,-0.78241,0.69485
145.45624,-0.69785,0.59323
145.51772,-0.80456,0.78362
145.5792,-0.78972,0.90135
145.64068,-0.81663,0.76371
145.70215,-0.78358,0.76395
145.76363,-0.77683,0.76048
145.82511,-0.77288,0.84857
145.88659,-0.8549,0.82633
145.94807,-0.77457,0.66023
146.00954,-0.77945,0.62411
146.07102,-0.93243,0.70318
146.1325,-0.89602,0.75803
146.19398,-0.84939,0.73995
146.25545,-0.79709,0.64887
146.31693,-0.8548,0.91183
146.37841,-0.9284,0.80713
146.43989,-0.931,0.7968
146.50136,-0.8195,0.7037
146.56284,-0.7388,0.71191
146.62432,-0.65698,0.62015
146.6858,-0.71126,0.71928
146.74728,-0.81835,0.92304
146.80875,-0.8367,0.85194
146.87023,-0.80186,0.78719
146.93171,-0.75619,0.80928
146.99319,-0.62993,0.76357
147.05466,-0.73452,0.96052
147.11614,-0.81753,0.90405
147.17762,-0.75079,0.91547
147.2391,-0.72661,0.75223
147.30057,-0.85867,0.83527
147.36205,-0.83811,0.91374
147.42353,-0.89662,0.9231
147.48501,-0.94003,0.87373
147.54649,-0.87074,0.92051
147.60796,-0.82289,0.81754
147.66944,-0.94203,0.72804
147.73092,-0.9125,0.95246
147.7924,-0.8508,0.68504
147.85387,-0.84632,0.72768
147.91535,-0.86132,0.9104
147.97683,-0.84051,0.80987
148.03831,-0.76035,0.84746
148.09978,-0.71265,0.67329
148.16126,-0.84186,0.71343
148.22274,-0.96153,0.68963
148.28422,-0.86474,0.78396
148.3457,-0.83825,0.825
148.40717,-0.78702,0.82962
148.46865,-0.92817,0.91029
148.53013,-0.74184,0.87132
148.59161,-0.78527,0.89298
148.65308,-0.81844,0.87442
148.71456,-0.68126,0.7219
148.77604,-0.812,0.8908
148.83752,-0.85143,0.89577
148.89899,-0.93734,0.92469
148.96047,-0.95575,0.95365
149.02195,-0.95782,0.91516
149.08343,-0.9161,0.89186
149.14491,-0.89025,0.86574
149.20638,-0.91551,0.76579
149.26786,-0.7557,0.70822
149.32934,-0.831,0.74178
149.39082,-0.81155,0.89803
149.45229,-0.80896,0.89228
149.51377,-0.83796,0.88057
149.57525,-0.7333,0.77161
149.63673,-0.79558,0.58569
149.6982,-0.85029,0.74072
149.75968,-0.93556,0.7655
149.82116,-0.8769,0.79239
149.88264,-0.76845,0.74675
149.94412,-0.66697,0.64469
150.00559,-0.90742,0.80466
150.06707,-0.84217,0.67158
150.12855,-0.63391,0.72361
150.19003,-0.56814,0.79062
150.2515,-0.71873,0.62316
150.31298,-0.82819,0.91848
150.37446,-0.71636,0.79241
150.43594,-0.81249,0.80577
150.49741,-0.70468,0.78413
150.55889,-0.88192,0.9373
150.62037,-0.90833,0.94891
150.68185,-0.94863,0.9026
150.74333,-0.86502,0.90954
150.8048,-0.75984,0.92468
150.86628,-0.80157,0.72428
150.92776,-0.85979,0.83322
150.98924,-0.64579,0.72847
151.05071,-0.7141,0.81182
151.11219,-0.57666,0.65609
151.17367,-0.79691,0.83742
151.23515,-0.81019,0.74455
151.29663,-0.80284,0.84983
151.3581,-0.72431,0.82424
151.41958,-0.77583,0.79455
151.48106,-0.88745,0.87027
151.54254,-0.86901,0.85391
151.60401,-0.85881,0.85139
151.66549,-0.60742,0.94885
151.72697,-0.70449,0.8139
151.78845,-0.86993,0.94232
151.84992,-0.92988,0.83722
151.9114,-0.92268,0.82535
151.97288,-0.87594,0.73659
152.03436,-0.8015,0.86014
152.09584,-0.93691,0.77229
152.15731,-0.83596,0.71238
152.21879,-0.87748,0.74816
152.28027,-0.79868,0.7554
152.34175,-0.706,0.79082
152.40322,-0.89682,0.92679
152.4647,-0.91226,0.81156
152.52618,-0.87241,0.61414
152.58766,-0.81528,0.68675
152.64913,-0.85224,0.69279
152.71061,-0.85164,0.73484
152.77209,-0.83274,0.67266
152.83357,-0.55601,0.75387
152.89505,-0.59442,0.45937
152.95652,-0.52108,0.56842
153.018,-0.87265,0.68249
153.07948,-0.68458,0.74283
153.14096,-0.70198,0.64752
153.20243,-0.65598,0.73703
153.26391,-0.63431,0.70682
153.32539,-0.61689,0.63189
153.38687,-0.60617,0.6722
153.44834,-0.48787,0.47946
153.50982,-0.40407,0.50629
153.5713,-0.76722,0.88785
153.63278,-0.86851,0.94841
153.69426,-0.88945,0.87428
153.75573,-0.8771,0.87545
153.81721,-0.90721,0.80461
153.87869,-0.93694,0.91554
153.94017,-0.84023,0.88367
154.00164,-0.95276,0.88849
154.06312,-0.90904,0.86105
154.1246,-0.862,0.78908
154.18608,-0.84642,0.74614
154.24755,-0.8779,0.91736
154.30903,-0.85219,0.75453
154.37051,-0.79015,0.77256
154.43199,-0.8726,0.9462
154.49347,-0.93883,0.91105
154.55494,-0.75657,0.66514
154.61642,-0.51656,0.64129
154.6779,-0.67464,0.75809
154.73938,-0.70627,0.61708
154.80085,-0.88589,0.88139
154.86233,-0.76885,0.93137
154.92381,-0.77873,0.87378
154.98529,-0.72897,0.59984
155.04676,-0.6679,0.70056
155.10824,-0.85566,0.79063
155.16972,-0.8574,0.83465
155.2312,-0.94413,0.72744
155.29268,-0.95782,0.77136
155.35415,-0.94321,0.92515
155.41563,-0.89243,0.91474
155.47711,-0.91492,0.73698
155.53859,-0.86866,0.76221
155.60006,-0.84766,0.8162
155.66154,-0.83655,0.73019
155.72302,-0.77453,0.70618
155.7845,-0.75418,0.80465
155.84598,-0.75885,0.83802
155.90745,-0.67956,0.7569
155.96893,-0.82881,0.893
156.03041,-0.72402,0.78122
156.09189,-0.63894,0.66552
156.15336,-0.64509,0.74114
156.21484,-0.59319,0.67605
156.27632,-0.81729,0.80655
156.3378,-0.91696,0.77058
156.39927,-0.75646,0.71741
156.46075,-0.83342,0.8434
156.52223,-0.84047,0.83258
156.58371,-0.91968,0.79578
156.64519,-0.83096,0.87035
156.70666,-0.88928,0.83925
156.76814,-0.79955,0.94031
156.82962,-0.84892,0.94416
156.8911,-0.78407,0.9158
156.95257,-0.87476,0.91368
157.01405,-0.83309,0.93031
157.07553,-0.84066,0.79293
157.13701,-0.87289,0.81174
157.19848,-0.92354,0.83574
157.25996,-0.95458,0.91062
157.32144,-0.69285,0.63419
157.38292,-0.82263,0.76528
157.4444,-0.75746,0.69328
157.50587,-0.8692,0.72815
157.56735,-0.82192,0.81519
157.62883,-0.80034,0.76008
157.69031,-0.91528,0.76517
157.75178,-0.77005,0.84238
157.81326,-0.83706,0.77867
157.87474,-0.94124,0.75533
157.93622,-0.86333,0.79564
157.99769,-0.8656,0.66712
158.05917,-0.70808,0.64869
158.12065,-0.7141,0.63924
158.18213,-0.82397,0.73986
158.24361,-0.74774,0.65778
158.30508,-0.69724,0.73181
158.36656,-0.91834,0.69927
158.42804,-0.93079,0.92425
158.48952,-0.94132,0.91842
158.55099,-0.88543,0.88075
158.61247,-0.84899,0.82785
158.67395,-0.7323,0.88653
158.73543,-0.73479,0.81176
158.7969,-0.80053,0.81579
158.85838,-0.76784,0.75379
158.91986,-0.85302,0.90472
158.98134,-0.82453,0.84676
159.04282,-0.92624,0.90839
159.10429,-0.91175,0.93909
159.16577,-0.91594,0.92591
159.22725,-0.87811,0.73591
159.28873,-0.83518,0.74326
159.3502,-0.82974,0.75893
159.41168,-0.7926,0.67815
159.47316,-0.60307,0.78793
159.53464,-0.77039,0.64873
159.59611,-0.91187,0.89031
159.65759,-0.85314,0.95126
159.71907,-0.76835,0.74941
159.78055,-0.6684,0.80057
159.84203,-0.61309,0.72494
159.9035,-0.69753,0.755
159.96498,-0.9325,0.91057
160.02646,-0.80638,0.82673
160.08794,-0.70822,0.81637
160.14941,-0.88546,0.85679
160.21089,-0.935,0.8427
160.27237,-0.94283,0.77754
160.33385,-0.93977,0.8475
160.39533,-0.8414,0.71734
160.4568,-0.72583,0.64367
160.51828,-0.58828,0.53841
160.57976,-0.65426,0.52095
160.64124,-0.47801,0.4459
160.70271,-0.56685,0.56226
160.76419,-0.72061,0.73993
160.82567,-0.8355,0.8322
160.88715,-0.94533,0.75749
160.94862,-0.93373,0.78253
161.0101,-0.91708,0.88574
161.07158,-0.91359,0.82391
161.13306,-0.96039,0.90027
161.19454,-0.94022,0.80293
161.25601,-0.82102,0.6509
161.31749,-0.72129,0.63628
161.37897,-0.80214,0.61373
161.44045,-0.88893,0.88445
161.50192,-0.83954,0.71721
161.5634,-0.66828,0.62403
161.62488,-0.78392,0.6652
161.68636,-0.84054,0.75513
161.74783,-0.87511,0.75388
161.80931,-0.90199,0.78759
161.87079,-0.6974,0.73129
161.93227,-0.81153,0.73019
161.99375,-0.87608,0.72458
162.05522,-0.93727,0.81785
162.1167,-0.65638,0.6752
162.17818,-0.74623,0.70356
162.23966,-0.58505,0.6376
162.30113,-0.7853,0.82444
162.36261,-0.8095,0.90272
162.42409,-0.87153,0.86437
162.48557,-0.71604,0.9193
162.54704,-0.72818,0.86149
162.60852,-0.80017,0.83496
162.67,-0.6877,0.75479
162.73148,-0.72141,0.85315
162.79296,-0.75204,0.92237
162.85443,-0.57091,0.67697
162.91591,-0.80813,0.71281
162.97739,-0.58289,0.54575
163.03887,-0.56807,0.65901
163.10034,-0.59815,0.64635
163.16182,-0.41363,0.43175
163.2233,-0.22127,0.22297
163.28478,-0.15391,0.18496
163.34625,-0.12418,0.11456
163.40773,-0.09485,0.09551
163.46921,-0.10632,0.08591
163.53069,-0.10129,0.0729
163.59217,-0.06559,0.07877
163.65364,-0.07607,0.08071
163.71512,-0.0586,0.0618
163.7766,-0.05784,0.04316
163.83808,-0.0366,0.03659
163.89955,-0.04482,0.02693
163.96103,-0.04767,0.02821
164.02251,-0.04479,0.02889
164.08399,-0.03707,0.02595
164.14546,-0.01809,0.01926
164.20694,-0.02348,0.02506
164.26842,-0.01989,0.01838
164.3299,-0.01309,0.01454
164.39138,-0.01809,0.01534
164.45285,-0.01449,0.01208
164.51433,-0.01179,0.01083
164.57581,-0.01047,0.00883
164.63729,-0.0103,0.00864
164.69876,-0.01162,0.01306
164.76024,-0.01121,0.01069
164.82172,-0.00727,0.01008
164.8832,-0.00866,0.00734
164.94467,-0.0067,0.00612
165.00615,-0.0046,0.00486
165.06763,-0.0059,0.00546
165.12911,-0.00638,0.00705
165.19059,-0.00502,0.00443
165.25206,-0.00485,0.00459
165.31354,-0.00346,0.00369
165.37502,-0.005,0.0043
165.4365,-0.00489,0.00429
165.49797,-0.0033,0.00341
165.55945,-0.0028,0.00308
165.62093,-0.00206,0.00243
165.68241,-0.00121,0.00113
165.74389,-0.0028,0.00255
165.80536,-0.00176,0.00169
165.86684,-0.00171,0.00162
165.92832,-0.00172,0.00168
