song_id,cosine_to_probe
0,0.8513703462522431
1,0.8571005318881104
2,0.8645624726824568
3,0.8418317972538291
4,0.7699284427006015
5,0.8494469278278876
6,0.7768798126773682
7,0.8140911716346237
8,0.8258447842995256
9,0.9999550442124998
10,0.834547143024641
11,0.8870043646703178
12,0.8160734897846901
13,0.8600224463492299
14,0.7724125281627578
15,0.8076185948290657
16,0.7844014461218701
17,0.8811120214152823
18,0.9212673092357015
19,0.8526098922029921
20,0.8448348346830183
21,0.7528319146258304
22,0.8253628017367385
23,0.8290663819800885
24,0.7863221188896277
25,0.7883105664459981
26,0.8789518918360342
27,0.8307759162171726
28,0.7829821008631811
29,0.7965431525618387
30,0.8758206323298244
31,0.8130078036765835
32,0.7937672318065404
33,0.8208743529748243
34,0.7668547275022669
35,0.7889257048368924
36,0.8409824326981774
37,0.848030069464912
38,0.8563354662737261
39,0.8710322343479571
40,0.756082610900615
41,0.8575738906629382
42,0.8637285569526219
43,0.8568448263279356
44,0.9075582388393125
45,0.8597209364060376
46,0.9043463617378787
47,0.8801707355406211
48,0.8383173616519413
49,0.8820988805590309
50,0.9105262462931322
51,0.8325732190215792
52,0.783825819934385
53,0.7553575701020543
54,0.7266311262672451
55,0.7833692141998548
56,0.8115232502170537
57,0.864601309073119
58,0.8500071472161217
59,0.7849768093466766
60,0.8947486957482467
61,0.8170197460391652
62,0.849956484909373
63,0.831449113780633
64,0.717803877854918
65,0.7977172032818302
66,0.8430641837404542
67,0.8063823636371367
68,0.6864820549632663
69,0.8724888270988922
70,0.8692591799508878
71,0.42811602045741476
72,0.8496357482619612
73,0.8878142327477072
74,0.8615241295958045
75,0.9044384222403294
76,0.8760266890970063
77,0.7978502773149454
78,0.8042912559717152
79,0.7551057672367767
80,0.7834045988358391
81,0.7915771654939697
82,0.8728749076081861
83,0.8089444559121157
84,0.8258082992508955
85,0.8248210626519801
86,0.8527883824722317
87,0.9265753012965251
88,0.8598899774353719
89,0.7833247218244235
90,0.8218663941080913
91,0.7842643258321889
92,0.8097118996449568
93,0.830263134935912
94,0.8002634845301742
95,0.7899586624946611
96,0.9303543815772124
97,0.8567964363547306
98,0.9286003387221129
99,0.8433596029694854
100,0.7482012162310351
101,0.8792176065158139
102,0.8470368491063562
103,0.8565891433360432
104,0.8218578424113363
105,0.8593184721052292
106,0.8270961915068848
107,0.8426862910897722
108,0.8127494848367437
109,0.8024474746392269
110,0.7898376588514495
111,0.829986431624344
112,0.8158043598785782
113,0.7605604870780391
114,0.8675349670128961
115,0.7091698075551411
116,0.9183523687089588
117,0.8660326550073303
118,0.8069827607696795
119,0.8693200600928885
120,0.8804599278047369
121,0.8913101301650834
122,0.8805575782658248
123,0.8992009355247468
124,0.8391745125447967
125,0.819790954599344
126,0.7851550326765272
127,0.9169182653090043
128,0.9060722979841767
129,0.8498737585286518
130,0.8917307202933513
131,0.7970205415606006
132,0.8038840985055464
133,0.8175679366579123
134,0.8264794937855828
135,0.8427308426108402
136,0.81801247468209
137,0.8211562233539208
138,0.8304885671885287
139,0.8597081248234693
140,0.680021923320177
141,0.7670289028333881
142,0.7735365869651728
143,0.7492762398316027
144,0.7426734642819848
145,0.7875444707033586
146,0.7840128289228661
147,0.7886344726440746
148,0.8951743175854211
149,0.7645157230986627
150,0.8177957759945274
151,0.8564880083034956
152,0.7930712487444347
153,0.8984036883992959
154,0.8749057912860742
155,0.9385551265933268
156,0.8534071475563194
157,0.8388306474786361
158,0.8837262949566739
159,0.8280930486085969
160,0.7699227456549537
161,0.8785314788148987
162,0.89789226213779
163,0.847031765516101
164,0.7961331865871424
165,0.8860477132782965
166,0.7944467801357852
167,0.8776435528526333
168,0.8172827448665702
169,0.8297852507074992
170,0.8564700598928732
171,0.8226274918393299
172,0.8106857819209392
173,0.8362924173897563
174,0.8110031011525629
175,0.30106757878440704
176,0.71356212692038
177,0.8794348000817783
178,0.8834397939135713
179,0.7671398265442586
180,0.7344817196934196
181,0.7893101203086922
182,0.9333567044541475
183,0.8544789358869228
184,0.8249485715553713
185,0.6575134755746415
186,0.7953302305127881
187,0.7334301340356473
188,0.9274343181412249
189,0.8369766714681808
190,0.850938654730852
191,0.8568587934287596
192,0.8995512995333454
193,0.8870135606892804
194,0.8598333186424524
195,0.8586699836832036
196,0.25057197403786574
197,0.8639008951845462
198,0.8656121989324457
199,0.829821422138237
200,0.9424545882185775
201,0.8393366521959615
202,0.8894281629580993
203,0.8816832839934945
204,0.8887302001763648
205,0.8698798209361793
206,0.7918588950666002
207,0.921560909894014
208,0.8574418992479942
209,0.8665223369660616
210,0.8406120114894944
211,0.8448620104670157
212,0.8182075656102834
213,0.7437019192103014
214,0.9366328575100312
215,0.847099795774955
216,0.7988099301136291
217,0.87449534606953
218,0.8613684076040415
219,0.8736583087897354
220,0.726823388533439
221,0.8570299935053103
222,0.8547413437681937
223,0.7987478452437025
224,0.7677846483325742
225,0.8905895950667148
226,0.8364849447792508
227,0.8733754362261097
228,0.8112778195363086
229,0.8157683726234708
230,0.7333633707398969
231,0.831251456434404
232,0.7902916821459004
233,0.8465138664528229
234,0.9101956684281366
235,0.8471664460319287
236,0.8051500194805494
237,0.7907362339992114
238,0.8606577173368659
239,0.8803568982614317
240,0.8320453051383019
241,0.7520100446664311
242,0.857875575647234
243,0.8131904421486185
244,0.8151748101747021
245,0.7887519491610475
246,0.8634716552060149
247,0.7528011564775177
248,0.8755259680049678
249,0.887399261183218
250,0.8809949623469104
251,0.8628668631928018
252,0.766021079355788
253,0.7736095183687794
254,0.7388912942587778
255,0.8432509357528126
256,0.8839780291453981
257,0.811897062893969
258,0.79554736836588
259,0.6420815980682752
260,0.7130581684713642
261,0.7755096519158684
262,0.8522498194672714
263,0.8119939926518224
264,0.8359316670449273
265,0.7430333578995194
266,0.8234474428631002
267,0.8244657526636905
268,0.8800828218260921
269,0.8127050615156369
270,0.8142770040179813
271,0.8409739549164212
272,0.747203280717538
273,0.8793268099889371
274,0.9039450180706867
275,0.8862996457490959
276,0.8458936385026561
277,0.7911668444896577
278,0.7542291891949902
279,0.852828068971906
280,0.8742450891142652
281,0.8683634350601661
282,0.8630090890796809
283,0.8786269212321631
284,0.8964077676970433
285,0.8413582872626981
286,0.8772703375091632
287,0.8248216884195199
288,0.8803764691665412
289,0.89485008304239
290,0.8461437577695116
291,0.8457537584371171
292,0.8104194202216348
293,0.8577864761877594
294,0.8061988885298906
295,0.8184304352854337
296,0.8488645264607513
297,0.8960075983932183
298,0.8682998881335533
299,0.8988397363045619
300,0.8496010986147531
301,0.858009540430979
302,0.873794110207353
303,0.796022977815863
304,0.807701877384158
305,0.8142308675498948
306,0.8012035272022322
307,0.8562708286313578
308,0.7090723350071079
309,0.8785121659854067
310,0.8360052084014691
311,0.8590631660775558
312,0.8486901916281178
313,0.9628637010817309
314,0.865901810108779
315,0.8361196469541728
316,0.8482850811513567
317,0.8397889071786295
318,0.9243965534765044
319,0.83443754104939
320,0.6126988407037992
321,1.0
322,0.8137955608164062
323,0.7821173249619675
324,0.8224231055244198
325,0.7608840564834916
326,0.8201311691799479
327,0.7898935321325748
328,0.7256350146802495
329,0.8490498380094371
330,0.7574847401443662
331,0.8776678322620255
332,0.8334832522003637
333,0.8779280916678458
334,0.7310408125000096
335,0.5949269217331843
336,0.7479302050175709
337,0.798722195091238
338,0.8127301143710544
339,0.8449640135830234
340,0.8523234740366326
341,0.8496354713658387
342,0.7328104464095808
343,0.9091959351508281
344,0.876585669885847
345,0.8393091811916936
346,0.8073993858773374
347,0.9000900929348368
348,0.8533520989064894
349,0.8324289756235519
350,0.8804608469815476
351,0.8902095769393698
352,0.8304891707884023
353,0.9296616999825816
354,0.6871287536097908
355,0.8013412707978915
356,0.9513670569489312
357,0.8415319369645153
358,0.882072574492919
359,0.8131228471898687
360,0.8862072905778673
361,0.9228234186579184
362,0.881799967824372
363,0.8547710927827504
364,0.8631058297169487
365,0.8491321193695422
366,0.7978108241997128
367,0.7755892567639423
368,0.7682989509924095
369,0.8056867943501207
370,0.9454382170044082
371,0.8474308730538557
372,0.8029655241980507
373,0.8962326714571217
374,0.8112007689751303
375,0.8410269150485965
376,0.7496516842778853
377,0.8789973931426306
378,0.9039443088164403
379,0.8965429470670925
380,0.8000405749203001
381,0.9282435488224412
382,0.8913080635838873
383,0.8587832636290492
384,0.8753494094234
385,0.863801134653635
