window_i,window_j,cosine
1,1,1.0
1,2,0.792925
1,3,0.702453
1,4,0.634361
1,5,0.660862
1,6,0.727949
1,7,0.653516
1,8,0.70497
1,9,0.565337
1,10,0.636237
1,11,0.698405
1,12,0.647148
1,13,0.623806
1,14,0.713719
1,15,0.624712
1,16,0.570595
1,17,0.493272
2,1,0.792925
2,2,1.0
2,3,0.866732
2,4,0.836614
2,5,0.891313
2,6,0.919407
2,7,0.874116
2,8,0.939129
2,9,0.814736
2,10,0.84148
2,11,0.874164
2,12,0.881341
2,13,0.842376
2,14,0.890506
2,15,0.90139
2,16,0.811948
2,17,0.735943
3,1,0.702453
3,2,0.866732
3,3,1.0
3,4,0.950651
3,5,0.939176
3,6,0.941126
3,7,0.957204
3,8,0.929037
3,9,0.924775
3,10,0.93464
3,11,0.946812
3,12,0.933244
3,13,0.953533
3,14,0.939779
3,15,0.901914
3,16,0.918468
3,17,0.832032
4,1,0.634361
4,2,0.836614
4,3,0.950651
4,4,1.0
4,5,0.932735
4,6,0.919328
4,7,0.95208
4,8,0.915545
4,9,0.93371
4,10,0.927314
4,11,0.905093
4,12,0.924693
4,13,0.940049
4,14,0.895884
4,15,0.906535
4,16,0.931414
4,17,0.909015
5,1,0.660862
5,2,0.891313
5,3,0.939176
5,4,0.932735
5,5,1.0
5,6,0.978404
5,7,0.959819
5,8,0.95995
5,9,0.940989
5,10,0.901764
5,11,0.926016
5,12,0.956482
5,13,0.959452
5,14,0.940886
5,15,0.94576
5,16,0.932356
5,17,0.843564
6,1,0.727949
6,2,0.919407
6,3,0.941126
6,4,0.919328
6,5,0.978404
6,6,1.0
6,7,0.970232
6,8,0.979103
6,9,0.917293
6,10,0.917261
6,11,0.950139
6,12,0.952766
6,13,0.956933
6,14,0.970245
6,15,0.947006
6,16,0.910774
6,17,0.813504
7,1,0.653516
7,2,0.874116
7,3,0.957204
7,4,0.95208
7,5,0.959819
7,6,0.970232
7,7,1.0
7,8,0.968186
7,9,0.940892
7,10,0.949028
7,11,0.962505
7,12,0.963134
7,13,0.972858
7,14,0.971627
7,15,0.937867
7,16,0.934028
7,17,0.863646
8,1,0.70497
8,2,0.939129
8,3,0.929037
8,4,0.915545
8,5,0.95995
8,6,0.979103
8,7,0.968186
8,8,1.0
8,9,0.920146
8,10,0.931738
8,11,0.953162
8,12,0.957944
8,13,0.943878
8,14,0.973865
8,15,0.969174
8,16,0.915434
8,17,0.840161
9,1,0.565337
9,2,0.814736
9,3,0.924775
9,4,0.93371
9,5,0.940989
9,6,0.917293
9,7,0.940892
9,8,0.920146
9,9,1.0
9,10,0.925027
9,11,0.899469
9,12,0.911081
9,13,0.963355
9,14,0.902926
9,15,0.933286
9,16,0.992195
9,17,0.896371
10,1,0.636237
10,2,0.84148
10,3,0.93464
10,4,0.927314
10,5,0.901764
10,6,0.917261
10,7,0.949028
10,8,0.931738
10,9,0.925027
10,10,1.0
10,11,0.949223
10,12,0.913479
10,13,0.931326
10,14,0.926855
10,15,0.919044
10,16,0.929807
10,17,0.869658
11,1,0.698405
11,2,0.874164
11,3,0.946812
11,4,0.905093
11,5,0.926016
11,6,0.950139
11,7,0.962505
11,8,0.953162
11,9,0.899469
11,10,0.949223
11,11,1.0
11,12,0.954549
11,13,0.94037
11,14,0.975716
11,15,0.912339
11,16,0.891596
11,17,0.795578
12,1,0.647148
12,2,0.881341
12,3,0.933244
12,4,0.924693
12,5,0.956482
12,6,0.952766
12,7,0.963134
12,8,0.957944
12,9,0.911081
12,10,0.913479
12,11,0.954549
12,12,1.0
12,13,0.954036
12,14,0.952772
12,15,0.919132
12,16,0.903676
12,17,0.832429
13,1,0.623806
13,2,0.842376
13,3,0.953533
13,4,0.940049
13,5,0.959452
13,6,0.956933
13,7,0.972858
13,8,0.943878
13,9,0.963355
13,10,0.931326
13,11,0.94037
13,12,0.954036
13,13,1.0
13,14,0.949823
13,15,0.927299
13,16,0.953699
13,17,0.864746
14,1,0.713719
14,2,0.890506
14,3,0.939779
14,4,0.895884
14,5,0.940886
14,6,0.970245
14,7,0.971627
14,8,0.973865
14,9,0.902926
14,10,0.926855
14,11,0.975716
14,12,0.952772
14,13,0.949823
14,14,1.0
14,15,0.923131
14,16,0.893027
14,17,0.794567
15,1,0.624712
15,2,0.90139
15,3,0.901914
15,4,0.906535
15,5,0.94576
15,6,0.947006
15,7,0.937867
15,8,0.969174
15,9,0.933286
15,10,0.919044
15,11,0.912339
15,12,0.919132
15,13,0.927299
15,14,0.923131
15,15,1.0
15,16,0.924445
15,17,0.848698
16,1,0.570595
16,2,0.811948
16,3,0.918468
16,4,0.931414
16,5,0.932356
16,6,0.910774
16,7,0.934028
16,8,0.915434
16,9,0.992195
16,10,0.929807
16,11,0.891596
16,12,0.903676
16,13,0.953699
16,14,0.893027
16,15,0.924445
16,16,1.0
16,17,0.894584
17,1,0.493272
17,2,0.735943
17,3,0.832032
17,4,0.909015
17,5,0.843564
17,6,0.813504
17,7,0.863646
17,8,0.840161
17,9,0.896371
17,10,0.869658
17,11,0.795578
17,12,0.832429
17,13,0.864746
17,14,0.794567
17,15,0.848698
17,16,0.894584
17,17,1.0
