song_id,platform,platform_en,year,month,period,rank,title,artist,file,title_norm,overlap_class
24,QQ音乐,QQ Music,2018,8,2018-08,2,That Girl,Olly Murs,Olly Murs - That Girl.mp3,thatgirl,QQ Music only
264,QQ音乐,QQ Music,2018,8,2018-08,3,Wait Wait Wait,蔡徐坤,蔡徐坤 - Wait Wait Wait.mp3,waitwaitwait,QQ Music only
28,QQ音乐,QQ Music,2018,8,2018-08,4,喜欢你,TFBOYS,TFBOYS - 喜欢你.mp3,喜欢你,QQ Music only
279,QQ音乐,QQ Music,2018,8,2018-08,5,最好,薛之谦,薛之谦 - 最好.mp3,最好,QQ Music only
30,QQ音乐,QQ Music,2018,8,2018-08,6,最好的那年,TFBOYS,TFBOYS - 最好的那年.mp3,最好的那年,QQ Music only
265,QQ音乐,QQ Music,2018,8,2018-08,7,You Can Be My GirlFriend,蔡徐坤,蔡徐坤 - You Can Be My GirlFriend.mp3,youcanbemygirlfriend,QQ Music only
220,QQ音乐,QQ Music,2018,8,2018-08,8,卡路里,火箭少女101,火箭少女101 - 卡路里.mp3,卡路里,QQ Music only
6,QQ音乐,QQ Music,2018,8,2018-08,10,Darkside,Alan Walker/Au/Ra/Tomine Harket,Alan Walker _ Au_Ra _ Tomine Harket - Darkside.mp3,darkside,QQ Music only
24,QQ音乐,QQ Music,2018,9,2018-09,1,That Girl,Olly Murs,Olly Murs - That Girl.mp3,thatgirl,QQ Music only
26,QQ音乐,QQ Music,2018,9,2018-09,2,Way Back Home,SHAUN (숀),SHAUN - Way Back Home.mp3,waybackhome,QQ Music only
226,QQ音乐,QQ Music,2018,9,2018-09,5,我的,王俊凯,王俊凯 - 我的.mp3,我的,QQ Music only
283,QQ音乐,QQ Music,2018,9,2018-09,6,违背的青春,薛之谦,薛之谦 - 违背的青春.mp3,违背的青春,QQ Music only
10,QQ音乐,QQ Music,2018,9,2018-09,8,一百万个可能,Christine Welch,Christine Welch - 一百万个可能.mp3,一百万个可能,QQ Music only
75,QQ音乐,QQ Music,2018,9,2018-09,9,有多少爱可以重来,刘宇宁,刘宇宁 - 有多少爱可以重来.mp3,有多少爱可以重来,QQ Music only
155,QQ音乐,QQ Music,2018,9,2018-09,10,走马,摩登兄弟,摩登兄弟 - 走马.mp3,走马,QQ Music only
296,QQ音乐,QQ Music,2018,10,2018-10,1,出现,那英,那英 - 出现.mp3,出现,QQ Music only
132,QQ音乐,QQ Music,2018,10,2018-10,2,无药可救,张杰,张杰 - 无药可救.mp3,无药可救,QQ Music only
134,QQ音乐,QQ Music,2018,10,2018-10,4,没说什么,张杰,张杰 - 没说什么.mp3,没说什么,QQ Music only
195,QQ音乐,QQ Music,2018,10,2018-10,5,耳朵,李荣浩,李荣浩 - 耳朵.mp3,耳朵,QQ Music only
141,QQ音乐,QQ Music,2018,10,2018-10,7,Give Me A Chance,张艺兴,张艺兴 - Give Me A Chance.mp3,givemeachance,QQ Music only
24,QQ音乐,QQ Music,2018,10,2018-10,8,That Girl,Olly Murs,Olly Murs - That Girl.mp3,thatgirl,QQ Music only
13,QQ音乐,QQ Music,2018,10,2018-10,9,光年之外,G.E.M.邓紫棋,G_E_M_邓紫棋 - 光年之外.mp3,光年之外,QQ Music only
232,QQ音乐,QQ Music,2018,11,2018-11,1,Will You,王源,王源 - Will You.mp3,willyou,QQ Music only
180,QQ音乐,QQ Music,2018,11,2018-11,2,亲爱的，这里没有一个人,易烊千玺,易烊千玺 - 亲爱的，这里没有一个人.mp3,亲爱的这里没有一个人,QQ Music only
13,QQ音乐,QQ Music,2018,11,2018-11,4,光年之外,G.E.M.邓紫棋,G_E_M_邓紫棋 - 光年之外.mp3,光年之外,QQ Music only
90,QQ音乐,QQ Music,2018,11,2018-11,6,归去来兮,叶炫清,叶炫清 - 归去来兮.mp3,归去来兮,QQ Music only
230,QQ音乐,QQ Music,2018,11,2018-11,7,该死的温柔 (纯享版),王嘉尔,王嘉尔 - 该死的温柔 (纯享版).mp3,该死的温柔,QQ Music only
233,QQ音乐,QQ Music,2018,11,2018-11,8,一样,王源,王源 - 一样.mp3,一样,QQ Music only
237,QQ音乐,QQ Music,2018,11,2018-11,9,孤注,王源,王源 - 孤注.mp3,孤注,QQ Music only
183,QQ音乐,QQ Music,2018,11,2018-11,10,恒温动物,易烊千玺,易烊千玺 - 恒温动物.mp3,恒温动物,QQ Music only
13,QQ音乐,QQ Music,2018,12,2018-12,2,光年之外,G.E.M.邓紫棋,G_E_M_邓紫棋 - 光年之外.mp3,光年之外,QQ Music only
272,QQ音乐,QQ Music,2018,12,2018-12,3,天份,薛之谦,薛之谦 - 天份.mp3,天份,Both platforms
183,QQ音乐,QQ Music,2018,12,2018-12,4,恒温动物,易烊千玺,易烊千玺 - 恒温动物.mp3,恒温动物,QQ Music only
238,QQ音乐,QQ Music,2018,12,2018-12,5,我不知道,王源,王源 - 我不知道.mp3,我不知道,QQ Music only
127,QQ音乐,QQ Music,2018,12,2018-12,6,真心,庄心妍,庄心妍 - 真心.mp3,真心,QQ Music only
185,QQ音乐,QQ Music,2018,12,2018-12,7,별 (星),Loco (로꼬)/俞胜恩 (유성은),星 - 별(別) (口白).mp3,별,QQ Music only
176,QQ音乐,QQ Music,2018,12,2018-12,8,Don't Tie Me Down,易烊千玺,易烊千玺 - Don't Tie Me Down.mp3,donttiemedown,QQ Music only
205,QQ音乐,QQ Music,2018,12,2018-12,9,别再闹了,毛不易,毛不易 - 别再闹了.mp3,别再闹了,QQ Music only
272,QQ音乐,QQ Music,2019,1,2019-01,2,天份,薛之谦,薛之谦 - 天份.mp3,天份,Both platforms
251,QQ音乐,QQ Music,2019,1,2019-01,3,知否知否,胡夏/郁可唯,胡夏 _ 郁可唯 - 知否知否.mp3,知否知否,QQ Music only
13,QQ音乐,QQ Music,2019,1,2019-01,5,光年之外,G.E.M.邓紫棋,G_E_M_邓紫棋 - 光年之外.mp3,光年之外,QQ Music only
249,QQ音乐,QQ Music,2019,1,2019-01,6,只问你肯不肯,胡夏,胡夏 - 只问你肯不肯.mp3,只问你肯不肯,QQ Music only
202,QQ音乐,QQ Music,2019,1,2019-01,7,我不愿明白,段奥娟,段奥娟 - 我不愿明白.mp3,我不愿明白,QQ Music only
149,QQ音乐,QQ Music,2019,1,2019-01,8,Pull Me Up,张靓颖,张靓颖 - Pull Me Up.mp3,pullmeup,QQ Music only
152,QQ音乐,QQ Music,2019,1,2019-01,9,一起笑出来 (贺岁版),成龙/蔡徐坤,成龙 _ 蔡徐坤 - 一起笑出来 (贺岁版).mp3,一起笑出来,QQ Music only
133,QQ音乐,QQ Music,2019,2,2019-02,1,时间的远方,张杰,张杰 - 时间的远方.mp3,时间的远方,QQ Music only
267,QQ音乐,QQ Music,2019,2,2019-02,2,没有意外,蔡徐坤,蔡徐坤 - 没有意外.mp3,没有意外,QQ Music only
251,QQ音乐,QQ Music,2019,2,2019-02,4,知否知否,胡夏/郁可唯,胡夏 _ 郁可唯 - 知否知否.mp3,知否知否,QQ Music only
13,QQ音乐,QQ Music,2019,2,2019-02,5,光年之外,G.E.M.邓紫棋,G_E_M_邓紫棋 - 光年之外.mp3,光年之外,QQ Music only
69,QQ音乐,QQ Music,2019,2,2019-02,6,初见,余昭源/叶里,余昭源 _ 叶里 - 初见.mp3,初见,QQ Music only
114,QQ音乐,QQ Music,2019,2,2019-02,8,去流浪,周笔畅,周笔畅 - 去流浪.mp3,去流浪,QQ Music only
251,QQ音乐,QQ Music,2019,2,2019-02,10,知否知否 (女声版),郁可唯,胡夏 _ 郁可唯 - 知否知否.mp3,知否知否,QQ Music only
251,QQ音乐,QQ Music,2019,3,2019-03,1,知否知否,胡夏/郁可唯,胡夏 _ 郁可唯 - 知否知否.mp3,知否知否,QQ Music only
307,QQ音乐,QQ Music,2019,3,2019-03,2,绿色,陈雪凝,陈雪凝 - 绿色.mp3,绿色,QQ Music only
123,QQ音乐,QQ Music,2019,3,2019-03,3,逆流而上的你,尹姝贻,尹姝贻 - 逆流而上的你.mp3,逆流而上的你,QQ Music only
260,QQ音乐,QQ Music,2019,3,2019-03,4,Bigger,蔡徐坤,蔡徐坤 - Bigger.mp3,bigger,QQ Music only
234,QQ音乐,QQ Music,2019,3,2019-03,5,友谊地久天长,王源,王源 - 友谊地久天长.mp3,友谊地久天长,QQ Music only
235,QQ音乐,QQ Music,2019,3,2019-03,7,只要有想见的人，就不是孤身一人,王源,王源 - 只要有想见的人，就不是孤身一人.mp3,只要有想见的人就不是孤身一人,QQ Music only
2,QQ音乐,QQ Music,2019,3,2019-03,8,有一种悲伤,A-Lin,A-Lin - 有一种悲伤.mp3,有一种悲伤,QQ Music only
255,QQ音乐,QQ Music,2019,3,2019-03,10,Hi Wake Up,范丞丞/朱正廷/王子异/Ghost (王琳凯)/尤长靖/艾福杰尼/费启鸣,范丞丞 _ 朱正廷 _ 王子异 _ Ghost (王琳凯) _ 尤长靖 _ 艾福杰尼 _ 费启鸣 - Hi Wake Up.mp3,hiwakeup,QQ Music only
154,QQ音乐,QQ Music,2019,4,2019-04,1,乞丐,摩登兄弟,摩登兄弟 - 乞丐.mp3,乞丐,QQ Music only
91,QQ音乐,QQ Music,2019,4,2019-04,3,大碗宽面,吴亦凡,吴亦为 - 大碗宽面.mp3,大碗宽面,QQ Music only
21,QQ音乐,QQ Music,2019,4,2019-04,4,心如止水,Ice Paper,Ice Paper - 心如止水.mp3,心如止水,QQ Music only
307,QQ音乐,QQ Music,2019,4,2019-04,5,绿色,陈雪凝,陈雪凝 - 绿色.mp3,绿色,QQ Music only
261,QQ音乐,QQ Music,2019,4,2019-04,6,Hard To Get,蔡徐坤,蔡徐坤 - Hard To Get.mp3,hardtoget,QQ Music only
313,QQ音乐,QQ Music,2019,4,2019-04,7,体会 (Nature),鹿晗,鹿晗 - 体会 (Nature).mp3,体会,QQ Music only
305,QQ音乐,QQ Music,2019,4,2019-04,8,你的酒馆对我打了烊,陈雪凝,陈雪凝 - 你的酒馆对我打了烊.mp3,你的酒馆对我打了烊,QQ Music only
157,QQ音乐,QQ Music,2019,5,2019-05,1,Wake Me Up,无限王者团/王者荣耀,无限王者团 _ 王者荣耀 - Wake Me Up.mp3,wakemeup,QQ Music only
305,QQ音乐,QQ Music,2019,5,2019-05,3,你的酒馆对我打了烊,陈雪凝,陈雪凝 - 你的酒馆对我打了烊.mp3,你的酒馆对我打了烊,QQ Music only
91,QQ音乐,QQ Music,2019,5,2019-05,4,大碗宽面,吴亦凡,吴亦为 - 大碗宽面.mp3,大碗宽面,QQ Music only
21,QQ音乐,QQ Music,2019,5,2019-05,5,心如止水,Ice Paper,Ice Paper - 心如止水.mp3,心如止水,QQ Music only
16,QQ音乐,QQ Music,2019,5,2019-05,6,来自天堂的魔鬼,G.E.M.邓紫棋,G_E_M_邓紫棋 - 来自天堂的魔鬼.mp3,来自天堂的魔鬼,QQ Music only
307,QQ音乐,QQ Music,2019,5,2019-05,8,绿色,陈雪凝,陈雪凝 - 绿色.mp3,绿色,QQ Music only
122,QQ音乐,QQ Music,2019,5,2019-05,9,一颗星的夜,尤长靖,尤长靖 - 一颗星的夜.mp3,一颗星的夜,QQ Music only
19,QQ音乐,QQ Music,2019,5,2019-05,10,当你孤单你会想起谁,HENRY刘宪华,HENRY刘宪华 - 当你孤单你会想起谁.mp3,当你孤单你会想起谁,QQ Music only
98,QQ音乐,QQ Music,2019,6,2019-06,2,拙慕,周深,周深 - 拙慕.mp3,拙慕,QQ Music only
280,QQ音乐,QQ Music,2019,6,2019-06,3,木偶人,薛之谦,薛之谦 - 木偶人.mp3,木偶人,QQ Music only
16,QQ音乐,QQ Music,2019,6,2019-06,4,来自天堂的魔鬼,G.E.M.邓紫棋,G_E_M_邓紫棋 - 来自天堂的魔鬼.mp3,来自天堂的魔鬼,QQ Music only
241,QQ音乐,QQ Music,2019,6,2019-06,5,滚烫的青春,王源,王源 - 滚烫的青春 (Live).mp3,滚烫的青春,QQ Music only
214,QQ音乐,QQ Music,2019,6,2019-06,6,耿,汪苏泷,汪苏泷 - 耿.mp3,耿,QQ Music only
121,QQ音乐,QQ Music,2019,6,2019-06,7,一个人记得,尤长靖,尤长靖 - 一个人记得.mp3,一个人记得,QQ Music only
305,QQ音乐,QQ Music,2019,6,2019-06,8,你的酒馆对我打了烊,陈雪凝,陈雪凝 - 你的酒馆对我打了烊.mp3,你的酒馆对我打了烊,QQ Music only
222,QQ音乐,QQ Music,2019,6,2019-06,10,我的名字,焦迈奇,焦迈奇 - 我的名字.mp3,我的名字,QQ Music only
276,QQ音乐,QQ Music,2019,7,2019-07,1,慢半拍,薛之谦,薛之谦 - 慢半拍.mp3,慢半拍,QQ Music only
29,QQ音乐,QQ Music,2019,7,2019-07,2,我的朋友,TFBOYS,TFBOYS - 我的朋友.mp3,我的朋友,QQ Music only
280,QQ音乐,QQ Music,2019,7,2019-07,3,木偶人,薛之谦,薛之谦 - 木偶人.mp3,木偶人,QQ Music only
212,QQ音乐,QQ Music,2019,7,2019-07,6,放个大招给你看,永彬Ryan.B,永彬Ryan_B - 放个大招给你看.mp3,放个大招给你看,QQ Music only
16,QQ音乐,QQ Music,2019,7,2019-07,7,来自天堂的魔鬼,G.E.M.邓紫棋,G_E_M_邓紫棋 - 来自天堂的魔鬼.mp3,来自天堂的魔鬼,QQ Music only
209,QQ音乐,QQ Music,2019,7,2019-07,8,烽火成书,毛不易/乱世王者,毛不易 _ 乱世王者 - 烽火成书.mp3,烽火成书,QQ Music only
306,QQ音乐,QQ Music,2019,7,2019-07,9,别再靠近我了,陈雪凝,陈雪凝 - 别再靠近我了.mp3,别再靠近我了,QQ Music only
227,QQ音乐,QQ Music,2019,7,2019-07,10,生长,王俊凯,王俊凯 - 生长.mp3,生长,QQ Music only
177,QQ音乐,QQ Music,2019,8,2019-08,1,Fall,易烊千玺,易烊千玺 - Fall.mp3,fall,QQ Music only
240,QQ音乐,QQ Music,2019,8,2019-08,2,源,王源,王源 - 源.mp3,源,QQ Music only
12,QQ音乐,QQ Music,2019,8,2019-08,3,画 (Live Piano Session Ⅱ),G.E.M.邓紫棋,G_E_M_ 邓紫棋 - 画 (Live Piano Session Ⅱ).mp3,画,QQ Music only
282,QQ音乐,QQ Music,2019,8,2019-08,4,笑场,薛之谦,薛之谦 - 笑场.mp3,笑场,QQ Music only
31,QQ音乐,QQ Music,2019,8,2019-08,5,第一次告白,TFBOYS,TFBOYS - 第一次告白.mp3,第一次告白,QQ Music only
211,QQ音乐,QQ Music,2019,8,2019-08,7,告白前一秒,永彬Ryan.B,永彬Ryan_B - 告白前一秒.mp3,告白前一秒,QQ Music only
15,QQ音乐,QQ Music,2019,8,2019-08,8,差不多姑娘,G.E.M.邓紫棋,G_E_M_邓紫棋 - 差不多姑娘.mp3,差不多姑娘,QQ Music only
276,QQ音乐,QQ Music,2019,8,2019-08,9,慢半拍,薛之谦,薛之谦 - 慢半拍.mp3,慢半拍,QQ Music only
282,QQ音乐,QQ Music,2019,9,2019-09,1,笑场,薛之谦,薛之谦 - 笑场.mp3,笑场,QQ Music only
118,QQ音乐,QQ Music,2019,9,2019-09,4,野狼disco,宝石Gem,宝石Gem - 野狼disco.mp3,野狼disco,QQ Music only
247,QQ音乐,QQ Music,2019,9,2019-09,5,问少年,肖战,肖战 - 问少年.mp3,问少年,QQ Music only
143,QQ音乐,QQ Music,2019,9,2019-09,6,我不好,张艺兴,张艺兴 - 我不好.mp3,我不好,QQ Music only
12,QQ音乐,QQ Music,2019,9,2019-09,7,画 (Live Piano Session Ⅱ),G.E.M.邓紫棋,G_E_M_ 邓紫棋 - 画 (Live Piano Session Ⅱ).mp3,画,QQ Music only
281,QQ音乐,QQ Music,2019,9,2019-09,8,病态,薛之谦,薛之谦 - 病态.mp3,病态,QQ Music only
257,QQ音乐,QQ Music,2019,10,2019-10,2,悬溺,葛东琪,葛东琪 - 悬溺.mp3,悬溺,QQ Music only
201,QQ音乐,QQ Music,2019,10,2019-10,3,我和我的祖国 (青春唱响曲),欧豪/周冬雨/朱一龙/刘昊然/陈飞宇,欧豪 _ 周冬雨 _ 朱一龙 _ 刘昊然 _ 陈飞宇 - 我和我的祖国 (青春唱响曲).mp3,我和我的祖国,QQ Music only
118,QQ音乐,QQ Music,2019,10,2019-10,4,野狼disco,宝石Gem,宝石Gem - 野狼disco.mp3,野狼disco,QQ Music only
118,QQ音乐,QQ Music,2019,10,2019-10,5,野狼Disco (feat.陈伟霆),宝石Gem/陈伟霆,宝石Gem - 野狼disco.mp3,野狼disco,QQ Music only
291,QQ音乐,QQ Music,2019,10,2019-10,6,雨幕,许嵩,许嵩 - 雨幕.mp3,雨幕,QQ Music only
178,QQ音乐,QQ Music,2019,10,2019-10,7,I Adore You,易烊千玺,易烊千玺 - I Adore You.mp3,iadoreyou,QQ Music only
301,QQ音乐,QQ Music,2019,10,2019-10,8,你和我都没有错,都智文,都智文 - 你和我都没有错.mp3,你和我都没有错,QQ Music only
38,QQ音乐,QQ Music,2019,10,2019-10,10,那女孩对我说,Uu (刘梦妤),Uu (刘梦妤) - 那女孩对我说.mp3,那女孩对我说,QQ Music only
210,QQ音乐,QQ Music,2019,11,2019-11,2,像极了,永彬Ryan.B,永彬Ryan_B - 像极了.mp3,像极了,QQ Music only
182,QQ音乐,QQ Music,2019,11,2019-11,3,念想,易烊千玺,易烊千玺 - 念想.mp3,念想,QQ Music only
257,QQ音乐,QQ Music,2019,11,2019-11,4,悬溺,葛东琪,葛东琪 - 悬溺.mp3,悬溺,QQ Music only
302,QQ音乐,QQ Music,2019,11,2019-11,5,美丽谎言,都智文,都智文 - 美丽谎言.mp3,美丽谎言,QQ Music only
39,QQ音乐,QQ Music,2019,11,2019-11,6,那男孩还好吗,Uu (刘梦妤),Uu (刘梦妤) - 那男孩还好吗.mp3,那男孩还好吗,QQ Music only
252,QQ音乐,QQ Music,2019,11,2019-11,9,最高地位,艾辰,艾辰 - 最高地位.mp3,最高地位,QQ Music only
316,QQ音乐,QQ Music,2019,11,2019-11,10,星辰大海,周冬雨/王俊凯/易烊千玺/刘昊然/陈飞宇/许魏洲/宋祖儿/陈学冬/董子健/谷嘉诚/尚语贤/曾舜晞/张雪迎/张哲瀚/蓝盈莹/李鸿其/王森/张慧雯/金晨/王嘉/李蔓瑄/周也/王紫璇/易恒/匡牧野/朱颜曼滋/孙嘉灵/王锵/张海宇/王西/张婧仪/陈都灵,黄霄雲 - 星辰大海.mp3,星辰大海,QQ Music only
36,QQ音乐,QQ Music,2019,12,2019-12,2,别再对我好,Uu (刘梦妤),Uu (刘梦妤) - 别再对我好.mp3,别再对我好,QQ Music only
216,QQ音乐,QQ Music,2019,12,2019-12,3,桥边姑娘,海伦,海伦 - 桥边姑娘.mp3,桥边姑娘,QQ Music only
197,QQ音乐,QQ Music,2019,12,2019-12,5,麻雀,李荣浩,李荣浩 - 麻雀.mp3,麻雀,QQ Music only
14,QQ音乐,QQ Music,2019,12,2019-12,7,句号,G.E.M.邓紫棋,G_E_M_邓紫棋 - 句号.mp3,句号,QQ Music only
215,QQ音乐,QQ Music,2019,12,2019-12,8,可能的夏天,沈虫虫,沈虫虫 - 可能的夏天.mp3,可能的夏天,QQ Music only
216,QQ音乐,QQ Music,2020,1,2020-01,2,桥边姑娘,海伦,海伦 - 桥边姑娘.mp3,桥边姑娘,QQ Music only
14,QQ音乐,QQ Music,2020,1,2020-01,4,句号,G.E.M.邓紫棋,G_E_M_邓紫棋 - 句号.mp3,句号,QQ Music only
118,QQ音乐,QQ Music,2020,1,2020-01,8,野狼disco,宝石Gem,宝石Gem - 野狼disco.mp3,野狼disco,QQ Music only
197,QQ音乐,QQ Music,2020,1,2020-01,10,麻雀,李荣浩,李荣浩 - 麻雀.mp3,麻雀,QQ Music only
216,QQ音乐,QQ Music,2020,2,2020-02,2,桥边姑娘,海伦,海伦 - 桥边姑娘.mp3,桥边姑娘,QQ Music only
197,QQ音乐,QQ Music,2020,2,2020-02,4,麻雀,李荣浩,李荣浩 - 麻雀.mp3,麻雀,QQ Music only
14,QQ音乐,QQ Music,2020,2,2020-02,7,句号,G.E.M.邓紫棋,G_E_M_邓紫棋 - 句号.mp3,句号,QQ Music only
196,QQ音乐,QQ Music,2020,2,2020-02,9,贝贝,李荣浩,李荣浩 - 贝贝.mp3,贝贝,QQ Music only
118,QQ音乐,QQ Music,2020,2,2020-02,10,野狼disco,宝石Gem,宝石Gem - 野狼disco.mp3,野狼disco,QQ Music only
142,QQ音乐,QQ Music,2020,3,2020-03,2,会好的,张艺兴,张艺兴 - 会好的.mp3,会好的,QQ Music only
268,QQ音乐,QQ Music,2020,3,2020-03,4,山河无恙在我胸,蔡徐坤/佟丽娅,蔡徐坤 _ 佟丽娅 - 山河无恙在我胸.mp3,山河无恙在我胸,QQ Music only
194,QQ音乐,QQ Music,2020,3,2020-03,5,等着等着就老了,李荣浩,李荣浩 - 等着等着就老了.mp3,等着等着就老了,QQ Music only
188,QQ音乐,QQ Music,2020,3,2020-03,6,给女孩 (单曲),李宇春,李宇春 - 给女孩 (单曲).mp3,给女孩,QQ Music only
84,QQ音乐,QQ Music,2020,3,2020-03,7,遇见你,刘至佳,刘至佳 - 遇见你.mp3,遇见你,QQ Music only
308,QQ音乐,QQ Music,2020,3,2020-03,8,YES！OK！,青春有你2,青春有你2 - YES！OK！.mp3,yesok,QQ Music only
203,QQ音乐,QQ Music,2020,4,2020-04,1,一别两宽,段弋/糯米Nomi,段弋 _ 糯米Nomi - 一别两宽.mp3,一别两宽,QQ Music only
289,QQ音乐,QQ Music,2020,4,2020-04,3,全世界最好的你,许嵩,许嵩 - 全世界最好的你.mp3,全世界最好的你,QQ Music only
248,QQ音乐,QQ Music,2020,4,2020-04,4,后来遇见他,胡66,胡66 - 后来遇见他.mp3,后来遇见他,QQ Music only
218,QQ音乐,QQ Music,2020,4,2020-04,6,点歌的人,海来阿木,海来阿木 - 点歌的人.mp3,点歌的人,QQ Music only
262,QQ音乐,QQ Music,2020,4,2020-04,7,Home,蔡徐坤,蔡徐坤 - Home.mp3,home,QQ Music only
136,QQ音乐,QQ Music,2020,5,2020-05,1,为你而战,张杰/王者荣耀,张杰 _ 王者荣耀 - 为你而战.mp3,为你而战,QQ Music only
266,QQ音乐,QQ Music,2020,5,2020-05,4,情人,蔡徐坤,蔡徐坤 - 情人.mp3,情人,QQ Music only
116,QQ音乐,QQ Music,2020,5,2020-05,6,有生之年,孟梓,孟梓 - 有生之年.mp3,有生之年,QQ Music only
144,QQ音乐,QQ Music,2020,5,2020-05,7,玉 (Jade),张艺兴,张艺兴 - 玉 (Jade).mp3,玉,QQ Music only
204,QQ音乐,QQ Music,2020,5,2020-05,8,入海,毛不易,毛不易 - 入海.mp3,入海,QQ Music only
248,QQ音乐,QQ Music,2020,5,2020-05,9,后来遇见他,胡66,胡66 - 后来遇见他.mp3,后来遇见他,QQ Music only
28,QQ音乐,QQ Music,2020,5,2020-05,10,喜欢你 (Live),希林娜依高,TFBOYS - 喜欢你.mp3,喜欢你,QQ Music only
193,QQ音乐,QQ Music,2020,6,2020-06,1,在一起嘛好不好,李荣浩,李荣浩 - 在一起嘛好不好.mp3,在一起嘛好不好,QQ Music only
266,QQ音乐,QQ Music,2020,6,2020-06,2,情人,蔡徐坤,蔡徐坤 - 情人.mp3,情人,QQ Music only
128,QQ音乐,QQ Music,2020,6,2020-06,3,探清水河,张云雷,张云雷 - 探清水河.mp3,探清水河,QQ Music only
187,QQ音乐,QQ Music,2020,6,2020-06,4,无价之姐,李宇春,李宇春 - 无价之姐.mp3,无价之姐,QQ Music only
131,QQ音乐,QQ Music,2020,6,2020-06,6,Cure The World,张杰,张杰 - Cure The World.mp3,curetheworld,QQ Music only
273,QQ音乐,QQ Music,2020,7,2020-07,1,天外来物,薛之谦,薛之谦 - 天外来物.mp3,天外来物,Both platforms
315,QQ音乐,QQ Music,2020,7,2020-07,2,敏感 (LH x Z.TAO),鹿晗/黄子韬,鹿晗 _ 黄子韬 - 敏感 (LH x Z_TAO).mp3,敏感,QQ Music only
187,QQ音乐,QQ Music,2020,7,2020-07,3,无价之姐,李宇春,李宇春 - 无价之姐.mp3,无价之姐,QQ Music only
199,QQ音乐,QQ Music,2020,7,2020-07,9,尘埃,林小珂,林小珂 - 尘埃.mp3,尘埃,QQ Music only
179,QQ音乐,QQ Music,2020,8,2020-08,1,My Boo,易烊千玺,易烊千玺 - My Boo.mp3,myboo,QQ Music only
269,QQ音乐,QQ Music,2020,8,2020-08,2,不爱我,薛之谦,薛之谦 - 不爱我.mp3,不爱我,QQ Music only
298,QQ音乐,QQ Music,2020,8,2020-08,4,你是人间四月天 (Live),邵帅,邵帅 - 你是人间四月天.mp3,你是人间四月天,QQ Music only
27,QQ音乐,QQ Music,2020,8,2020-08,5,和你在一起,TFBOYS,TFBOYS - 和你在一起.mp3,和你在一起,QQ Music only
273,QQ音乐,QQ Music,2020,8,2020-08,6,天外来物,薛之谦,薛之谦 - 天外来物.mp3,天外来物,Both platforms
66,QQ音乐,QQ Music,2020,8,2020-08,7,飞鸟和蝉,任然,任然 - 飞鸟和蝉.mp3,飞鸟和蝉,QQ Music only
224,QQ音乐,QQ Music,2020,8,2020-08,8,Beautiful,王俊凯,王俊凯 - Beautiful.mp3,beautiful,QQ Music only
147,QQ音乐,QQ Music,2020,9,2020-09,1,BOOM (R3hab Remix),张艺兴/R3HAB,张艺兴 _ R3HAB - BOOM (R3hab Remix).mp3,boom,QQ Music only
269,QQ音乐,QQ Music,2020,9,2020-09,2,不爱我,薛之谦,薛之谦 - 不爱我.mp3,不爱我,QQ Music only
67,QQ音乐,QQ Music,2020,9,2020-09,6,朱砂,任然/Xun,任然 _ Xun - 朱砂.mp3,朱砂,QQ Music only
107,QQ音乐,QQ Music,2020,9,2020-09,8,起风了,周深,周深 - 起风了.mp3,起风了,QQ Music only
65,QQ音乐,QQ Music,2020,9,2020-09,9,锁在轮回,任然,任然 - 锁在轮回.mp3,锁在轮回,QQ Music only
66,QQ音乐,QQ Music,2020,9,2020-09,10,飞鸟和蝉,任然,任然 - 飞鸟和蝉.mp3,飞鸟和蝉,QQ Music only
314,QQ音乐,QQ Music,2020,10,2020-10,2,原色 (True Colour),鹿晗,鹿晗 - 原色 (True Colour).mp3,原色,QQ Music only
275,QQ音乐,QQ Music,2020,10,2020-10,5,彩券,薛之谦,薛之谦 - 彩券.mp3,彩券,QQ Music only
290,QQ音乐,QQ Music,2020,10,2020-10,8,放肆,许嵩,许嵩 - 放肆.mp3,放肆,QQ Music only
67,QQ音乐,QQ Music,2020,10,2020-10,9,朱砂,任然/Xun,任然 _ Xun - 朱砂.mp3,朱砂,QQ Music only
8,QQ音乐,QQ Music,2020,11,2020-11,1,1022-比尔的歌,Bomb比尔,Bomb比尔 - 1022-比尔的歌.mp3,1022比尔的歌,QQ Music only
34,QQ音乐,QQ Music,2020,11,2020-11,2,Winner Winner,TizzyT/Jony J/和平精英,TizzyT _ Jony J _ 和平精英 - Winner Winner.mp3,winnerwinner,QQ Music only
89,QQ音乐,QQ Music,2020,11,2020-11,3,侠者,叶炫清,叶炫清 - 侠者.mp3,侠者,QQ Music only
11,QQ音乐,QQ Music,2020,11,2020-11,8,解药,Fanfan,Fanfan - 解药.mp3,解药,QQ Music only
20,QQ音乐,QQ Music,2020,11,2020-11,9,迷失幻境,IN-K/王忻辰,IN-K _ 王忻辰 - 迷失幻境.mp3,迷失幻境,QQ Music only
231,QQ音乐,QQ Music,2020,11,2020-11,10,Stop The Clocks,王源,王源 - Stop The Clocks.mp3,stoptheclocks,QQ Music only
277,QQ音乐,QQ Music,2020,12,2020-12,1,把你揉碎捏成苹果,薛之谦,薛之谦 - 把你揉碎捏成苹果.mp3,把你揉碎捏成苹果,QQ Music only
285,QQ音乐,QQ Music,2020,12,2020-12,4,耗尽,薛之谦/郭聪明,薛之谦 _ 郭聪明 - 耗尽.mp3,耗尽,QQ Music only
190,QQ音乐,QQ Music,2020,12,2020-12,5,茫,李润祺,李润祺 - 茫.mp3,茫,QQ Music only
139,QQ音乐,QQ Music,2020,12,2020-12,7,骗,张碧晨,张碧晨 - 骗.mp3,骗,QQ Music only
95,QQ音乐,QQ Music,2020,12,2020-12,8,和光同尘,周深,周深 - 和光同尘.mp3,和光同尘,QQ Music only
316,QQ音乐,QQ Music,2021,1,2021-01,2,星辰大海,黄霄雲,黄霄雲 - 星辰大海.mp3,星辰大海,QQ Music only
20,QQ音乐,QQ Music,2021,1,2021-01,10,迷失幻境,IN-K/王忻辰,IN-K _ 王忻辰 - 迷失幻境.mp3,迷失幻境,QQ Music only
316,QQ音乐,QQ Music,2021,2,2021-02,3,星辰大海,黄霄雲,黄霄雲 - 星辰大海.mp3,星辰大海,QQ Music only
37,QQ音乐,QQ Music,2021,2,2021-02,7,气象站台,Uu (刘梦妤),Uu (刘梦妤) - 气象站台.mp3,气象站台,QQ Music only
74,QQ音乐,QQ Music,2021,3,2021-03,1,天问,刘宇宁,刘宇宁 - 天问.mp3,天问,QQ Music only
219,QQ音乐,QQ Music,2021,3,2021-03,2,慢热,满舒克,满舒克 - 慢热.mp3,慢热,QQ Music only
250,QQ音乐,QQ Music,2021,3,2021-03,3,无题,胡夏,胡夏 - 无题.mp3,无题,QQ Music only
130,QQ音乐,QQ Music,2021,3,2021-03,7,萱草花,张小斐,张小斐 - 萱草花.mp3,萱草花,Both platforms
64,QQ音乐,QQ Music,2021,3,2021-03,10,念,任然,任然 - 念.mp3,念,QQ Music only
259,QQ音乐,QQ Music,2021,4,2021-04,1,#0000FF,蔡徐坤,蔡徐坤 - #0000FF.mp3,#0000ff,QQ Music only
229,QQ音乐,QQ Music,2021,4,2021-04,2,LMLY,王嘉尔,王嘉尔 - LMLY.mp3,lmly,QQ Music only
213,QQ音乐,QQ Music,2021,4,2021-04,3,一线之隔,永彬Ryan.B/周延英（英子-effie）,永彬Ryan_B _ 周延英（英子-effie） - 一线之隔 (DJ Kairo昼版)_H.mp3,一线之隔,QQ Music only
191,QQ音乐,QQ Music,2021,4,2021-04,4,不遗憾,李荣浩,李荣浩 - 不遗憾.mp3,不遗憾,QQ Music only
243,QQ音乐,QQ Music,2021,4,2021-04,5,大风吹,王赫野,王赫野 - 大风吹.mp3,大风吹,QQ Music only
243,QQ音乐,QQ Music,2021,4,2021-04,6,大风吹 (Live),刘惜君/王赫野,王赫野 - 大风吹.mp3,大风吹,QQ Music only
74,QQ音乐,QQ Music,2021,4,2021-04,7,天问,刘宇宁,刘宇宁 - 天问.mp3,天问,QQ Music only
163,QQ音乐,QQ Music,2021,4,2021-04,8,少年时代,时代少年团,时代少年团 - 少年时代.mp3,少年时代,QQ Music only
219,QQ音乐,QQ Music,2021,4,2021-04,9,慢热,满舒克,满舒克 - 慢热.mp3,慢热,QQ Music only
191,QQ音乐,QQ Music,2021,5,2021-05,2,不遗憾,李荣浩,李荣浩 - 不遗憾.mp3,不遗憾,QQ Music only
17,QQ音乐,QQ Music,2021,5,2021-05,4,拜托了世界,Ghost (王琳凯),Ghost (王琳凯) - 拜托了世界.mp3,拜托了世界,QQ Music only
288,QQ音乐,QQ Music,2021,5,2021-05,8,乌鸦,许嵩,许嵩 - 乌鸦.mp3,乌鸦,QQ Music only
243,QQ音乐,QQ Music,2021,5,2021-05,9,大风吹 (Live),刘惜君/王赫野,王赫野 - 大风吹.mp3,大风吹,QQ Music only
74,QQ音乐,QQ Music,2021,5,2021-05,10,天问,刘宇宁,刘宇宁 - 天问.mp3,天问,QQ Music only
243,QQ音乐,QQ Music,2021,6,2021-06,2,大风吹 (Live),刘惜君/王赫野,王赫野 - 大风吹.mp3,大风吹,QQ Music only
304,QQ音乐,QQ Music,2021,6,2021-06,3,好久不见,陆政廷Lil Jet,陆政廷Lil Jet - 好久不见.mp3,好久不见,QQ Music only
162,QQ音乐,QQ Music,2021,6,2021-06,4,小小孩,时代少年团,时代少年团 - 小小孩.mp3,小小孩,QQ Music only
239,QQ音乐,QQ Music,2021,6,2021-06,6,流星也为你落下来了,王源,王源 - 流星也为你落下来了.mp3,流星也为你落下来了,QQ Music only
286,QQ音乐,QQ Music,2021,6,2021-06,7,窗,虎二,虎二 - 窗.mp3,窗,QQ Music only
104,QQ音乐,QQ Music,2021,6,2021-06,8,繁星璀璨的天空,周深,周深 - 繁星璀璨的天空.mp3,繁星璀璨的天空,QQ Music only
62,QQ音乐,QQ Music,2021,6,2021-06,10,一去不回的时光,任然,任然 - 一去不回的时光.mp3,一去不回的时光,QQ Music only
318,QQ音乐,QQ Music,2021,7,2021-07,1,Sweet,龚俊,龚俊 - Sweet.mp3,sweet,QQ Music only
245,QQ音乐,QQ Music,2021,7,2021-07,2,不如,秦海清,秦海清 - 不如.mp3,不如,QQ Music only
115,QQ音乐,QQ Music,2021,7,2021-07,3,今晚月色真美,姜云升/鞠婧祎/说唱者联盟,姜云升 _ 鞠婧祎 _ 说唱者联盟 - 今晚月色真美.mp3,今晚月色真美,QQ Music only
271,QQ音乐,QQ Music,2021,7,2021-07,5,变废为宝,薛之谦,薛之谦 - 变废为宝.mp3,变废为宝,Both platforms
63,QQ音乐,QQ Music,2021,7,2021-07,6,小朋友,任然,任然 - 小朋友.mp3,小朋友,QQ Music only
164,QQ音乐,QQ Music,2021,7,2021-07,8,我喜欢你,时代少年团,时代少年团 - 我喜欢你.mp3,我喜欢你,QQ Music only
4,QQ音乐,QQ Music,2021,7,2021-07,10,放空,A1 TRIP/大籽/Lil E,A1 TRIP _ 大籽 _ Lil E - 放空.mp3,放空,QQ Music only
32,QQ音乐,QQ Music,2021,8,2021-08,1,STAY (Explicit),The Kid LAROI/Justin Bieber,The Kid LAROI _ Justin Bieber - STAY (Explicit).mp3,stay,QQ Music only
245,QQ音乐,QQ Music,2021,8,2021-08,2,不如,秦海清,秦海清 - 不如.mp3,不如,QQ Music only
56,QQ音乐,QQ Music,2021,8,2021-08,3,尾号6208,严浩翔,严浩翔 - 尾号6208.mp3,尾号6208,QQ Music only
4,QQ音乐,QQ Music,2021,8,2021-08,4,放空,A1 TRIP/大籽/Lil E,A1 TRIP _ 大籽 _ Lil E - 放空.mp3,放空,QQ Music only
103,QQ音乐,QQ Music,2021,8,2021-08,5,生活总该迎着光亮,周深,周深 - 生活总该迎着光亮.mp3,生活总该迎着光亮,QQ Music only
1,QQ音乐,QQ Music,2021,8,2021-08,6,粉红法拉利,404 RAPPER/AZ啊之,404 RAPPER _ AZ啊之 - 粉红法拉利.mp3,粉红法拉利,QQ Music only
11,QQ音乐,QQ Music,2021,8,2021-08,7,解药 (新版),来一碗老于,Fanfan - 解药.mp3,解药,QQ Music only
59,QQ音乐,QQ Music,2021,8,2021-08,8,骁,井胧/井迪,井胧 _ 井迪 - 骁.mp3,骁,QQ Music only
160,QQ音乐,QQ Music,2021,8,2021-08,9,傻瓜,时代少年团,时代少年团 - 傻瓜.mp3,傻瓜,QQ Music only
61,QQ音乐,QQ Music,2021,8,2021-08,10,如一,任嘉伦,任嘉伦 - 如一.mp3,如一,QQ Music only
3,QQ音乐,QQ Music,2021,9,2021-09,1,Butterfly,A1 TRIP/Nick.Y,A1 TRIP _ Nick_Y - Butterfly.mp3,butterfly,QQ Music only
81,QQ音乐,QQ Music,2021,9,2021-09,2,Got You,刘耀文,刘耀文 - Got You.mp3,gotyou,QQ Music only
61,QQ音乐,QQ Music,2021,9,2021-09,3,如一,任嘉伦,任嘉伦 - 如一.mp3,如一,QQ Music only
242,QQ音乐,QQ Music,2021,9,2021-09,4,如愿,王菲,王菲 - 如愿.mp3,如愿,QQ Music only
137,QQ音乐,QQ Music,2021,9,2021-09,5,如故,张碧晨,张碧晨 - 如故.mp3,如故,QQ Music only
112,QQ音乐,QQ Music,2021,9,2021-09,7,时结,周深/王者荣耀,周深 _ 王者荣耀 - 时结.mp3,时结,QQ Music only
303,QQ音乐,QQ Music,2021,9,2021-09,8,自娱自乐,金志文,金志文 - 自娱自乐.mp3,自娱自乐,QQ Music only
11,QQ音乐,QQ Music,2021,9,2021-09,10,解药 (新版),来一碗老于,Fanfan - 解药.mp3,解药,QQ Music only
3,QQ音乐,QQ Music,2021,10,2021-10,1,Butterfly,A1 TRIP/Nick.Y,A1 TRIP _ Nick_Y - Butterfly.mp3,butterfly,QQ Music only
223,QQ音乐,QQ Music,2021,10,2021-10,2,危险派对,王以太/刘至佳,王以太 _ 刘至佳 - 危险派对.mp3,危险派对,QQ Music only
198,QQ音乐,QQ Music,2021,10,2021-10,3,原来我从未忘记你,杜宣达,杜宣达 - 原来我从未忘记你.mp3,原来我从未忘记你,QQ Music only
242,QQ音乐,QQ Music,2021,10,2021-10,5,如愿,王菲,王菲 - 如愿.mp3,如愿,QQ Music only
200,QQ音乐,QQ Music,2021,10,2021-10,9,画离弦 (柯柯版),柯柯柯啊,柯柯柯啊 - 画离弦 (柯柯版).mp3,画离弦,QQ Music only
221,QQ音乐,QQ Music,2021,11,2021-11,1,一半回忆,热冰块,热冰块 - 一半回忆.mp3,一半回忆,QQ Music only
223,QQ音乐,QQ Music,2021,11,2021-11,2,危险派对,王以太/刘至佳,王以太 _ 刘至佳 - 危险派对.mp3,危险派对,QQ Music only
256,QQ音乐,QQ Music,2021,11,2021-11,4,当我娶过她,莫叫姐姐,莫叫姐姐 - 当我娶过她.mp3,当我娶过她,QQ Music only
156,QQ音乐,QQ Music,2021,11,2021-11,5,我不是刘德华,新地/卢克,新地 _ 卢克 - 我不是刘德华.mp3,我不是刘德华,QQ Music only
297,QQ音乐,QQ Music,2021,11,2021-11,8,这样不算爱,邱南灏,邱南灏 - 这样不算爱.mp3,这样不算爱,QQ Music only
60,QQ音乐,QQ Music,2021,11,2021-11,9,金玉良缘,付雪,付雪 - 金玉良缘.mp3,金玉良缘,QQ Music only
59,QQ音乐,QQ Music,2021,11,2021-11,10,骁,井胧/井迪,井胧 _ 井迪 - 骁.mp3,骁,QQ Music only
55,QQ音乐,QQ Music,2021,12,2021-12,1,Y,严浩翔,严浩翔 - Y.mp3,y,QQ Music only
221,QQ音乐,QQ Music,2021,12,2021-12,2,一半回忆,热冰块,热冰块 - 一半回忆.mp3,一半回忆,QQ Music only
253,QQ音乐,QQ Music,2021,12,2021-12,4,下雨夜,苏星婕,苏星婕 - 下雨夜.mp3,下雨夜,QQ Music only
181,QQ音乐,QQ Music,2021,12,2021-12,6,四字歌,易烊千玺,易烊千玺 - 四字歌.mp3,四字歌,QQ Music only
156,QQ音乐,QQ Music,2021,12,2021-12,7,我不是刘德华,新地/卢克,新地 _ 卢克 - 我不是刘德华.mp3,我不是刘德华,QQ Music only
68,QQ音乐,QQ Music,2021,12,2021-12,8,时光采样 (钢琴版),伏仪,伏仪 - 时光采样 (钢琴版).mp3,时光采样,QQ Music only
239,QQ音乐,QQ Music,2021,12,2021-12,9,流星也为你落下来了,王源,王源 - 流星也为你落下来了.mp3,流星也为你落下来了,QQ Music only
119,QQ音乐,QQ Music,2022,1,2022-01,4,从前说,小阿七,小阿七 - 从前说.mp3,从前说,QQ Music only
256,QQ音乐,QQ Music,2022,1,2022-01,5,当我娶过她,莫叫姐姐,莫叫姐姐 - 当我娶过她.mp3,当我娶过她,QQ Music only
221,QQ音乐,QQ Music,2022,2,2022-02,1,一半回忆,热冰块,热冰块 - 一半回忆.mp3,一半回忆,QQ Music only
167,QQ音乐,QQ Music,2022,2,2022-02,8,渐暖,时代少年团,时代少年团 - 渐暖.mp3,渐暖,QQ Music only
206,QQ音乐,QQ Music,2022,3,2022-03,1,如你所想,毛不易,毛不易 - 如你所想.mp3,如你所想,QQ Music only
167,QQ音乐,QQ Music,2022,3,2022-03,3,渐暖,时代少年团,时代少年团 - 渐暖.mp3,渐暖,QQ Music only
7,QQ音乐,QQ Music,2022,3,2022-03,4,爱丫爱丫,BY2,BY2 - 爱丫爱丫.mp3,爱丫爱丫,QQ Music only
189,QQ音乐,QQ Music,2022,3,2022-03,5,爱丫爱丫,李浩然,李浩然 - 爱丫爱丫.mp3,爱丫爱丫,QQ Music only
110,QQ音乐,QQ Music,2022,3,2022-03,6,鲛人之歌,周深,周深 - 鲛人之歌.mp3,鲛人之歌,QQ Music only
96,QQ音乐,QQ Music,2022,3,2022-03,8,在意,周深,周深 - 在意.mp3,在意,QQ Music only
0,QQ音乐,QQ Music,2022,3,2022-03,9,就忘了吧,1K,1K - 就忘了吧.mp3,就忘了吧,QQ Music only
44,QQ音乐,QQ Music,2022,3,2022-03,10,我看过,cici_,cici_ - 我看过.mp3,我看过,QQ Music only
292,QQ音乐,QQ Music,2022,4,2022-04,1,太想念,豆包,豆包 - 太想念.mp3,太想念,QQ Music only
258,QQ音乐,QQ Music,2022,4,2022-04,5,突然一场雨,蓝心羽,蓝心羽 - 突然一场雨.mp3,突然一场雨,QQ Music only
145,QQ音乐,QQ Music,2022,4,2022-04,6,酒 (JIU),张艺兴,张艺兴 - 酒 (JIU).mp3,酒,QQ Music only
228,QQ音乐,QQ Music,2022,4,2022-04,7,Blow,王嘉尔,王嘉尔 - Blow.mp3,blow,QQ Music only
312,QQ音乐,QQ Music,2022,4,2022-04,8,Slow Ride (兜风),鹿晗,鹿晗 - Slow Ride (兜风).mp3,slowride,QQ Music only
94,QQ音乐,QQ Music,2022,4,2022-04,9,卿卿,周深,周深 - 卿卿.mp3,卿卿,QQ Music only
206,QQ音乐,QQ Music,2022,4,2022-04,10,如你所想,毛不易,毛不易 - 如你所想.mp3,如你所想,QQ Music only
80,QQ音乐,QQ Music,2022,5,2022-05,1,Falling You,刘耀文,刘耀文 - Falling You.mp3,fallingyou,QQ Music only
217,QQ音乐,QQ Music,2022,5,2022-05,3,三生三幸,海来阿木,海来阿木 - 三生三幸.mp3,三生三幸,QQ Music only
292,QQ音乐,QQ Music,2022,5,2022-05,4,太想念,豆包,豆包 - 太想念.mp3,太想念,QQ Music only
23,QQ音乐,QQ Music,2022,5,2022-05,6,晚风作酒,L（桃籽）/周林枫/三楠,L（桃籽） _ 周林枫 _ 三楠 - 晚风作酒.mp3,晚风作酒,QQ Music only
174,QQ音乐,QQ Music,2022,5,2022-05,9,樱花树下的约定,旺仔小乔,旺仔小乔 - 樱花树下的约定.mp3,樱花树下的约定,QQ Music only
92,QQ音乐,QQ Music,2022,6,2022-06,1,万里挑一,周深,周深 - 万里挑一.mp3,万里挑一,QQ Music only
217,QQ音乐,QQ Music,2022,6,2022-06,2,三生三幸,海来阿木,海来阿木 - 三生三幸.mp3,三生三幸,QQ Music only
284,QQ音乐,QQ Music,2022,6,2022-06,3,可,薛之谦/张靓颖,薛之谦 _ 张靓颖 - 可.mp3,可,Both platforms
43,QQ音乐,QQ Music,2022,6,2022-06,4,妈妈的话,Zyboy忠宇,Zyboy忠宇 - 妈妈的话.mp3,妈妈的话,QQ Music only
23,QQ音乐,QQ Music,2022,6,2022-06,5,晚风作酒,L（桃籽）/周林枫/三楠,L（桃籽） _ 周林枫 _ 三楠 - 晚风作酒.mp3,晚风作酒,QQ Music only
76,QQ音乐,QQ Music,2022,6,2022-06,6,梦华,刘宇宁,刘宇宁 - 梦华.mp3,梦华,QQ Music only
158,QQ音乐,QQ Music,2022,6,2022-06,9,你要快乐,时代少年团,时代少年团 - 你要快乐.mp3,你要快乐,QQ Music only
42,QQ音乐,QQ Music,2022,6,2022-06,10,堕,Zyboy忠宇,Zyboy忠宇 - 堕.mp3,堕,QQ Music only
263,QQ音乐,QQ Music,2022,7,2022-07,1,Hug me (抱我),蔡徐坤,蔡徐坤 - Hug me (抱我).mp3,hugme,Both platforms
92,QQ音乐,QQ Music,2022,7,2022-07,2,万里挑一,周深,周深 - 万里挑一.mp3,万里挑一,QQ Music only
270,QQ音乐,QQ Music,2022,7,2022-07,3,关于你,薛之谦,薛之谦 - 关于你.mp3,关于你,QQ Music only
51,QQ音乐,QQ Music,2022,7,2022-07,5,差一个时辰,ycccc,ycccc - 差一个时辰.mp3,差一个时辰,QQ Music only
169,QQ音乐,QQ Music,2022,7,2022-07,7,绝配,时代少年团,时代少年团 - 绝配.mp3,绝配,QQ Music only
43,QQ音乐,QQ Music,2022,7,2022-07,9,妈妈的话,Zyboy忠宇,Zyboy忠宇 - 妈妈的话.mp3,妈妈的话,QQ Music only
300,QQ音乐,QQ Music,2022,7,2022-07,10,婉,郁可唯/王者荣耀,郁可唯 _ 王者荣耀 - 婉.mp3,婉,QQ Music only
159,QQ音乐,QQ Music,2022,8,2022-08,1,侠,时代少年团,时代少年团 - 侠.mp3,侠,QQ Music only
161,QQ音乐,QQ Music,2022,8,2022-08,2,哭泣的游戏,时代少年团,时代少年团 - 哭泣的游戏.mp3,哭泣的游戏,QQ Music only
58,QQ音乐,QQ Music,2022,8,2022-08,4,彼岸,井胧/井迪,井胧 _ 井迪 - 彼岸.mp3,彼岸,QQ Music only
207,QQ音乐,QQ Music,2022,8,2022-08,5,看得最远的地方,毛不易,毛不易 - 看得最远的地方.mp3,看得最远的地方,QQ Music only
169,QQ音乐,QQ Music,2022,8,2022-08,6,绝配,时代少年团,时代少年团 - 绝配.mp3,绝配,QQ Music only
77,QQ音乐,QQ Music,2022,8,2022-08,7,吟,刘美麟,刘美麟 - 吟.mp3,吟,QQ Music only
236,QQ音乐,QQ Music,2022,8,2022-08,8,天亮一起追太阳,王源,王源 - 天亮一起追太阳.mp3,天亮一起追太阳,QQ Music only
263,QQ音乐,QQ Music,2022,8,2022-08,9,Hug me (抱我),蔡徐坤,蔡徐坤 - Hug me (抱我).mp3,hugme,Both platforms
43,QQ音乐,QQ Music,2022,8,2022-08,10,妈妈的话,Zyboy忠宇,Zyboy忠宇 - 妈妈的话.mp3,妈妈的话,QQ Music only
93,QQ音乐,QQ Music,2022,9,2022-09,1,余情,周深,周深 - 余情.mp3,余情,QQ Music only
58,QQ音乐,QQ Music,2022,9,2022-09,3,彼岸,井胧/井迪,井胧 _ 井迪 - 彼岸.mp3,彼岸,QQ Music only
135,QQ音乐,QQ Music,2022,9,2022-09,4,沉香,张杰/张靓颖,张杰 _ 张靓颖 - 沉香.mp3,沉香,QQ Music only
184,QQ音乐,QQ Music,2022,9,2022-09,5,沙金,易烊千玺/王者荣耀,易烊千玺 _ 王者荣耀 - 沙金.mp3,沙金,QQ Music only
87,QQ音乐,QQ Music,2022,9,2022-09,6,爱上你是一个错,半吨兄弟,半吨兄弟 - 爱上你是一个错.mp3,爱上你是一个错,QQ Music only
106,QQ音乐,QQ Music,2022,9,2022-09,7,花开忘忧,周深,周深 - 花开忘忧.mp3,花开忘忧,QQ Music only
33,QQ音乐,QQ Music,2022,9,2022-09,8,100,TizzyT,TizzyT - 100.mp3,100,QQ Music only
278,QQ音乐,QQ Music,2022,9,2022-09,9,无数,薛之谦,薛之谦 - 无数.mp3,无数,QQ Music only
146,QQ音乐,QQ Music,2022,9,2022-09,10,面纱,张艺兴,张艺兴 - 面纱.mp3,面纱,QQ Music only
33,QQ音乐,QQ Music,2022,10,2022-10,1,100,TizzyT,TizzyT - 100.mp3,100,QQ Music only
22,QQ音乐,QQ Music,2022,10,2022-10,2,溺海直觉,Joysaaaa,Joysaaaa - 溺海直觉.mp3,溺海直觉,QQ Music only
244,QQ音乐,QQ Music,2022,10,2022-10,3,玫瑰少年,王靖雯,王靖雯 - 玫瑰少年.mp3,玫瑰少年,QQ Music only
294,QQ音乐,QQ Music,2022,10,2022-10,4,缺氧,轩姨(相信光),轩姨(相信光) - 缺氧.mp3,缺氧,QQ Music only
246,QQ音乐,QQ Music,2022,10,2022-10,5,回眸一夏,米卡,米卡 - 回眸一夏.mp3,回眸一夏,QQ Music only
87,QQ音乐,QQ Music,2022,10,2022-10,7,爱上你是一个错,半吨兄弟,半吨兄弟 - 爱上你是一个错.mp3,爱上你是一个错,QQ Music only
105,QQ音乐,QQ Music,2022,10,2022-10,8,美美,周深,周深 - 美美.mp3,美美,QQ Music only
70,QQ音乐,QQ Music,2022,10,2022-10,9,太想爱你,余超颖,余超颖 - 太想爱你.mp3,太想爱你,QQ Music only
165,QQ音乐,QQ Music,2022,11,2022-11,2,有你的季节,时代少年团,时代少年团 - 有你的季节.mp3,有你的季节,QQ Music only
99,QQ音乐,QQ Music,2022,11,2022-11,3,流光,周深,周深 - 流光.mp3,流光,QQ Music only
101,QQ音乐,QQ Music,2022,11,2022-11,4,焰火,周深,周深 - 焰火.mp3,焰火,QQ Music only
168,QQ音乐,QQ Music,2022,11,2022-11,5,百忧戒,时代少年团,时代少年团 - 百忧戒.mp3,百忧戒,QQ Music only
294,QQ音乐,QQ Music,2022,11,2022-11,6,缺氧,轩姨(相信光),轩姨(相信光) - 缺氧.mp3,缺氧,QQ Music only
186,QQ音乐,QQ Music,2022,11,2022-11,7,Falling You,曾可妮/都智文,曾可妮 _ 都智文 - Falling You.mp3,fallingyou,QQ Music only
111,QQ音乐,QQ Music,2022,11,2022-11,8,很高兴遇见你,周深/王者荣耀,周深 _ 王者荣耀 - 很高兴遇见你.mp3,很高兴遇见你,QQ Music only
52,QQ音乐,QQ Music,2022,11,2022-11,9,赐我,一只白羊,一只白羊 - 赐我.mp3,赐我,QQ Music only
33,QQ音乐,QQ Music,2022,11,2022-11,10,100,TizzyT,TizzyT - 100.mp3,100,QQ Music only
54,QQ音乐,QQ Music,2022,12,2022-12,1,Right Track,严浩翔,严浩翔 - Right Track.mp3,righttrack,QQ Music only
311,QQ音乐,QQ Music,2022,12,2022-12,2,偷,马嘉祺,马嘉祺 - 偷.mp3,偷,QQ Music only
85,QQ音乐,QQ Music,2022,12,2022-12,3,我想更懂你,刘鑫禹/苏苏老师,刘鑫禹 _ 苏苏老师 - 我想更懂你.mp3,我想更懂你,QQ Music only
71,QQ音乐,QQ Music,2022,12,2022-12,4,时光旅途 (纯音乐版),CMJ,兰秋月 - 时光旅途.mp3,时光旅途,QQ Music only
99,QQ音乐,QQ Music,2022,12,2022-12,5,流光,周深,周深 - 流光.mp3,流光,QQ Music only
52,QQ音乐,QQ Music,2022,12,2022-12,6,赐我,一只白羊,一只白羊 - 赐我.mp3,赐我,QQ Music only
108,QQ音乐,QQ Music,2022,12,2022-12,7,逐月,周深,周深 - 逐月.mp3,逐月,QQ Music only
186,QQ音乐,QQ Music,2022,12,2022-12,8,Falling You,曾可妮/都智文,曾可妮 _ 都智文 - Falling You.mp3,fallingyou,QQ Music only
82,QQ音乐,QQ Music,2022,12,2022-12,9,不冬眠,刘耀文,刘耀文 - 不冬眠.mp3,不冬眠,QQ Music only
117,QQ音乐,QQ Music,2023,3,2023-03,1,5:23PM,宋亚轩,宋亚轩 - 5_23PM.mp3,523pm,QQ Music only
192,QQ音乐,QQ Music,2023,3,2023-03,2,乌梅子酱,李荣浩,李荣浩 - 乌梅子酱.mp3,乌梅子酱,QQ Music only
97,QQ音乐,QQ Music,2023,3,2023-03,3,意犹在,周深,周深 - 意犹在.mp3,意犹在,QQ Music only
153,QQ音乐,QQ Music,2023,3,2023-03,4,我会等,承桓,承桓 - 我会等.mp3,我会等,QQ Music only
295,QQ音乐,QQ Music,2023,3,2023-03,5,苦咖啡·唯一,那奇沃夫/KKECHO,那奇沃夫 _ KKECHO - 苦咖啡·唯一.mp3,苦咖啡唯一,QQ Music only
109,QQ音乐,QQ Music,2023,3,2023-03,6,铃芽之旅,周深,周深 - 铃芽之旅.mp3,铃芽之旅,QQ Music only
9,QQ音乐,QQ Music,2023,3,2023-03,7,雪 Distance,Capper/罗言RollFlash,Capper _ 罗言RollFlash - 雪 Distance.mp3,雪distance,Both platforms
151,QQ音乐,QQ Music,2023,3,2023-03,8,顿啦 爱你 (小花版),弹棉花的小花,弹棉花的小花 - 顿啦 爱你 (小花版).mp3,顿啦爱你,QQ Music only
173,QQ音乐,QQ Music,2023,3,2023-03,9,桃花诺,旺仔小乔,旺仔小乔 - 桃花诺.mp3,桃花诺,QQ Music only
52,QQ音乐,QQ Music,2023,3,2023-03,10,赐我,一只白羊,一只白羊 - 赐我.mp3,赐我,QQ Music only
175,QQ音乐,QQ Music,2023,4,2023-04,1,20:55,易烊千玺,易烊千玺 - 20_55.mp3,2055,QQ Music only
153,QQ音乐,QQ Music,2023,4,2023-04,3,我会等,承桓,承桓 - 我会等.mp3,我会等,QQ Music only
83,QQ音乐,QQ Music,2023,4,2023-04,4,耀眼的你,刘耀文,刘耀文 - 耀眼的你.mp3,耀眼的你,QQ Music only
317,QQ音乐,QQ Music,2023,4,2023-04,5,要不然我们就这样一万年,黄霄雲,黄霄雲 - 要不然我们就这样一万年.mp3,要不然我们就这样一万年,QQ Music only
52,QQ音乐,QQ Music,2023,4,2023-04,6,赐我,一只白羊,一只白羊 - 赐我.mp3,赐我,QQ Music only
9,QQ音乐,QQ Music,2023,4,2023-04,7,雪 Distance,Capper/罗言RollFlash,Capper _ 罗言RollFlash - 雪 Distance.mp3,雪distance,Both platforms
151,QQ音乐,QQ Music,2023,4,2023-04,8,顿啦 爱你 (小花版),弹棉花的小花,弹棉花的小花 - 顿啦 爱你 (小花版).mp3,顿啦爱你,QQ Music only
173,QQ音乐,QQ Music,2023,4,2023-04,9,桃花诺,旺仔小乔,旺仔小乔 - 桃花诺.mp3,桃花诺,QQ Music only
170,QQ音乐,QQ Music,2023,4,2023-04,10,背对地球奔跑,时代少年团,时代少年团 - 背对地球奔跑.mp3,背对地球奔跑,QQ Music only
140,QQ音乐,QQ Music,2023,5,2023-05,1,Alive,张艺兴,张艺兴 - Alive.mp3,alive,QQ Music only
148,QQ音乐,QQ Music,2023,5,2023-05,2,同感 (倾诉版),张远,张远 - 同感 (倾诉版).mp3,同感,QQ Music only
73,QQ音乐,QQ Music,2023,5,2023-05,3,春晖,刘宇,刘宇 - 春晖.mp3,春晖,QQ Music only
100,QQ音乐,QQ Music,2023,5,2023-05,4,浮游,周深,周深 - 浮游.mp3,浮游,QQ Music only
9,QQ音乐,QQ Music,2023,5,2023-05,5,雪 Distance,Capper/罗言RollFlash,Capper _ 罗言RollFlash - 雪 Distance.mp3,雪distance,Both platforms
172,QQ音乐,QQ Music,2023,5,2023-05,6,青春不枉,时代少年团,时代少年团 - 青春不枉.mp3,青春不枉,QQ Music only
299,QQ音乐,QQ Music,2023,5,2023-05,7,同感 (倾听版),郁可唯,郁可唯 - 同感 (倾听版).mp3,同感,QQ Music only
153,QQ音乐,QQ Music,2023,5,2023-05,8,我会等,承桓,承桓 - 我会等.mp3,我会等,QQ Music only
287,QQ音乐,QQ Music,2023,5,2023-05,10,界,袁娅维TIA RAY,袁娅维TIA RAY - 界.mp3,界,QQ Music only
140,QQ音乐,QQ Music,2023,6,2023-06,1,Alive,张艺兴,张艺兴 - Alive.mp3,alive,QQ Music only
254,QQ音乐,QQ Music,2023,6,2023-06,2,听悲伤的情歌,苏星婕,苏星婕 - 听悲伤的情歌.mp3,听悲伤的情歌,QQ Music only
274,QQ音乐,QQ Music,2023,6,2023-06,3,崇拜,薛之谦,薛之谦 - 崇拜.mp3,崇拜,Both platforms
102,QQ音乐,QQ Music,2023,6,2023-06,4,璀璨冒险人,周深,周深 - 璀璨冒险人.mp3,璀璨冒险人,QQ Music only
138,QQ音乐,QQ Music,2023,6,2023-06,5,笼,张碧晨,张碧晨 - 笼.mp3,笼,Both platforms
5,QQ音乐,QQ Music,2023,6,2023-06,6,Summer Summer,AK刘彰,AK刘彰 - Summer Summer.mp3,summersummer,QQ Music only
293,QQ音乐,QQ Music,2023,6,2023-06,7,Eyes For You,贺峻霖,贺峻霖 - Eyes For You.mp3,eyesforyou,QQ Music only
57,QQ音乐,QQ Music,2023,6,2023-06,8,天若有情,云狗蛋,云狗蛋 - 天若有情.mp3,天若有情,QQ Music only
86,QQ音乐,QQ Music,2023,6,2023-06,10,闪光的童话,刘雨昕,刘雨昕 - 闪光的童话.mp3,闪光的童话,QQ Music only
254,QQ音乐,QQ Music,2023,7,2023-07,1,听悲伤的情歌,苏星婕,苏星婕 - 听悲伤的情歌.mp3,听悲伤的情歌,QQ Music only
166,QQ音乐,QQ Music,2023,7,2023-07,2,楼外楼,时代少年团,时代少年团 - 楼外楼.mp3,楼外楼,QQ Music only
138,QQ音乐,QQ Music,2023,7,2023-07,3,笼,张碧晨,张碧晨 - 笼.mp3,笼,Both platforms
171,QQ音乐,QQ Music,2023,7,2023-07,4,躺着真舒服,时代少年团,时代少年团 - 躺着真舒服.mp3,躺着真舒服,QQ Music only
120,QQ音乐,QQ Music,2023,7,2023-07,5,向云端,小霞/海洋Bo,小霞 _ 海洋Bo - 向云端.mp3,向云端,Both platforms
72,QQ音乐,QQ Music,2023,7,2023-07,6,罗刹海市,刀郎,刀郎 - 罗刹海市.mp3,罗刹海市,Both platforms
150,QQ音乐,QQ Music,2023,7,2023-07,7,星光,张靓颖,张靓颖 - 星光.mp3,星光,QQ Music only
208,QQ音乐,QQ Music,2023,7,2023-07,8,舟,毛不易,毛不易 - 舟.mp3,舟,QQ Music only
113,QQ音乐,QQ Music,2023,7,2023-07,9,夏日妄想,周深/美依礼芽MARiA/王者荣耀,周深 _ 美依礼芽MARiA _ 王者荣耀 - 夏日妄想.mp3,夏日妄想,QQ Music only
88,QQ音乐,QQ Music,2023,7,2023-07,10,想你时风起,单依纯,单依纯 - 想你时风起.mp3,想你时风起,QQ Music only
79,QQ音乐,QQ Music,2023,8,2023-08,1,FEEL ME,刘耀文,刘耀文 - FEEL ME.mp3,feelme,QQ Music only
310,QQ音乐,QQ Music,2023,8,2023-08,2,Fri Friday,马嘉祺,马嘉祺 - Fri Friday.mp3,frifriday,QQ Music only
53,QQ音乐,QQ Music,2023,8,2023-08,3,No Complaints,严浩翔,严浩翔 - No Complaints.mp3,nocomplaints,QQ Music only
254,QQ音乐,QQ Music,2023,8,2023-08,4,听悲伤的情歌,苏星婕,苏星婕 - 听悲伤的情歌.mp3,听悲伤的情歌,QQ Music only
257,QQ音乐,QQ Music,2023,8,2023-08,5,悬溺,葛东琪,葛东琪 - 悬溺.mp3,悬溺,QQ Music only
72,QQ音乐,QQ Music,2023,8,2023-08,6,罗刹海市,刀郎,刀郎 - 罗刹海市.mp3,罗刹海市,Both platforms
309,QQ音乐,QQ Music,2023,8,2023-08,7,Forever Child,马嘉祺,马嘉祺 - Forever Child.mp3,foreverchild,QQ Music only
41,QQ音乐,QQ Music,2023,8,2023-08,8,毒药,Zealot周星星,Zealot周星星 - 毒药.mp3,毒药,QQ Music only
225,QQ音乐,QQ Music,2023,8,2023-08,9,回望,王俊凯,王俊凯 - 回望.mp3,回望,QQ Music only
113,QQ音乐,QQ Music,2023,8,2023-08,10,夏日妄想,周深/美依礼芽MARiA/王者荣耀,周深 _ 美依礼芽MARiA _ 王者荣耀 - 夏日妄想.mp3,夏日妄想,QQ Music only
78,QQ音乐,QQ Music,2023,9,2023-09,1,Blue,刘耀文,刘耀文 - Blue.mp3,blue,QQ Music only
257,QQ音乐,QQ Music,2023,9,2023-09,2,悬溺,葛东琪,葛东琪 - 悬溺.mp3,悬溺,QQ Music only
18,QQ音乐,QQ Music,2023,9,2023-09,3,我的纸飞机,GooGoo/王之睿,GooGoo _ 王之睿 - 我的纸飞机.mp3,我的纸飞机,QQ Music only
49,QQ音乐,QQ Music,2023,9,2023-09,4,我走后 (深情版),en (王翊恩),en (王翊恩) - 我走后 (深情版).mp3,我走后,QQ Music only
50,QQ音乐,QQ Music,2023,9,2023-09,6,最好的安排 (深情版),en (王翊恩),en (王翊恩) - 最好的安排 (深情版).mp3,最好的安排,QQ Music only
125,QQ音乐,QQ Music,2023,9,2023-09,7,正好青春,希林娜依高/Kirsty刘瑾睿,希林娜依高 _ Kirsty刘瑾睿 - 正好青春.mp3,正好青春,QQ Music only
310,QQ音乐,QQ Music,2023,9,2023-09,8,Fri Friday,马嘉祺,马嘉祺 - Fri Friday.mp3,frifriday,QQ Music only
126,QQ音乐,QQ Music,2023,9,2023-09,9,独处时听的歌,庄东茹,庄东茹 - 独处时听的歌.mp3,独处时听的歌,QQ Music only
124,QQ音乐,QQ Music,2023,9,2023-09,10,等风吹来,希林娜依高,希林娜依高 - 等风吹来_H.mp3,等风吹来,QQ Music only
18,QQ音乐,QQ Music,2023,10,2023-10,2,我的纸飞机,GooGoo/王之睿,GooGoo _ 王之睿 - 我的纸飞机.mp3,我的纸飞机,QQ Music only
25,QQ音乐,QQ Music,2023,10,2023-10,5,有你在,Rosy赵露思,Rosy赵露思 - 有你在.mp3,有你在,QQ Music only
129,QQ音乐,QQ Music,2023,10,2023-10,6,琉璃盏,张云雷,张云雷 - 琉璃盏.mp3,琉璃盏,QQ Music only
47,QQ音乐,QQ Music,2023,10,2023-10,7,太阳 (深情版),en (王翊恩),en (王翊恩) - 太阳 (深情版).mp3,太阳,QQ Music only
48,QQ音乐,QQ Music,2023,10,2023-10,8,意外 (深情版),en (王翊恩),en (王翊恩) - 意外 (深情版).mp3,意外,QQ Music only
47,QQ音乐,QQ Music,2023,10,2023-10,9,太阳 (你看着我眼睛),刘鹏,en (王翊恩) - 太阳 (深情版).mp3,太阳,QQ Music only
46,QQ音乐,QQ Music,2023,11,2023-11,2,其实都没有 (深情版),en (王翊恩),en (王翊恩) - 其实都没有 (深情版).mp3,其实都没有,QQ Music only
35,QQ音乐,QQ Music,2023,11,2023-11,3,冷战,TizzyT/万妮达Vinida Weng,TizzyT _ 万妮达Vinida Weng - 冷战.mp3,冷战,QQ Music only
18,QQ音乐,QQ Music,2023,11,2023-11,7,我的纸飞机,GooGoo/王之睿,GooGoo _ 王之睿 - 我的纸飞机.mp3,我的纸飞机,QQ Music only
46,QQ音乐,QQ Music,2023,11,2023-11,10,其实都没有,半吨兄弟,en (王翊恩) - 其实都没有 (深情版).mp3,其实都没有,QQ Music only
35,QQ音乐,QQ Music,2023,12,2023-12,1,冷战,TizzyT/万妮达Vinida Weng,TizzyT _ 万妮达Vinida Weng - 冷战.mp3,冷战,QQ Music only
14,QQ音乐,QQ Music,2023,12,2023-12,2,句号,G.E.M.邓紫棋,G_E_M_邓紫棋 - 句号.mp3,句号,QQ Music only
35,QQ音乐,QQ Music,2024,3,2024-03,2,冷战,TizzyT/万妮达Vinida Weng,TizzyT _ 万妮达Vinida Weng - 冷战.mp3,冷战,QQ Music only
35,QQ音乐,QQ Music,2024,4,2024-04,2,冷战,TizzyT/万妮达Vinida Weng,TizzyT _ 万妮达Vinida Weng - 冷战.mp3,冷战,QQ Music only
35,QQ音乐,QQ Music,2024,5,2024-05,5,冷战,TizzyT/万妮达Vinida Weng,TizzyT _ 万妮达Vinida Weng - 冷战.mp3,冷战,QQ Music only
45,QQ音乐,QQ Music,2024,6,2024-06,8,下雨天,en (王翊恩),en (王翊恩) - 下雨天.mp3,下雨天,QQ Music only
40,QQ音乐,QQ Music,2024,10,2024-10,1,偏向 (百万赞版),Z,Z - 偏向 (百万赞版).mp3,偏向,QQ Music only
376,网易云,NetEase Cloud Music,2018,0,2018,1,天份,薛之谦,薛之谦 - 天份.mp3,天份,Both platforms
362,网易云,NetEase Cloud Music,2018,0,2018,1,不染,毛不易,毛不易 - 不染.mp3,不染,NetEase only
344,网易云,NetEase Cloud Music,2019,0,2019,1,好想爱这个世界啊,华晨宇,华晨宇 - 好想爱这个世界啊 (Live).mp3,好想爱这个世界啊,NetEase only
331,网易云,NetEase Cloud Music,2019,0,2019,1,I Love You 3000 II,88rising / Stephanie Poetri / 王嘉尔,Stephanie Poetri - I Love You 3000.mp3,iloveyou3000ii,NetEase only
377,网易云,NetEase Cloud Music,2020,0,2020,1,天外来物,薛之谦,薛之谦 - 天外来物.mp3,天外来物,Both platforms
343,网易云,NetEase Cloud Music,2020,0,2020,2,会不会（吉他版）,刘大壮,刘大壮 - 会不会.mp3,会不会,NetEase only
325,网易云,NetEase Cloud Music,2020,0,2020,3,经济舱（Live）,Kafe.Hu,KAFE.HU胡懿 - 经济舱 (Live).mp3,经济舱,NetEase only
383,网易云,NetEase Cloud Music,2020,0,2020,0,与我无关,阿冗,阿冗 - 与我无关.mp3,与我无关,NetEase only
340,网易云,NetEase Cloud Music,2020,0,2020,0,丢了你,井胧,井胧 - 丢了你.mp3,丢了你,NetEase only
338,网易云,NetEase Cloud Music,2020,0,2020,0,海底,一支榴莲,一支榴莲 - 海底.mp3,海底,NetEase only
336,网易云,NetEase Cloud Music,2020,0,2020,0,他只是经过,h3R3 / Felix Bennett,h3R3; 高旭 - 他只是经过.mp3,他只是经过,NetEase only
344,网易云,NetEase Cloud Music,2020,0,2020,0,好想爱这个世界啊（Live）,华晨宇,华晨宇 - 好想爱这个世界啊 (Live).mp3,好想爱这个世界啊,NetEase only
345,网易云,NetEase Cloud Music,2020,0,2020,1,不想睡,周深,周深 - 不想睡.mp3,不想睡,NetEase only
346,网易云,NetEase Cloud Music,2020,0,2020,1,化身孤岛的鲸,周深,周深 - 化身孤岛的鲸.mp3,化身孤岛的鲸,NetEase only
349,网易云,NetEase Cloud Music,2020,0,2020,1,资深庸才,周深,周深; 王子zione - 资深庸才.mp3,资深庸才,NetEase only
373,网易云,NetEase Cloud Music,2021,0,2021,1,这世界那么多人,莫文蔚,莫文蔚 - 这世界那么多人.mp3,这世界那么多人,NetEase only
384,网易云,NetEase Cloud Music,2021,0,2021,2,孤勇者,陈奕迅,陈奕迅 - 孤勇者.mp3,孤勇者,NetEase only
323,网易云,NetEase Cloud Music,2021,0,2021,3,Promise,HARIKIRI / 马思唯 / 朴宰范,HARIKIRI; 马思唯; 朴宰范 - Promise.mp3,promise,NetEase only
375,网易云,NetEase Cloud Music,2021,0,2021,4,变废为宝,薛之谦,薛之谦 - 变废为宝.mp3,变废为宝,Both platforms
348,网易云,NetEase Cloud Music,2021,0,2021,5,望,周深,周深 - 望.mp3,望,NetEase only
363,网易云,NetEase Cloud Music,2021,0,2021,6,生活在别处的你 Another me,毛不易 / 中島美嘉,毛不易; 中島美嘉 - 生活在别处的你 Another me.mp3,生活在别处的你anotherme,NetEase only
319,网易云,NetEase Cloud Music,2021,0,2021,7,Easy On Me,Adele,Adele - Easy On Me.mp3,easyonme,NetEase only
351,网易云,NetEase Cloud Music,2021,0,2021,8,萱草花,张小斐,张小斐 - 萱草花.mp3,萱草花,Both platforms
359,网易云,NetEase Cloud Music,2021,0,2021,9,纵横四海,李荣浩,李荣浩 - 纵横四海.mp3,纵横四海,NetEase only
369,网易云,NetEase Cloud Music,2021,0,2021,10,Drive You Home,王嘉尔 / Internet Money,王嘉尔; Internet Money - Drive You Home.mp3,driveyouhome,NetEase only
379,网易云,NetEase Cloud Music,2022,0,2022,1,可,薛之谦 / 张靓颖,薛之谦; 张靓颖 - 可.mp3,可,Both platforms
382,网易云,NetEase Cloud Music,2022,0,2022,2,我记得,赵雷,赵雷 - 我记得.mp3,我记得,NetEase only
385,网易云,NetEase Cloud Music,2022,0,2022,3,人世间,雷佳,雷佳 - 人世间.mp3,人世间,NetEase only
333,网易云,NetEase Cloud Music,2022,0,2022,4,Bet On Me (Organic Version),Walk off the Earth / D Smoke,Walk off the Earth; D Smoke - Bet On Me (Organic Version).mp3,betonme,NetEase only
374,网易云,NetEase Cloud Music,2022,0,2022,5,Hug me（抱我）,蔡徐坤,蔡徐坤 - Hug me (抱我).mp3,hugme,Both platforms
360,网易云,NetEase Cloud Music,2022,0,2022,6,紫荆花盛开,李荣浩 / 梁咏琪,李荣浩; 梁咏琪 - 紫荆花盛开.mp3,紫荆花盛开,NetEase only
337,网易云,NetEase Cloud Music,2022,0,2022,7,TOMBOY,(G)I-DLE,i-dle - TOMBOY.mp3,tomboy,NetEase only
381,网易云,NetEase Cloud Music,2022,0,2022,8,留香,许嵩,许嵩 - 留香.mp3,留香,NetEase only
324,网易云,NetEase Cloud Music,2022,0,2022,9,Bones,Imagine Dragons,Imagine Dragons - Bones.mp3,bones,NetEase only
322,网易云,NetEase Cloud Music,2022,0,2022,10,GLORIA,G.E.M. 邓紫棋,G.E.M.邓紫棋 - GLORIA.mp3,gloria,NetEase only
379,网易云,NetEase Cloud Music,2022,0,2022,1,可,薛之谦 / 张靓颖,薛之谦; 张靓颖 - 可.mp3,可,Both platforms
333,网易云,NetEase Cloud Music,2022,0,2022,1,Bet On Me (Organic Version),Walk off the Earth / D Smoke,Walk off the Earth; D Smoke - Bet On Me (Organic Version).mp3,betonme,NetEase only
337,网易云,NetEase Cloud Music,2022,0,2022,1,TOMBOY,(G)I-DLE,i-dle - TOMBOY.mp3,tomboy,NetEase only
321,网易云,NetEase Cloud Music,2023,0,2023,1,雪 Distance,Capper / 罗言,Capper; 罗言 - 雪 Distance.mp3,雪distance,Both platforms
350,网易云,NetEase Cloud Music,2023,0,2023,2,向云端,小霞 / 海洋Bo,小霞; 海洋Bo - 向云端.mp3,向云端,Both platforms
352,网易云,NetEase Cloud Music,2023,0,2023,3,笼,张碧晨,张碧晨 - 笼.mp3,笼,Both platforms
364,网易云,NetEase Cloud Music,2023,0,2023,4,我想念,汪苏泷,汪苏泷 - 我想念.mp3,我想念,NetEase only
341,网易云,NetEase Cloud Music,2023,0,2023,5,罗刹海市,刀郎,刀郎 - 罗刹海市.mp3,罗刹海市,Both platforms
367,网易云,NetEase Cloud Music,2023,0,2023,6,风驶过的声音是,海洋Bo / 费米Frieme / Zy,海洋Bo; 费米Frieme; Zy - 风驶过的声音是.mp3,风驶过的声音是,NetEase only
378,网易云,NetEase Cloud Music,2023,0,2023,8,崇拜,薛之谦,薛之谦 - 崇拜.mp3,崇拜,Both platforms
366,网易云,NetEase Cloud Music,2023,0,2023,9,C级浪漫,法老 / 邓典果DDG / KnowKnow,法老; 邓典果DDG; KnowKnow - C级浪漫.mp3,c级浪漫,NetEase only
368,网易云,NetEase Cloud Music,2023,0,2023,10,佤咖啡,王云宏,王云宏 - 佤咖啡.mp3,佤咖啡,NetEase only
321,网易云,NetEase Cloud Music,2023,0,2023,1,雪 Distance,Capper / 罗言,Capper; 罗言 - 雪 Distance.mp3,雪distance,Both platforms
327,网易云,NetEase Cloud Music,2023,0,2023,1,If We Ever Broke Up,Mae Stephens,Mae Stephens - If We Ever Broke Up.mp3,ifweeverbrokeup,NetEase only
334,网易云,NetEase Cloud Music,2023,0,2023,1,アイドル,YOASOBI,YOASOBI - アイドル.mp3,アイトル,NetEase only
365,网易云,NetEase Cloud Music,2024,0,2024,1,如果爱忘了（live）,汪苏泷 / 单依纯,汪苏泷; 单依纯 - 如果爱忘了 (live).mp3,如果爱忘了,NetEase only
342,网易云,NetEase Cloud Music,2024,0,2024,2,5:20AM,刀酱,刀酱 - 5_20AM.mp3,520am,NetEase only
357,网易云,NetEase Cloud Music,2024,0,2024,3,Dehors（中法合唱版）,曾舜晞 / JORDANN,曾舜晞; JORDANN - Dehors（中法合唱版）.mp3,dehors,NetEase only
330,网易云,NetEase Cloud Music,2024,0,2024,4,APT.,ROSÉ / Bruno Mars,ROSÉ; Bruno Mars - APT..mp3,apt,NetEase only
361,网易云,NetEase Cloud Music,2024,0,2024,5,若月亮没来（若是月亮还没来）,王宇宙Leto / 乔浚丞,杨宗纬; 宝石Gem; 王宇宙Leto - 若月亮没来 (Live版).mp3,若月亮没来,NetEase only
347,网易云,NetEase Cloud Music,2024,0,2024,6,小美满,周深,周深 - 小美满.mp3,小美满,NetEase only
358,网易云,NetEase Cloud Music,2024,0,2024,7,小孩（Live）,罗森涛,李宇春; 罗森涛 - 小孩 (Live版).mp3,小孩,NetEase only
332,网易云,NetEase Cloud Music,2024,0,2024,8,Fortnight,Taylor Swift / Post Malone,Taylor Swift; Post Malone - Fortnight.mp3,fortnight,NetEase only
356,网易云,NetEase Cloud Music,2024,0,2024,9,才二十三,方大同,方大同 - 才二十三.mp3,才二十三,NetEase only
380,网易云,NetEase Cloud Music,2024,0,2024,10,未必,言瑾羽,言瑾羽 - 未必.mp3,未必,NetEase only
