song_id,title,artist,platforms,n_appearances,file,overlap_class
0,就忘了吧,1K,QQ Music,1,1K - 就忘了吧.mp3,QQ Music only
1,粉红法拉利,404 RAPPER/AZ啊之,QQ Music,1,404 RAPPER _ AZ啊之 - 粉红法拉利.mp3,QQ Music only
2,有一种悲伤,A-Lin,QQ Music,1,A-Lin - 有一种悲伤.mp3,QQ Music only
3,Butterfly,A1 TRIP/Nick.Y,QQ Music,2,A1 TRIP _ Nick_Y - Butterfly.mp3,QQ Music only
4,放空,A1 TRIP/大籽/Lil E,QQ Music,2,A1 TRIP _ 大籽 _ Lil E - 放空.mp3,QQ Music only
5,Summer Summer,AK刘彰,QQ Music,1,AK刘彰 - Summer Summer.mp3,QQ Music only
6,Darkside,Alan Walker/Au/Ra/Tomine Harket,QQ Music,1,Alan Walker _ Au_Ra _ Tomine Harket - Darkside.mp3,QQ Music only
7,爱丫爱丫,BY2,QQ Music,1,BY2 - 爱丫爱丫.mp3,QQ Music only
8,1022-比尔的歌,Bomb比尔,QQ Music,1,Bomb比尔 - 1022-比尔的歌.mp3,QQ Music only
9,雪 Distance,Capper/罗言RollFlash,QQ Music,3,Capper _ 罗言RollFlash - 雪 Distance.mp3,Both platforms
10,一百万个可能,Christine Welch,QQ Music,1,Christine Welch - 一百万个可能.mp3,QQ Music only
11,解药 (新版),来一碗老于,QQ Music,3,Fanfan - 解药.mp3,QQ Music only
12,画 (Live Piano Session Ⅱ),G.E.M.邓紫棋,QQ Music,2,G_E_M_ 邓紫棋 - 画 (Live Piano Session Ⅱ).mp3,QQ Music only
13,光年之外,G.E.M.邓紫棋,QQ Music,5,G_E_M_邓紫棋 - 光年之外.mp3,QQ Music only
14,句号,G.E.M.邓紫棋,QQ Music,4,G_E_M_邓紫棋 - 句号.mp3,QQ Music only
15,差不多姑娘,G.E.M.邓紫棋,QQ Music,1,G_E_M_邓紫棋 - 差不多姑娘.mp3,QQ Music only
16,来自天堂的魔鬼,G.E.M.邓紫棋,QQ Music,3,G_E_M_邓紫棋 - 来自天堂的魔鬼.mp3,QQ Music only
17,拜托了世界,Ghost (王琳凯),QQ Music,1,Ghost (王琳凯) - 拜托了世界.mp3,QQ Music only
18,我的纸飞机,GooGoo/王之睿,QQ Music,3,GooGoo _ 王之睿 - 我的纸飞机.mp3,QQ Music only
19,当你孤单你会想起谁,HENRY刘宪华,QQ Music,1,HENRY刘宪华 - 当你孤单你会想起谁.mp3,QQ Music only
20,迷失幻境,IN-K/王忻辰,QQ Music,2,IN-K _ 王忻辰 - 迷失幻境.mp3,QQ Music only
21,心如止水,Ice Paper,QQ Music,2,Ice Paper - 心如止水.mp3,QQ Music only
22,溺海直觉,Joysaaaa,QQ Music,1,Joysaaaa - 溺海直觉.mp3,QQ Music only
23,晚风作酒,L（桃籽）/周林枫/三楠,QQ Music,2,L（桃籽） _ 周林枫 _ 三楠 - 晚风作酒.mp3,QQ Music only
24,That Girl,Olly Murs,QQ Music,3,Olly Murs - That Girl.mp3,QQ Music only
25,有你在,Rosy赵露思,QQ Music,1,Rosy赵露思 - 有你在.mp3,QQ Music only
26,Way Back Home,SHAUN (숀),QQ Music,1,SHAUN - Way Back Home.mp3,QQ Music only
27,和你在一起,TFBOYS,QQ Music,1,TFBOYS - 和你在一起.mp3,QQ Music only
28,喜欢你 (Live),希林娜依高,QQ Music,2,TFBOYS - 喜欢你.mp3,QQ Music only
29,我的朋友,TFBOYS,QQ Music,1,TFBOYS - 我的朋友.mp3,QQ Music only
30,最好的那年,TFBOYS,QQ Music,1,TFBOYS - 最好的那年.mp3,QQ Music only
31,第一次告白,TFBOYS,QQ Music,1,TFBOYS - 第一次告白.mp3,QQ Music only
32,STAY (Explicit),The Kid LAROI/Justin Bieber,QQ Music,1,The Kid LAROI _ Justin Bieber - STAY (Explicit).mp3,QQ Music only
33,100,TizzyT,QQ Music,3,TizzyT - 100.mp3,QQ Music only
34,Winner Winner,TizzyT/Jony J/和平精英,QQ Music,1,TizzyT _ Jony J _ 和平精英 - Winner Winner.mp3,QQ Music only
35,冷战,TizzyT/万妮达Vinida Weng,QQ Music,5,TizzyT _ 万妮达Vinida Weng - 冷战.mp3,QQ Music only
36,别再对我好,Uu (刘梦妤),QQ Music,1,Uu (刘梦妤) - 别再对我好.mp3,QQ Music only
37,气象站台,Uu (刘梦妤),QQ Music,1,Uu (刘梦妤) - 气象站台.mp3,QQ Music only
38,那女孩对我说,Uu (刘梦妤),QQ Music,1,Uu (刘梦妤) - 那女孩对我说.mp3,QQ Music only
39,那男孩还好吗,Uu (刘梦妤),QQ Music,1,Uu (刘梦妤) - 那男孩还好吗.mp3,QQ Music only
40,偏向 (百万赞版),Z,QQ Music,1,Z - 偏向 (百万赞版).mp3,QQ Music only
41,毒药,Zealot周星星,QQ Music,1,Zealot周星星 - 毒药.mp3,QQ Music only
42,堕,Zyboy忠宇,QQ Music,1,Zyboy忠宇 - 堕.mp3,QQ Music only
43,妈妈的话,Zyboy忠宇,QQ Music,3,Zyboy忠宇 - 妈妈的话.mp3,QQ Music only
44,我看过,cici_,QQ Music,1,cici_ - 我看过.mp3,QQ Music only
45,下雨天,en (王翊恩),QQ Music,1,en (王翊恩) - 下雨天.mp3,QQ Music only
46,其实都没有,半吨兄弟,QQ Music,2,en (王翊恩) - 其实都没有 (深情版).mp3,QQ Music only
47,太阳 (你看着我眼睛),刘鹏,QQ Music,2,en (王翊恩) - 太阳 (深情版).mp3,QQ Music only
48,意外 (深情版),en (王翊恩),QQ Music,1,en (王翊恩) - 意外 (深情版).mp3,QQ Music only
49,我走后 (深情版),en (王翊恩),QQ Music,1,en (王翊恩) - 我走后 (深情版).mp3,QQ Music only
50,最好的安排 (深情版),en (王翊恩),QQ Music,1,en (王翊恩) - 最好的安排 (深情版).mp3,QQ Music only
51,差一个时辰,ycccc,QQ Music,1,ycccc - 差一个时辰.mp3,QQ Music only
52,赐我,一只白羊,QQ Music,4,一只白羊 - 赐我.mp3,QQ Music only
53,No Complaints,严浩翔,QQ Music,1,严浩翔 - No Complaints.mp3,QQ Music only
54,Right Track,严浩翔,QQ Music,1,严浩翔 - Right Track.mp3,QQ Music only
55,Y,严浩翔,QQ Music,1,严浩翔 - Y.mp3,QQ Music only
56,尾号6208,严浩翔,QQ Music,1,严浩翔 - 尾号6208.mp3,QQ Music only
57,天若有情,云狗蛋,QQ Music,1,云狗蛋 - 天若有情.mp3,QQ Music only
58,彼岸,井胧/井迪,QQ Music,2,井胧 _ 井迪 - 彼岸.mp3,QQ Music only
59,骁,井胧/井迪,QQ Music,2,井胧 _ 井迪 - 骁.mp3,QQ Music only
60,金玉良缘,付雪,QQ Music,1,付雪 - 金玉良缘.mp3,QQ Music only
61,如一,任嘉伦,QQ Music,2,任嘉伦 - 如一.mp3,QQ Music only
62,一去不回的时光,任然,QQ Music,1,任然 - 一去不回的时光.mp3,QQ Music only
63,小朋友,任然,QQ Music,1,任然 - 小朋友.mp3,QQ Music only
64,念,任然,QQ Music,1,任然 - 念.mp3,QQ Music only
65,锁在轮回,任然,QQ Music,1,任然 - 锁在轮回.mp3,QQ Music only
66,飞鸟和蝉,任然,QQ Music,2,任然 - 飞鸟和蝉.mp3,QQ Music only
67,朱砂,任然/Xun,QQ Music,2,任然 _ Xun - 朱砂.mp3,QQ Music only
68,时光采样 (钢琴版),伏仪,QQ Music,1,伏仪 - 时光采样 (钢琴版).mp3,QQ Music only
69,初见,余昭源/叶里,QQ Music,1,余昭源 _ 叶里 - 初见.mp3,QQ Music only
70,太想爱你,余超颖,QQ Music,1,余超颖 - 太想爱你.mp3,QQ Music only
71,时光旅途 (纯音乐版),CMJ,QQ Music,1,兰秋月 - 时光旅途.mp3,QQ Music only
72,罗刹海市,刀郎,QQ Music,2,刀郎 - 罗刹海市.mp3,Both platforms
73,春晖,刘宇,QQ Music,1,刘宇 - 春晖.mp3,QQ Music only
74,天问,刘宇宁,QQ Music,3,刘宇宁 - 天问.mp3,QQ Music only
75,有多少爱可以重来,刘宇宁,QQ Music,1,刘宇宁 - 有多少爱可以重来.mp3,QQ Music only
76,梦华,刘宇宁,QQ Music,1,刘宇宁 - 梦华.mp3,QQ Music only
77,吟,刘美麟,QQ Music,1,刘美麟 - 吟.mp3,QQ Music only
78,Blue,刘耀文,QQ Music,1,刘耀文 - Blue.mp3,QQ Music only
79,FEEL ME,刘耀文,QQ Music,1,刘耀文 - FEEL ME.mp3,QQ Music only
80,Falling You,刘耀文,QQ Music,1,刘耀文 - Falling You.mp3,QQ Music only
81,Got You,刘耀文,QQ Music,1,刘耀文 - Got You.mp3,QQ Music only
82,不冬眠,刘耀文,QQ Music,1,刘耀文 - 不冬眠.mp3,QQ Music only
83,耀眼的你,刘耀文,QQ Music,1,刘耀文 - 耀眼的你.mp3,QQ Music only
84,遇见你,刘至佳,QQ Music,1,刘至佳 - 遇见你.mp3,QQ Music only
85,我想更懂你,刘鑫禹/苏苏老师,QQ Music,1,刘鑫禹 _ 苏苏老师 - 我想更懂你.mp3,QQ Music only
86,闪光的童话,刘雨昕,QQ Music,1,刘雨昕 - 闪光的童话.mp3,QQ Music only
87,爱上你是一个错,半吨兄弟,QQ Music,2,半吨兄弟 - 爱上你是一个错.mp3,QQ Music only
88,想你时风起,单依纯,QQ Music,1,单依纯 - 想你时风起.mp3,QQ Music only
89,侠者,叶炫清,QQ Music,1,叶炫清 - 侠者.mp3,QQ Music only
90,归去来兮,叶炫清,QQ Music,1,叶炫清 - 归去来兮.mp3,QQ Music only
91,大碗宽面,吴亦凡,QQ Music,2,吴亦为 - 大碗宽面.mp3,QQ Music only
92,万里挑一,周深,QQ Music,2,周深 - 万里挑一.mp3,QQ Music only
93,余情,周深,QQ Music,1,周深 - 余情.mp3,QQ Music only
94,卿卿,周深,QQ Music,1,周深 - 卿卿.mp3,QQ Music only
95,和光同尘,周深,QQ Music,1,周深 - 和光同尘.mp3,QQ Music only
96,在意,周深,QQ Music,1,周深 - 在意.mp3,QQ Music only
97,意犹在,周深,QQ Music,1,周深 - 意犹在.mp3,QQ Music only
98,拙慕,周深,QQ Music,1,周深 - 拙慕.mp3,QQ Music only
99,流光,周深,QQ Music,2,周深 - 流光.mp3,QQ Music only
100,浮游,周深,QQ Music,1,周深 - 浮游.mp3,QQ Music only
101,焰火,周深,QQ Music,1,周深 - 焰火.mp3,QQ Music only
102,璀璨冒险人,周深,QQ Music,1,周深 - 璀璨冒险人.mp3,QQ Music only
103,生活总该迎着光亮,周深,QQ Music,1,周深 - 生活总该迎着光亮.mp3,QQ Music only
104,繁星璀璨的天空,周深,QQ Music,1,周深 - 繁星璀璨的天空.mp3,QQ Music only
105,美美,周深,QQ Music,1,周深 - 美美.mp3,QQ Music only
106,花开忘忧,周深,QQ Music,1,周深 - 花开忘忧.mp3,QQ Music only
107,起风了,周深,QQ Music,1,周深 - 起风了.mp3,QQ Music only
108,逐月,周深,QQ Music,1,周深 - 逐月.mp3,QQ Music only
109,铃芽之旅,周深,QQ Music,1,周深 - 铃芽之旅.mp3,QQ Music only
110,鲛人之歌,周深,QQ Music,1,周深 - 鲛人之歌.mp3,QQ Music only
111,很高兴遇见你,周深/王者荣耀,QQ Music,1,周深 _ 王者荣耀 - 很高兴遇见你.mp3,QQ Music only
112,时结,周深/王者荣耀,QQ Music,1,周深 _ 王者荣耀 - 时结.mp3,QQ Music only
113,夏日妄想,周深/美依礼芽MARiA/王者荣耀,QQ Music,2,周深 _ 美依礼芽MARiA _ 王者荣耀 - 夏日妄想.mp3,QQ Music only
114,去流浪,周笔畅,QQ Music,1,周笔畅 - 去流浪.mp3,QQ Music only
115,今晚月色真美,姜云升/鞠婧祎/说唱者联盟,QQ Music,1,姜云升 _ 鞠婧祎 _ 说唱者联盟 - 今晚月色真美.mp3,QQ Music only
116,有生之年,孟梓,QQ Music,1,孟梓 - 有生之年.mp3,QQ Music only
117,5:23PM,宋亚轩,QQ Music,1,宋亚轩 - 5_23PM.mp3,QQ Music only
118,野狼disco,宝石Gem,QQ Music,5,宝石Gem - 野狼disco.mp3,QQ Music only
119,从前说,小阿七,QQ Music,1,小阿七 - 从前说.mp3,QQ Music only
120,向云端,小霞/海洋Bo,QQ Music,1,小霞 _ 海洋Bo - 向云端.mp3,Both platforms
121,一个人记得,尤长靖,QQ Music,1,尤长靖 - 一个人记得.mp3,QQ Music only
122,一颗星的夜,尤长靖,QQ Music,1,尤长靖 - 一颗星的夜.mp3,QQ Music only
123,逆流而上的你,尹姝贻,QQ Music,1,尹姝贻 - 逆流而上的你.mp3,QQ Music only
124,等风吹来,希林娜依高,QQ Music,1,希林娜依高 - 等风吹来_H.mp3,QQ Music only
125,正好青春,希林娜依高/Kirsty刘瑾睿,QQ Music,1,希林娜依高 _ Kirsty刘瑾睿 - 正好青春.mp3,QQ Music only
126,独处时听的歌,庄东茹,QQ Music,1,庄东茹 - 独处时听的歌.mp3,QQ Music only
127,真心,庄心妍,QQ Music,1,庄心妍 - 真心.mp3,QQ Music only
128,探清水河,张云雷,QQ Music,1,张云雷 - 探清水河.mp3,QQ Music only
129,琉璃盏,张云雷,QQ Music,1,张云雷 - 琉璃盏.mp3,QQ Music only
130,萱草花,张小斐,QQ Music,1,张小斐 - 萱草花.mp3,Both platforms
131,Cure The World,张杰,QQ Music,1,张杰 - Cure The World.mp3,QQ Music only
132,无药可救,张杰,QQ Music,1,张杰 - 无药可救.mp3,QQ Music only
133,时间的远方,张杰,QQ Music,1,张杰 - 时间的远方.mp3,QQ Music only
134,没说什么,张杰,QQ Music,1,张杰 - 没说什么.mp3,QQ Music only
135,沉香,张杰/张靓颖,QQ Music,1,张杰 _ 张靓颖 - 沉香.mp3,QQ Music only
136,为你而战,张杰/王者荣耀,QQ Music,1,张杰 _ 王者荣耀 - 为你而战.mp3,QQ Music only
137,如故,张碧晨,QQ Music,1,张碧晨 - 如故.mp3,QQ Music only
138,笼,张碧晨,QQ Music,2,张碧晨 - 笼.mp3,Both platforms
139,骗,张碧晨,QQ Music,1,张碧晨 - 骗.mp3,QQ Music only
140,Alive,张艺兴,QQ Music,2,张艺兴 - Alive.mp3,QQ Music only
141,Give Me A Chance,张艺兴,QQ Music,1,张艺兴 - Give Me A Chance.mp3,QQ Music only
142,会好的,张艺兴,QQ Music,1,张艺兴 - 会好的.mp3,QQ Music only
143,我不好,张艺兴,QQ Music,1,张艺兴 - 我不好.mp3,QQ Music only
144,玉 (Jade),张艺兴,QQ Music,1,张艺兴 - 玉 (Jade).mp3,QQ Music only
145,酒 (JIU),张艺兴,QQ Music,1,张艺兴 - 酒 (JIU).mp3,QQ Music only
146,面纱,张艺兴,QQ Music,1,张艺兴 - 面纱.mp3,QQ Music only
147,BOOM (R3hab Remix),张艺兴/R3HAB,QQ Music,1,张艺兴 _ R3HAB - BOOM (R3hab Remix).mp3,QQ Music only
148,同感 (倾诉版),张远,QQ Music,1,张远 - 同感 (倾诉版).mp3,QQ Music only
149,Pull Me Up,张靓颖,QQ Music,1,张靓颖 - Pull Me Up.mp3,QQ Music only
150,星光,张靓颖,QQ Music,1,张靓颖 - 星光.mp3,QQ Music only
151,顿啦 爱你 (小花版),弹棉花的小花,QQ Music,2,弹棉花的小花 - 顿啦 爱你 (小花版).mp3,QQ Music only
152,一起笑出来 (贺岁版),成龙/蔡徐坤,QQ Music,1,成龙 _ 蔡徐坤 - 一起笑出来 (贺岁版).mp3,QQ Music only
153,我会等,承桓,QQ Music,3,承桓 - 我会等.mp3,QQ Music only
154,乞丐,摩登兄弟,QQ Music,1,摩登兄弟 - 乞丐.mp3,QQ Music only
155,走马,摩登兄弟,QQ Music,1,摩登兄弟 - 走马.mp3,QQ Music only
156,我不是刘德华,新地/卢克,QQ Music,2,新地 _ 卢克 - 我不是刘德华.mp3,QQ Music only
157,Wake Me Up,无限王者团/王者荣耀,QQ Music,1,无限王者团 _ 王者荣耀 - Wake Me Up.mp3,QQ Music only
158,你要快乐,时代少年团,QQ Music,1,时代少年团 - 你要快乐.mp3,QQ Music only
159,侠,时代少年团,QQ Music,1,时代少年团 - 侠.mp3,QQ Music only
160,傻瓜,时代少年团,QQ Music,1,时代少年团 - 傻瓜.mp3,QQ Music only
161,哭泣的游戏,时代少年团,QQ Music,1,时代少年团 - 哭泣的游戏.mp3,QQ Music only
162,小小孩,时代少年团,QQ Music,1,时代少年团 - 小小孩.mp3,QQ Music only
163,少年时代,时代少年团,QQ Music,1,时代少年团 - 少年时代.mp3,QQ Music only
164,我喜欢你,时代少年团,QQ Music,1,时代少年团 - 我喜欢你.mp3,QQ Music only
165,有你的季节,时代少年团,QQ Music,1,时代少年团 - 有你的季节.mp3,QQ Music only
166,楼外楼,时代少年团,QQ Music,1,时代少年团 - 楼外楼.mp3,QQ Music only
167,渐暖,时代少年团,QQ Music,2,时代少年团 - 渐暖.mp3,QQ Music only
168,百忧戒,时代少年团,QQ Music,1,时代少年团 - 百忧戒.mp3,QQ Music only
169,绝配,时代少年团,QQ Music,2,时代少年团 - 绝配.mp3,QQ Music only
170,背对地球奔跑,时代少年团,QQ Music,1,时代少年团 - 背对地球奔跑.mp3,QQ Music only
171,躺着真舒服,时代少年团,QQ Music,1,时代少年团 - 躺着真舒服.mp3,QQ Music only
172,青春不枉,时代少年团,QQ Music,1,时代少年团 - 青春不枉.mp3,QQ Music only
173,桃花诺,旺仔小乔,QQ Music,2,旺仔小乔 - 桃花诺.mp3,QQ Music only
174,樱花树下的约定,旺仔小乔,QQ Music,1,旺仔小乔 - 樱花树下的约定.mp3,QQ Music only
175,20:55,易烊千玺,QQ Music,1,易烊千玺 - 20_55.mp3,QQ Music only
176,Don't Tie Me Down,易烊千玺,QQ Music,1,易烊千玺 - Don't Tie Me Down.mp3,QQ Music only
177,Fall,易烊千玺,QQ Music,1,易烊千玺 - Fall.mp3,QQ Music only
178,I Adore You,易烊千玺,QQ Music,1,易烊千玺 - I Adore You.mp3,QQ Music only
179,My Boo,易烊千玺,QQ Music,1,易烊千玺 - My Boo.mp3,QQ Music only
180,亲爱的，这里没有一个人,易烊千玺,QQ Music,1,易烊千玺 - 亲爱的，这里没有一个人.mp3,QQ Music only
181,四字歌,易烊千玺,QQ Music,1,易烊千玺 - 四字歌.mp3,QQ Music only
182,念想,易烊千玺,QQ Music,1,易烊千玺 - 念想.mp3,QQ Music only
183,恒温动物,易烊千玺,QQ Music,2,易烊千玺 - 恒温动物.mp3,QQ Music only
184,沙金,易烊千玺/王者荣耀,QQ Music,1,易烊千玺 _ 王者荣耀 - 沙金.mp3,QQ Music only
185,별 (星),Loco (로꼬)/俞胜恩 (유성은),QQ Music,1,星 - 별(別) (口白).mp3,QQ Music only
186,Falling You,曾可妮/都智文,QQ Music,2,曾可妮 _ 都智文 - Falling You.mp3,QQ Music only
187,无价之姐,李宇春,QQ Music,2,李宇春 - 无价之姐.mp3,QQ Music only
188,给女孩 (单曲),李宇春,QQ Music,1,李宇春 - 给女孩 (单曲).mp3,QQ Music only
189,爱丫爱丫,李浩然,QQ Music,1,李浩然 - 爱丫爱丫.mp3,QQ Music only
190,茫,李润祺,QQ Music,1,李润祺 - 茫.mp3,QQ Music only
191,不遗憾,李荣浩,QQ Music,2,李荣浩 - 不遗憾.mp3,QQ Music only
192,乌梅子酱,李荣浩,QQ Music,1,李荣浩 - 乌梅子酱.mp3,QQ Music only
193,在一起嘛好不好,李荣浩,QQ Music,1,李荣浩 - 在一起嘛好不好.mp3,QQ Music only
194,等着等着就老了,李荣浩,QQ Music,1,李荣浩 - 等着等着就老了.mp3,QQ Music only
195,耳朵,李荣浩,QQ Music,1,李荣浩 - 耳朵.mp3,QQ Music only
196,贝贝,李荣浩,QQ Music,1,李荣浩 - 贝贝.mp3,QQ Music only
197,麻雀,李荣浩,QQ Music,3,李荣浩 - 麻雀.mp3,QQ Music only
198,原来我从未忘记你,杜宣达,QQ Music,1,杜宣达 - 原来我从未忘记你.mp3,QQ Music only
199,尘埃,林小珂,QQ Music,1,林小珂 - 尘埃.mp3,QQ Music only
200,画离弦 (柯柯版),柯柯柯啊,QQ Music,1,柯柯柯啊 - 画离弦 (柯柯版).mp3,QQ Music only
201,我和我的祖国 (青春唱响曲),欧豪/周冬雨/朱一龙/刘昊然/陈飞宇,QQ Music,1,欧豪 _ 周冬雨 _ 朱一龙 _ 刘昊然 _ 陈飞宇 - 我和我的祖国 (青春唱响曲).mp3,QQ Music only
202,我不愿明白,段奥娟,QQ Music,1,段奥娟 - 我不愿明白.mp3,QQ Music only
203,一别两宽,段弋/糯米Nomi,QQ Music,1,段弋 _ 糯米Nomi - 一别两宽.mp3,QQ Music only
204,入海,毛不易,QQ Music,1,毛不易 - 入海.mp3,QQ Music only
205,别再闹了,毛不易,QQ Music,1,毛不易 - 别再闹了.mp3,QQ Music only
206,如你所想,毛不易,QQ Music,2,毛不易 - 如你所想.mp3,QQ Music only
207,看得最远的地方,毛不易,QQ Music,1,毛不易 - 看得最远的地方.mp3,QQ Music only
208,舟,毛不易,QQ Music,1,毛不易 - 舟.mp3,QQ Music only
209,烽火成书,毛不易/乱世王者,QQ Music,1,毛不易 _ 乱世王者 - 烽火成书.mp3,QQ Music only
210,像极了,永彬Ryan.B,QQ Music,1,永彬Ryan_B - 像极了.mp3,QQ Music only
211,告白前一秒,永彬Ryan.B,QQ Music,1,永彬Ryan_B - 告白前一秒.mp3,QQ Music only
212,放个大招给你看,永彬Ryan.B,QQ Music,1,永彬Ryan_B - 放个大招给你看.mp3,QQ Music only
213,一线之隔,永彬Ryan.B/周延英（英子-effie）,QQ Music,1,永彬Ryan_B _ 周延英（英子-effie） - 一线之隔 (DJ Kairo昼版)_H.mp3,QQ Music only
214,耿,汪苏泷,QQ Music,1,汪苏泷 - 耿.mp3,QQ Music only
215,可能的夏天,沈虫虫,QQ Music,1,沈虫虫 - 可能的夏天.mp3,QQ Music only
216,桥边姑娘,海伦,QQ Music,3,海伦 - 桥边姑娘.mp3,QQ Music only
217,三生三幸,海来阿木,QQ Music,2,海来阿木 - 三生三幸.mp3,QQ Music only
218,点歌的人,海来阿木,QQ Music,1,海来阿木 - 点歌的人.mp3,QQ Music only
219,慢热,满舒克,QQ Music,2,满舒克 - 慢热.mp3,QQ Music only
220,卡路里,火箭少女101,QQ Music,1,火箭少女101 - 卡路里.mp3,QQ Music only
221,一半回忆,热冰块,QQ Music,3,热冰块 - 一半回忆.mp3,QQ Music only
222,我的名字,焦迈奇,QQ Music,1,焦迈奇 - 我的名字.mp3,QQ Music only
223,危险派对,王以太/刘至佳,QQ Music,2,王以太 _ 刘至佳 - 危险派对.mp3,QQ Music only
224,Beautiful,王俊凯,QQ Music,1,王俊凯 - Beautiful.mp3,QQ Music only
225,回望,王俊凯,QQ Music,1,王俊凯 - 回望.mp3,QQ Music only
226,我的,王俊凯,QQ Music,1,王俊凯 - 我的.mp3,QQ Music only
227,生长,王俊凯,QQ Music,1,王俊凯 - 生长.mp3,QQ Music only
228,Blow,王嘉尔,QQ Music,1,王嘉尔 - Blow.mp3,QQ Music only
229,LMLY,王嘉尔,QQ Music,1,王嘉尔 - LMLY.mp3,QQ Music only
230,该死的温柔 (纯享版),王嘉尔,QQ Music,1,王嘉尔 - 该死的温柔 (纯享版).mp3,QQ Music only
231,Stop The Clocks,王源,QQ Music,1,王源 - Stop The Clocks.mp3,QQ Music only
232,Will You,王源,QQ Music,1,王源 - Will You.mp3,QQ Music only
233,一样,王源,QQ Music,1,王源 - 一样.mp3,QQ Music only
234,友谊地久天长,王源,QQ Music,1,王源 - 友谊地久天长.mp3,QQ Music only
235,只要有想见的人，就不是孤身一人,王源,QQ Music,1,王源 - 只要有想见的人，就不是孤身一人.mp3,QQ Music only
236,天亮一起追太阳,王源,QQ Music,1,王源 - 天亮一起追太阳.mp3,QQ Music only
237,孤注,王源,QQ Music,1,王源 - 孤注.mp3,QQ Music only
238,我不知道,王源,QQ Music,1,王源 - 我不知道.mp3,QQ Music only
239,流星也为你落下来了,王源,QQ Music,2,王源 - 流星也为你落下来了.mp3,QQ Music only
240,源,王源,QQ Music,1,王源 - 源.mp3,QQ Music only
241,滚烫的青春,王源,QQ Music,1,王源 - 滚烫的青春 (Live).mp3,QQ Music only
242,如愿,王菲,QQ Music,2,王菲 - 如愿.mp3,QQ Music only
243,大风吹 (Live),刘惜君/王赫野,QQ Music,4,王赫野 - 大风吹.mp3,QQ Music only
244,玫瑰少年,王靖雯,QQ Music,1,王靖雯 - 玫瑰少年.mp3,QQ Music only
245,不如,秦海清,QQ Music,2,秦海清 - 不如.mp3,QQ Music only
246,回眸一夏,米卡,QQ Music,1,米卡 - 回眸一夏.mp3,QQ Music only
247,问少年,肖战,QQ Music,1,肖战 - 问少年.mp3,QQ Music only
248,后来遇见他,胡66,QQ Music,2,胡66 - 后来遇见他.mp3,QQ Music only
249,只问你肯不肯,胡夏,QQ Music,1,胡夏 - 只问你肯不肯.mp3,QQ Music only
250,无题,胡夏,QQ Music,1,胡夏 - 无题.mp3,QQ Music only
251,知否知否,胡夏/郁可唯,QQ Music,4,胡夏 _ 郁可唯 - 知否知否.mp3,QQ Music only
252,最高地位,艾辰,QQ Music,1,艾辰 - 最高地位.mp3,QQ Music only
253,下雨夜,苏星婕,QQ Music,1,苏星婕 - 下雨夜.mp3,QQ Music only
254,听悲伤的情歌,苏星婕,QQ Music,3,苏星婕 - 听悲伤的情歌.mp3,QQ Music only
255,Hi Wake Up,范丞丞/朱正廷/王子异/Ghost (王琳凯)/尤长靖/艾福杰尼/费启鸣,QQ Music,1,范丞丞 _ 朱正廷 _ 王子异 _ Ghost (王琳凯) _ 尤长靖 _ 艾福杰尼 _ 费启鸣 - Hi Wake Up.mp3,QQ Music only
256,当我娶过她,莫叫姐姐,QQ Music,2,莫叫姐姐 - 当我娶过她.mp3,QQ Music only
257,悬溺,葛东琪,QQ Music,4,葛东琪 - 悬溺.mp3,QQ Music only
258,突然一场雨,蓝心羽,QQ Music,1,蓝心羽 - 突然一场雨.mp3,QQ Music only
259,#0000FF,蔡徐坤,QQ Music,1,蔡徐坤 - #0000FF.mp3,QQ Music only
260,Bigger,蔡徐坤,QQ Music,1,蔡徐坤 - Bigger.mp3,QQ Music only
261,Hard To Get,蔡徐坤,QQ Music,1,蔡徐坤 - Hard To Get.mp3,QQ Music only
262,Home,蔡徐坤,QQ Music,1,蔡徐坤 - Home.mp3,QQ Music only
263,Hug me (抱我),蔡徐坤,QQ Music,2,蔡徐坤 - Hug me (抱我).mp3,Both platforms
264,Wait Wait Wait,蔡徐坤,QQ Music,1,蔡徐坤 - Wait Wait Wait.mp3,QQ Music only
265,You Can Be My GirlFriend,蔡徐坤,QQ Music,1,蔡徐坤 - You Can Be My GirlFriend.mp3,QQ Music only
266,情人,蔡徐坤,QQ Music,2,蔡徐坤 - 情人.mp3,QQ Music only
267,没有意外,蔡徐坤,QQ Music,1,蔡徐坤 - 没有意外.mp3,QQ Music only
268,山河无恙在我胸,蔡徐坤/佟丽娅,QQ Music,1,蔡徐坤 _ 佟丽娅 - 山河无恙在我胸.mp3,QQ Music only
269,不爱我,薛之谦,QQ Music,2,薛之谦 - 不爱我.mp3,QQ Music only
270,关于你,薛之谦,QQ Music,1,薛之谦 - 关于你.mp3,QQ Music only
271,变废为宝,薛之谦,QQ Music,1,薛之谦 - 变废为宝.mp3,Both platforms
272,天份,薛之谦,QQ Music,2,薛之谦 - 天份.mp3,Both platforms
273,天外来物,薛之谦,QQ Music,2,薛之谦 - 天外来物.mp3,Both platforms
274,崇拜,薛之谦,QQ Music,1,薛之谦 - 崇拜.mp3,Both platforms
275,彩券,薛之谦,QQ Music,1,薛之谦 - 彩券.mp3,QQ Music only
276,慢半拍,薛之谦,QQ Music,2,薛之谦 - 慢半拍.mp3,QQ Music only
277,把你揉碎捏成苹果,薛之谦,QQ Music,1,薛之谦 - 把你揉碎捏成苹果.mp3,QQ Music only
278,无数,薛之谦,QQ Music,1,薛之谦 - 无数.mp3,QQ Music only
279,最好,薛之谦,QQ Music,1,薛之谦 - 最好.mp3,QQ Music only
280,木偶人,薛之谦,QQ Music,2,薛之谦 - 木偶人.mp3,QQ Music only
281,病态,薛之谦,QQ Music,1,薛之谦 - 病态.mp3,QQ Music only
282,笑场,薛之谦,QQ Music,2,薛之谦 - 笑场.mp3,QQ Music only
283,违背的青春,薛之谦,QQ Music,1,薛之谦 - 违背的青春.mp3,QQ Music only
284,可,薛之谦/张靓颖,QQ Music,1,薛之谦 _ 张靓颖 - 可.mp3,Both platforms
285,耗尽,薛之谦/郭聪明,QQ Music,1,薛之谦 _ 郭聪明 - 耗尽.mp3,QQ Music only
286,窗,虎二,QQ Music,1,虎二 - 窗.mp3,QQ Music only
287,界,袁娅维TIA RAY,QQ Music,1,袁娅维TIA RAY - 界.mp3,QQ Music only
288,乌鸦,许嵩,QQ Music,1,许嵩 - 乌鸦.mp3,QQ Music only
289,全世界最好的你,许嵩,QQ Music,1,许嵩 - 全世界最好的你.mp3,QQ Music only
290,放肆,许嵩,QQ Music,1,许嵩 - 放肆.mp3,QQ Music only
291,雨幕,许嵩,QQ Music,1,许嵩 - 雨幕.mp3,QQ Music only
292,太想念,豆包,QQ Music,2,豆包 - 太想念.mp3,QQ Music only
293,Eyes For You,贺峻霖,QQ Music,1,贺峻霖 - Eyes For You.mp3,QQ Music only
294,缺氧,轩姨(相信光),QQ Music,2,轩姨(相信光) - 缺氧.mp3,QQ Music only
295,苦咖啡·唯一,那奇沃夫/KKECHO,QQ Music,1,那奇沃夫 _ KKECHO - 苦咖啡·唯一.mp3,QQ Music only
296,出现,那英,QQ Music,1,那英 - 出现.mp3,QQ Music only
297,这样不算爱,邱南灏,QQ Music,1,邱南灏 - 这样不算爱.mp3,QQ Music only
298,你是人间四月天 (Live),邵帅,QQ Music,1,邵帅 - 你是人间四月天.mp3,QQ Music only
299,同感 (倾听版),郁可唯,QQ Music,1,郁可唯 - 同感 (倾听版).mp3,QQ Music only
300,婉,郁可唯/王者荣耀,QQ Music,1,郁可唯 _ 王者荣耀 - 婉.mp3,QQ Music only
301,你和我都没有错,都智文,QQ Music,1,都智文 - 你和我都没有错.mp3,QQ Music only
302,美丽谎言,都智文,QQ Music,1,都智文 - 美丽谎言.mp3,QQ Music only
303,自娱自乐,金志文,QQ Music,1,金志文 - 自娱自乐.mp3,QQ Music only
304,好久不见,陆政廷Lil Jet,QQ Music,1,陆政廷Lil Jet - 好久不见.mp3,QQ Music only
305,你的酒馆对我打了烊,陈雪凝,QQ Music,3,陈雪凝 - 你的酒馆对我打了烊.mp3,QQ Music only
306,别再靠近我了,陈雪凝,QQ Music,1,陈雪凝 - 别再靠近我了.mp3,QQ Music only
307,绿色,陈雪凝,QQ Music,3,陈雪凝 - 绿色.mp3,QQ Music only
308,YES！OK！,青春有你2,QQ Music,1,青春有你2 - YES！OK！.mp3,QQ Music only
309,Forever Child,马嘉祺,QQ Music,1,马嘉祺 - Forever Child.mp3,QQ Music only
310,Fri Friday,马嘉祺,QQ Music,2,马嘉祺 - Fri Friday.mp3,QQ Music only
311,偷,马嘉祺,QQ Music,1,马嘉祺 - 偷.mp3,QQ Music only
312,Slow Ride (兜风),鹿晗,QQ Music,1,鹿晗 - Slow Ride (兜风).mp3,QQ Music only
313,体会 (Nature),鹿晗,QQ Music,1,鹿晗 - 体会 (Nature).mp3,QQ Music only
314,原色 (True Colour),鹿晗,QQ Music,1,鹿晗 - 原色 (True Colour).mp3,QQ Music only
315,敏感 (LH x Z.TAO),鹿晗/黄子韬,QQ Music,1,鹿晗 _ 黄子韬 - 敏感 (LH x Z_TAO).mp3,QQ Music only
316,星辰大海,黄霄雲,QQ Music,3,黄霄雲 - 星辰大海.mp3,QQ Music only
317,要不然我们就这样一万年,黄霄雲,QQ Music,1,黄霄雲 - 要不然我们就这样一万年.mp3,QQ Music only
318,Sweet,龚俊,QQ Music,1,龚俊 - Sweet.mp3,QQ Music only
319,Easy On Me,Adele,NetEase Cloud Music,1,Adele - Easy On Me.mp3,NetEase only
321,雪 Distance,Capper / 罗言,NetEase Cloud Music,2,Capper; 罗言 - 雪 Distance.mp3,Both platforms
322,GLORIA,G.E.M. 邓紫棋,NetEase Cloud Music,1,G.E.M.邓紫棋 - GLORIA.mp3,NetEase only
323,Promise,HARIKIRI / 马思唯 / 朴宰范,NetEase Cloud Music,1,HARIKIRI; 马思唯; 朴宰范 - Promise.mp3,NetEase only
324,Bones,Imagine Dragons,NetEase Cloud Music,1,Imagine Dragons - Bones.mp3,NetEase only
325,经济舱（Live）,Kafe.Hu,NetEase Cloud Music,1,KAFE.HU胡懿 - 经济舱 (Live).mp3,NetEase only
327,If We Ever Broke Up,Mae Stephens,NetEase Cloud Music,1,Mae Stephens - If We Ever Broke Up.mp3,NetEase only
330,APT.,ROSÉ / Bruno Mars,NetEase Cloud Music,1,ROSÉ; Bruno Mars - APT..mp3,NetEase only
331,I Love You 3000 II,88rising / Stephanie Poetri / 王嘉尔,NetEase Cloud Music,1,Stephanie Poetri - I Love You 3000.mp3,NetEase only
332,Fortnight,Taylor Swift / Post Malone,NetEase Cloud Music,1,Taylor Swift; Post Malone - Fortnight.mp3,NetEase only
333,Bet On Me (Organic Version),Walk off the Earth / D Smoke,NetEase Cloud Music,2,Walk off the Earth; D Smoke - Bet On Me (Organic Version).mp3,NetEase only
334,アイドル,YOASOBI,NetEase Cloud Music,1,YOASOBI - アイドル.mp3,NetEase only
336,他只是经过,h3R3 / Felix Bennett,NetEase Cloud Music,1,h3R3; 高旭 - 他只是经过.mp3,NetEase only
337,TOMBOY,(G)I-DLE,NetEase Cloud Music,2,i-dle - TOMBOY.mp3,NetEase only
338,海底,一支榴莲,NetEase Cloud Music,1,一支榴莲 - 海底.mp3,NetEase only
340,丢了你,井胧,NetEase Cloud Music,1,井胧 - 丢了你.mp3,NetEase only
341,罗刹海市,刀郎,NetEase Cloud Music,1,刀郎 - 罗刹海市.mp3,Both platforms
342,5:20AM,刀酱,NetEase Cloud Music,1,刀酱 - 5_20AM.mp3,NetEase only
343,会不会（吉他版）,刘大壮,NetEase Cloud Music,1,刘大壮 - 会不会.mp3,NetEase only
344,好想爱这个世界啊（Live）,华晨宇,NetEase Cloud Music,2,华晨宇 - 好想爱这个世界啊 (Live).mp3,NetEase only
345,不想睡,周深,NetEase Cloud Music,1,周深 - 不想睡.mp3,NetEase only
346,化身孤岛的鲸,周深,NetEase Cloud Music,1,周深 - 化身孤岛的鲸.mp3,NetEase only
347,小美满,周深,NetEase Cloud Music,1,周深 - 小美满.mp3,NetEase only
348,望,周深,NetEase Cloud Music,1,周深 - 望.mp3,NetEase only
349,资深庸才,周深,NetEase Cloud Music,1,周深; 王子zione - 资深庸才.mp3,NetEase only
350,向云端,小霞 / 海洋Bo,NetEase Cloud Music,1,小霞; 海洋Bo - 向云端.mp3,Both platforms
351,萱草花,张小斐,NetEase Cloud Music,1,张小斐 - 萱草花.mp3,Both platforms
352,笼,张碧晨,NetEase Cloud Music,1,张碧晨 - 笼.mp3,Both platforms
356,才二十三,方大同,NetEase Cloud Music,1,方大同 - 才二十三.mp3,NetEase only
357,Dehors（中法合唱版）,曾舜晞 / JORDANN,NetEase Cloud Music,1,曾舜晞; JORDANN - Dehors（中法合唱版）.mp3,NetEase only
358,小孩（Live）,罗森涛,NetEase Cloud Music,1,李宇春; 罗森涛 - 小孩 (Live版).mp3,NetEase only
359,纵横四海,李荣浩,NetEase Cloud Music,1,李荣浩 - 纵横四海.mp3,NetEase only
360,紫荆花盛开,李荣浩 / 梁咏琪,NetEase Cloud Music,1,李荣浩; 梁咏琪 - 紫荆花盛开.mp3,NetEase only
361,若月亮没来（若是月亮还没来）,王宇宙Leto / 乔浚丞,NetEase Cloud Music,1,杨宗纬; 宝石Gem; 王宇宙Leto - 若月亮没来 (Live版).mp3,NetEase only
362,不染,毛不易,NetEase Cloud Music,1,毛不易 - 不染.mp3,NetEase only
363,生活在别处的你 Another me,毛不易 / 中島美嘉,NetEase Cloud Music,1,毛不易; 中島美嘉 - 生活在别处的你 Another me.mp3,NetEase only
364,我想念,汪苏泷,NetEase Cloud Music,1,汪苏泷 - 我想念.mp3,NetEase only
365,如果爱忘了（live）,汪苏泷 / 单依纯,NetEase Cloud Music,1,汪苏泷; 单依纯 - 如果爱忘了 (live).mp3,NetEase only
366,C级浪漫,法老 / 邓典果DDG / KnowKnow,NetEase Cloud Music,1,法老; 邓典果DDG; KnowKnow - C级浪漫.mp3,NetEase only
367,风驶过的声音是,海洋Bo / 费米Frieme / Zy,NetEase Cloud Music,1,海洋Bo; 费米Frieme; Zy - 风驶过的声音是.mp3,NetEase only
368,佤咖啡,王云宏,NetEase Cloud Music,1,王云宏 - 佤咖啡.mp3,NetEase only
369,Drive You Home,王嘉尔 / Internet Money,NetEase Cloud Music,1,王嘉尔; Internet Money - Drive You Home.mp3,NetEase only
373,这世界那么多人,莫文蔚,NetEase Cloud Music,1,莫文蔚 - 这世界那么多人.mp3,NetEase only
374,Hug me（抱我）,蔡徐坤,NetEase Cloud Music,1,蔡徐坤 - Hug me (抱我).mp3,Both platforms
375,变废为宝,薛之谦,NetEase Cloud Music,1,薛之谦 - 变废为宝.mp3,Both platforms
376,天份,薛之谦,NetEase Cloud Music,1,薛之谦 - 天份.mp3,Both platforms
377,天外来物,薛之谦,NetEase Cloud Music,1,薛之谦 - 天外来物.mp3,Both platforms
378,崇拜,薛之谦,NetEase Cloud Music,1,薛之谦 - 崇拜.mp3,Both platforms
379,可,薛之谦 / 张靓颖,NetEase Cloud Music,2,薛之谦; 张靓颖 - 可.mp3,Both platforms
380,未必,言瑾羽,NetEase Cloud Music,1,言瑾羽 - 未必.mp3,NetEase only
381,留香,许嵩,NetEase Cloud Music,1,许嵩 - 留香.mp3,NetEase only
382,我记得,赵雷,NetEase Cloud Music,1,赵雷 - 我记得.mp3,NetEase only
383,与我无关,阿冗,NetEase Cloud Music,1,阿冗 - 与我无关.mp3,NetEase only
384,孤勇者,陈奕迅,NetEase Cloud Music,1,陈奕迅 - 孤勇者.mp3,NetEase only
385,人世间,雷佳,NetEase Cloud Music,1,雷佳 - 人世间.mp3,NetEase only
