song_id,title,artist,platform,year,month,period,rank,PC1,PC2,PC3
24,That Girl,Olly Murs,QQ Music,2018,8,2018-08,2,-0.232415,-0.042622,-0.046008
264,Wait Wait Wait,蔡徐坤,QQ Music,2018,8,2018-08,3,-0.164046,0.000298,0.174236
28,喜欢你,TFBOYS,QQ Music,2018,8,2018-08,4,-0.307373,-0.105343,-0.115088
279,最好,薛之谦,QQ Music,2018,8,2018-08,5,0.223763,0.079907,0.10828
30,最好的那年,TFBOYS,QQ Music,2018,8,2018-08,6,0.059338,-0.06083,-0.058666
265,You Can Be My GirlFriend,蔡徐坤,QQ Music,2018,8,2018-08,7,-0.358272,-0.043384,0.189201
220,卡路里,火箭少女101,QQ Music,2018,8,2018-08,8,-0.355873,-0.048158,-0.137536
6,Darkside,Alan Walker/Au/Ra/Tomine Harket,QQ Music,2018,8,2018-08,10,-0.156358,0.053649,-0.163124
24,That Girl,Olly Murs,QQ Music,2018,9,2018-09,1,-0.232415,-0.042622,-0.046008
26,Way Back Home,SHAUN (숀),QQ Music,2018,9,2018-09,2,-0.146094,0.00078,-0.07114
226,我的,王俊凯,QQ Music,2018,9,2018-09,5,-0.162542,-0.048491,-0.125558
283,违背的青春,薛之谦,QQ Music,2018,9,2018-09,6,0.188401,-0.324132,0.041021
10,一百万个可能,Christine Welch,QQ Music,2018,9,2018-09,8,0.04971,0.050038,-0.16767
75,有多少爱可以重来,刘宇宁,QQ Music,2018,9,2018-09,9,0.208198,-0.263079,0.082249
155,走马,摩登兄弟,QQ Music,2018,9,2018-09,10,0.265487,-0.18202,0.115649
296,出现,那英,QQ Music,2018,10,2018-10,1,0.177143,0.141557,-0.047471
132,无药可救,张杰,QQ Music,2018,10,2018-10,2,-0.25275,0.02509,-0.064686
134,没说什么,张杰,QQ Music,2018,10,2018-10,4,-0.097427,0.007267,-0.072473
195,耳朵,李荣浩,QQ Music,2018,10,2018-10,5,0.14551,-0.039201,0.046432
141,Give Me A Chance,张艺兴,QQ Music,2018,10,2018-10,7,-0.359983,0.051325,0.067852
24,That Girl,Olly Murs,QQ Music,2018,10,2018-10,8,-0.232415,-0.042622,-0.046008
13,光年之外,G.E.M.邓紫棋,QQ Music,2018,10,2018-10,9,-0.000123,-0.006957,-0.06888
232,Will You,王源,QQ Music,2018,11,2018-11,1,-0.190289,0.034869,-0.086703
180,亲爱的，这里没有一个人,易烊千玺,QQ Music,2018,11,2018-11,2,0.088395,-0.410279,0.119447
13,光年之外,G.E.M.邓紫棋,QQ Music,2018,11,2018-11,4,-0.000123,-0.006957,-0.06888
90,归去来兮,叶炫清,QQ Music,2018,11,2018-11,6,0.138233,0.126224,-0.171047
230,该死的温柔 (纯享版),王嘉尔,QQ Music,2018,11,2018-11,7,-0.323521,0.066068,0.167853
233,一样,王源,QQ Music,2018,11,2018-11,8,0.216711,-0.038099,0.04054
237,孤注,王源,QQ Music,2018,11,2018-11,9,-0.232251,0.157616,0.106471
183,恒温动物,易烊千玺,QQ Music,2018,11,2018-11,10,0.056927,-0.05097,0.059618
13,光年之外,G.E.M.邓紫棋,QQ Music,2018,12,2018-12,2,-0.000123,-0.006957,-0.06888
272,天份,薛之谦,QQ Music,2018,12,2018-12,3,-0.002668,0.153903,0.167388
183,恒温动物,易烊千玺,QQ Music,2018,12,2018-12,4,0.056927,-0.05097,0.059618
238,我不知道,王源,QQ Music,2018,12,2018-12,5,0.164628,0.121243,-0.016348
127,真心,庄心妍,QQ Music,2018,12,2018-12,6,0.1615,0.200047,-0.05994
185,별 (星),Loco (로꼬)/俞胜恩 (유성은),QQ Music,2018,12,2018-12,7,0.152375,0.088553,0.270792
176,Don't Tie Me Down,易烊千玺,QQ Music,2018,12,2018-12,8,0.01586,-0.549212,0.075991
205,别再闹了,毛不易,QQ Music,2018,12,2018-12,9,0.242958,0.005051,0.055506
272,天份,薛之谦,QQ Music,2019,1,2019-01,2,-0.002668,0.153903,0.167388
251,知否知否,胡夏/郁可唯,QQ Music,2019,1,2019-01,3,0.13015,0.000472,-0.098308
13,光年之外,G.E.M.邓紫棋,QQ Music,2019,1,2019-01,5,-0.000123,-0.006957,-0.06888
249,只问你肯不肯,胡夏,QQ Music,2019,1,2019-01,6,0.065271,0.132962,0.029275
202,我不愿明白,段奥娟,QQ Music,2019,1,2019-01,7,0.15018,0.217512,0.008819
149,Pull Me Up,张靓颖,QQ Music,2019,1,2019-01,8,-0.18201,0.278268,0.047944
152,一起笑出来 (贺岁版),成龙/蔡徐坤,QQ Music,2019,1,2019-01,9,-0.332201,-0.111582,-0.032958
133,时间的远方,张杰,QQ Music,2019,2,2019-02,1,0.149519,0.175257,-0.107304
267,没有意外,蔡徐坤,QQ Music,2019,2,2019-02,2,0.192664,0.187927,0.191916
251,知否知否,胡夏/郁可唯,QQ Music,2019,2,2019-02,4,0.13015,0.000472,-0.098308
13,光年之外,G.E.M.邓紫棋,QQ Music,2019,2,2019-02,5,-0.000123,-0.006957,-0.06888
69,初见,余昭源/叶里,QQ Music,2019,2,2019-02,6,0.152131,-0.020192,-0.078868
114,去流浪,周笔畅,QQ Music,2019,2,2019-02,8,0.049005,-0.031214,-0.107765
251,知否知否 (女声版),郁可唯,QQ Music,2019,2,2019-02,10,0.13015,0.000472,-0.098308
251,知否知否,胡夏/郁可唯,QQ Music,2019,3,2019-03,1,0.13015,0.000472,-0.098308
307,绿色,陈雪凝,QQ Music,2019,3,2019-03,2,0.077195,-0.191092,-0.131795
123,逆流而上的你,尹姝贻,QQ Music,2019,3,2019-03,3,0.166129,0.131951,-0.05323
260,Bigger,蔡徐坤,QQ Music,2019,3,2019-03,4,-0.417028,-0.119107,0.051735
234,友谊地久天长,王源,QQ Music,2019,3,2019-03,5,0.262717,0.050289,0.015708
235,只要有想见的人，就不是孤身一人,王源,QQ Music,2019,3,2019-03,7,0.145481,0.072624,0.005749
2,有一种悲伤,A-Lin,QQ Music,2019,3,2019-03,8,0.225806,0.166907,-0.013858
255,Hi Wake Up,范丞丞/朱正廷/王子异/Ghost (王琳凯)/尤长靖/艾福杰尼/费启鸣,QQ Music,2019,3,2019-03,10,-0.11285,-0.095652,0.010007
154,乞丐,摩登兄弟,QQ Music,2019,4,2019-04,1,0.244372,-0.157096,0.089438
91,大碗宽面,吴亦凡,QQ Music,2019,4,2019-04,3,-0.33232,-0.030492,0.017711
21,心如止水,Ice Paper,QQ Music,2019,4,2019-04,4,-0.244159,0.189631,0.139925
307,绿色,陈雪凝,QQ Music,2019,4,2019-04,5,0.077195,-0.191092,-0.131795
261,Hard To Get,蔡徐坤,QQ Music,2019,4,2019-04,6,-0.274976,0.18043,0.196612
313,体会 (Nature),鹿晗,QQ Music,2019,4,2019-04,7,0.082166,-0.007163,0.013441
305,你的酒馆对我打了烊,陈雪凝,QQ Music,2019,4,2019-04,8,0.067092,-0.02626,-0.189322
157,Wake Me Up,无限王者团/王者荣耀,QQ Music,2019,5,2019-05,1,-0.236167,0.060231,0.050381
305,你的酒馆对我打了烊,陈雪凝,QQ Music,2019,5,2019-05,3,0.067092,-0.02626,-0.189322
91,大碗宽面,吴亦凡,QQ Music,2019,5,2019-05,4,-0.33232,-0.030492,0.017711
21,心如止水,Ice Paper,QQ Music,2019,5,2019-05,5,-0.244159,0.189631,0.139925
16,来自天堂的魔鬼,G.E.M.邓紫棋,QQ Music,2019,5,2019-05,6,-0.196668,-0.035632,-0.107694
307,绿色,陈雪凝,QQ Music,2019,5,2019-05,8,0.077195,-0.191092,-0.131795
122,一颗星的夜,尤长靖,QQ Music,2019,5,2019-05,9,0.155751,-0.019764,-0.078491
19,当你孤单你会想起谁,HENRY刘宪华,QQ Music,2019,5,2019-05,10,0.125659,0.161479,-0.03912
98,拙慕,周深,QQ Music,2019,6,2019-06,2,0.220052,0.100507,-0.018951
280,木偶人,薛之谦,QQ Music,2019,6,2019-06,3,0.127123,0.048234,0.149791
16,来自天堂的魔鬼,G.E.M.邓紫棋,QQ Music,2019,6,2019-06,4,-0.196668,-0.035632,-0.107694
241,滚烫的青春,王源,QQ Music,2019,6,2019-06,5,0.125501,-0.494255,0.013872
214,耿,汪苏泷,QQ Music,2019,6,2019-06,6,0.177772,-0.043867,0.029229
121,一个人记得,尤长靖,QQ Music,2019,6,2019-06,7,0.183681,0.069393,-0.026401
305,你的酒馆对我打了烊,陈雪凝,QQ Music,2019,6,2019-06,8,0.067092,-0.02626,-0.189322
222,我的名字,焦迈奇,QQ Music,2019,6,2019-06,10,0.132912,-0.209725,0.065081
276,慢半拍,薛之谦,QQ Music,2019,7,2019-07,1,0.10396,-0.37109,0.053696
29,我的朋友,TFBOYS,QQ Music,2019,7,2019-07,2,-0.2518,-0.211048,-0.126632
280,木偶人,薛之谦,QQ Music,2019,7,2019-07,3,0.127123,0.048234,0.149791
212,放个大招给你看,永彬Ryan.B,QQ Music,2019,7,2019-07,6,-0.185611,-0.039934,0.137945
16,来自天堂的魔鬼,G.E.M.邓紫棋,QQ Music,2019,7,2019-07,7,-0.196668,-0.035632,-0.107694
209,烽火成书,毛不易/乱世王者,QQ Music,2019,7,2019-07,8,0.167748,-0.105456,-0.053484
306,别再靠近我了,陈雪凝,QQ Music,2019,7,2019-07,9,-0.02729,0.064088,-0.184353
227,生长,王俊凯,QQ Music,2019,7,2019-07,10,0.002864,-0.14821,-0.185744
177,Fall,易烊千玺,QQ Music,2019,8,2019-08,1,-0.17248,-0.037783,0.011846
240,源,王源,QQ Music,2019,8,2019-08,2,0.146665,-0.251169,0.056915
12,画 (Live Piano Session Ⅱ),G.E.M.邓紫棋,QQ Music,2019,8,2019-08,3,0.107843,0.295097,0.034555
282,笑场,薛之谦,QQ Music,2019,8,2019-08,4,0.088483,0.032041,0.073938
31,第一次告白,TFBOYS,QQ Music,2019,8,2019-08,5,-0.255786,-0.011501,-0.131532
211,告白前一秒,永彬Ryan.B,QQ Music,2019,8,2019-08,7,-0.229355,-0.053652,0.097621
15,差不多姑娘,G.E.M.邓紫棋,QQ Music,2019,8,2019-08,8,-0.195825,-0.124675,-0.023218
276,慢半拍,薛之谦,QQ Music,2019,8,2019-08,9,0.10396,-0.37109,0.053696
282,笑场,薛之谦,QQ Music,2019,9,2019-09,1,0.088483,0.032041,0.073938
118,野狼disco,宝石Gem,QQ Music,2019,9,2019-09,4,-0.137515,-0.261696,0.102812
247,问少年,肖战,QQ Music,2019,9,2019-09,5,0.051138,-0.462512,0.024084
143,我不好,张艺兴,QQ Music,2019,9,2019-09,6,-0.150825,0.227989,0.138231
12,画 (Live Piano Session Ⅱ),G.E.M.邓紫棋,QQ Music,2019,9,2019-09,7,0.107843,0.295097,0.034555
281,病态,薛之谦,QQ Music,2019,9,2019-09,8,0.141187,-0.075074,0.008273
257,悬溺,葛东琪,QQ Music,2019,10,2019-10,2,0.006676,-0.057108,-0.002089
201,我和我的祖国 (青春唱响曲),欧豪/周冬雨/朱一龙/刘昊然/陈飞宇,QQ Music,2019,10,2019-10,3,0.234553,-0.218542,-0.054331
118,野狼disco,宝石Gem,QQ Music,2019,10,2019-10,4,-0.137515,-0.261696,0.102812
118,野狼Disco (feat.陈伟霆),宝石Gem/陈伟霆,QQ Music,2019,10,2019-10,5,-0.137515,-0.261696,0.102812
291,雨幕,许嵩,QQ Music,2019,10,2019-10,6,-0.036293,0.120877,0.013766
178,I Adore You,易烊千玺,QQ Music,2019,10,2019-10,7,-0.004461,-0.051297,-0.035407
301,你和我都没有错,都智文,QQ Music,2019,10,2019-10,8,0.110499,-0.25131,-0.004955
38,那女孩对我说,Uu (刘梦妤),QQ Music,2019,10,2019-10,10,0.092809,0.0543,-0.034722
210,像极了,永彬Ryan.B,QQ Music,2019,11,2019-11,2,-0.160874,-0.078151,-0.041007
182,念想,易烊千玺,QQ Music,2019,11,2019-11,3,0.275966,-0.053,0.115115
257,悬溺,葛东琪,QQ Music,2019,11,2019-11,4,0.006676,-0.057108,-0.002089
302,美丽谎言,都智文,QQ Music,2019,11,2019-11,5,0.157771,-0.06683,0.077236
39,那男孩还好吗,Uu (刘梦妤),QQ Music,2019,11,2019-11,6,0.157992,0.041126,-0.095756
252,最高地位,艾辰,QQ Music,2019,11,2019-11,9,-0.309992,0.017528,0.012452
316,星辰大海,周冬雨/王俊凯/易烊千玺/刘昊然/陈飞宇/许魏洲/宋祖儿/陈学冬/董子健/谷嘉诚/尚语贤/曾舜晞/张雪迎/张哲瀚/蓝盈莹/李鸿其/王森/张慧雯/金晨/王嘉/李蔓瑄/周也/王紫璇/易恒/匡牧野/朱颜曼滋/孙嘉灵/王锵/张海宇/王西/张婧仪/陈都灵,QQ Music,2019,11,2019-11,10,0.102083,0.055786,-0.095612
36,别再对我好,Uu (刘梦妤),QQ Music,2019,12,2019-12,2,0.207414,0.138174,-0.035775
216,桥边姑娘,海伦,QQ Music,2019,12,2019-12,3,-0.137187,-0.036703,0.066111
197,麻雀,李荣浩,QQ Music,2019,12,2019-12,5,0.199004,-0.263646,0.04152
14,句号,G.E.M.邓紫棋,QQ Music,2019,12,2019-12,7,-0.182846,0.144345,-0.039109
215,可能的夏天,沈虫虫,QQ Music,2019,12,2019-12,8,-0.132187,-0.067985,-0.131936
216,桥边姑娘,海伦,QQ Music,2020,1,2020-01,2,-0.137187,-0.036703,0.066111
14,句号,G.E.M.邓紫棋,QQ Music,2020,1,2020-01,4,-0.182846,0.144345,-0.039109
118,野狼disco,宝石Gem,QQ Music,2020,1,2020-01,8,-0.137515,-0.261696,0.102812
197,麻雀,李荣浩,QQ Music,2020,1,2020-01,10,0.199004,-0.263646,0.04152
216,桥边姑娘,海伦,QQ Music,2020,2,2020-02,2,-0.137187,-0.036703,0.066111
197,麻雀,李荣浩,QQ Music,2020,2,2020-02,4,0.199004,-0.263646,0.04152
14,句号,G.E.M.邓紫棋,QQ Music,2020,2,2020-02,7,-0.182846,0.144345,-0.039109
196,贝贝,李荣浩,QQ Music,2020,2,2020-02,9,0.208559,-0.439577,0.563958
118,野狼disco,宝石Gem,QQ Music,2020,2,2020-02,10,-0.137515,-0.261696,0.102812
142,会好的,张艺兴,QQ Music,2020,3,2020-03,2,-0.181847,0.215191,0.076738
268,山河无恙在我胸,蔡徐坤/佟丽娅,QQ Music,2020,3,2020-03,4,0.151083,-0.025277,-0.119942
194,等着等着就老了,李荣浩,QQ Music,2020,3,2020-03,5,0.17986,-0.017283,0.076734
188,给女孩 (单曲),李宇春,QQ Music,2020,3,2020-03,6,0.096644,-0.084052,-0.003894
84,遇见你,刘至佳,QQ Music,2020,3,2020-03,7,-0.133487,0.157754,-0.052956
308,YES！OK！,青春有你2,QQ Music,2020,3,2020-03,8,-0.272114,-0.02796,-0.155989
203,一别两宽,段弋/糯米Nomi,QQ Music,2020,4,2020-04,1,0.148219,0.113295,0.026383
289,全世界最好的你,许嵩,QQ Music,2020,4,2020-04,3,0.111223,-0.022858,-0.076167
248,后来遇见他,胡66,QQ Music,2020,4,2020-04,4,0.179394,0.082758,-0.057316
218,点歌的人,海来阿木,QQ Music,2020,4,2020-04,6,0.1114,-0.237835,-0.06067
262,Home,蔡徐坤,QQ Music,2020,4,2020-04,7,0.136092,0.071345,-0.054776
136,为你而战,张杰/王者荣耀,QQ Music,2020,5,2020-05,1,-0.00525,-0.289924,-0.066391
266,情人,蔡徐坤,QQ Music,2020,5,2020-05,4,-0.129159,0.107597,0.063851
116,有生之年,孟梓,QQ Music,2020,5,2020-05,6,0.137548,-0.00524,-0.034743
144,玉 (Jade),张艺兴,QQ Music,2020,5,2020-05,7,-0.287289,0.114705,0.107375
204,入海,毛不易,QQ Music,2020,5,2020-05,8,0.268532,-0.07913,0.112942
248,后来遇见他,胡66,QQ Music,2020,5,2020-05,9,0.179394,0.082758,-0.057316
28,喜欢你 (Live),希林娜依高,QQ Music,2020,5,2020-05,10,-0.307373,-0.105343,-0.115088
193,在一起嘛好不好,李荣浩,QQ Music,2020,6,2020-06,1,-0.005494,-0.187689,-0.015726
266,情人,蔡徐坤,QQ Music,2020,6,2020-06,2,-0.129159,0.107597,0.063851
128,探清水河,张云雷,QQ Music,2020,6,2020-06,3,0.004487,-0.034768,-0.117222
187,无价之姐,李宇春,QQ Music,2020,6,2020-06,4,-0.354777,-0.036058,-0.087664
131,Cure The World,张杰,QQ Music,2020,6,2020-06,6,-0.175806,-0.0059,0.034236
273,天外来物,薛之谦,QQ Music,2020,7,2020-07,1,0.07588,-0.115735,0.080384
315,敏感 (LH x Z.TAO),鹿晗/黄子韬,QQ Music,2020,7,2020-07,2,-0.168699,0.055416,0.108363
187,无价之姐,李宇春,QQ Music,2020,7,2020-07,3,-0.354777,-0.036058,-0.087664
199,尘埃,林小珂,QQ Music,2020,7,2020-07,9,0.052591,0.104844,-0.159785
179,My Boo,易烊千玺,QQ Music,2020,8,2020-08,1,-0.334254,-0.089418,0.108527
269,不爱我,薛之谦,QQ Music,2020,8,2020-08,2,0.081242,0.19368,0.148748
298,你是人间四月天 (Live),邵帅,QQ Music,2020,8,2020-08,4,0.02539,-0.305877,-0.045571
27,和你在一起,TFBOYS,QQ Music,2020,8,2020-08,5,-0.197801,-0.191883,-0.066177
273,天外来物,薛之谦,QQ Music,2020,8,2020-08,6,0.07588,-0.115735,0.080384
66,飞鸟和蝉,任然,QQ Music,2020,8,2020-08,7,0.08349,-0.046136,-0.138717
224,Beautiful,王俊凯,QQ Music,2020,8,2020-08,8,-0.281204,0.033115,0.007279
147,BOOM (R3hab Remix),张艺兴/R3HAB,QQ Music,2020,9,2020-09,1,-0.35005,-0.095207,0.029038
269,不爱我,薛之谦,QQ Music,2020,9,2020-09,2,0.081242,0.19368,0.148748
67,朱砂,任然/Xun,QQ Music,2020,9,2020-09,6,-0.037762,0.163248,-0.050694
107,起风了,周深,QQ Music,2020,9,2020-09,8,0.065414,-0.12482,-0.185651
65,锁在轮回,任然,QQ Music,2020,9,2020-09,9,0.056845,0.149568,-0.119716
66,飞鸟和蝉,任然,QQ Music,2020,9,2020-09,10,0.08349,-0.046136,-0.138717
314,原色 (True Colour),鹿晗,QQ Music,2020,10,2020-10,2,0.155315,0.173965,0.031786
275,彩券,薛之谦,QQ Music,2020,10,2020-10,5,0.156301,-0.143889,-0.021146
290,放肆,许嵩,QQ Music,2020,10,2020-10,8,0.024948,-0.221334,0.026618
67,朱砂,任然/Xun,QQ Music,2020,10,2020-10,9,-0.037762,0.163248,-0.050694
8,1022-比尔的歌,Bomb比尔,QQ Music,2020,11,2020-11,1,-0.202859,0.088094,0.075806
34,Winner Winner,TizzyT/Jony J/和平精英,QQ Music,2020,11,2020-11,2,-0.205996,-0.165385,0.088074
89,侠者,叶炫清,QQ Music,2020,11,2020-11,3,-0.160787,0.025733,-0.157923
11,解药,Fanfan,QQ Music,2020,11,2020-11,8,0.22071,0.099973,-0.07361
20,迷失幻境,IN-K/王忻辰,QQ Music,2020,11,2020-11,9,0.056893,0.117243,0.180937
231,Stop The Clocks,王源,QQ Music,2020,11,2020-11,10,0.088078,0.229154,0.074527
277,把你揉碎捏成苹果,薛之谦,QQ Music,2020,12,2020-12,1,0.290087,0.242033,0.229872
285,耗尽,薛之谦/郭聪明,QQ Music,2020,12,2020-12,4,-0.072546,-0.014993,0.016617
190,茫,李润祺,QQ Music,2020,12,2020-12,5,0.079862,0.130328,0.113919
139,骗,张碧晨,QQ Music,2020,12,2020-12,7,0.133265,0.182618,-0.079277
95,和光同尘,周深,QQ Music,2020,12,2020-12,8,-0.02328,0.282732,0.09945
316,星辰大海,黄霄雲,QQ Music,2021,1,2021-01,2,0.102083,0.055786,-0.095612
20,迷失幻境,IN-K/王忻辰,QQ Music,2021,1,2021-01,10,0.056893,0.117243,0.180937
316,星辰大海,黄霄雲,QQ Music,2021,2,2021-02,3,0.102083,0.055786,-0.095612
37,气象站台,Uu (刘梦妤),QQ Music,2021,2,2021-02,7,0.026538,0.197389,-0.101077
74,天问,刘宇宁,QQ Music,2021,3,2021-03,1,0.141739,-0.213562,-0.009535
219,慢热,满舒克,QQ Music,2021,3,2021-03,2,-0.139609,0.068767,-0.07641
250,无题,胡夏,QQ Music,2021,3,2021-03,3,0.225814,0.129867,0.056507
130,萱草花,张小斐,QQ Music,2021,3,2021-03,7,0.300413,0.22197,0.027404
64,念,任然,QQ Music,2021,3,2021-03,10,-0.183884,0.162177,0.069515
259,#0000FF,蔡徐坤,QQ Music,2021,4,2021-04,1,-0.015013,0.165491,0.362146
229,LMLY,王嘉尔,QQ Music,2021,4,2021-04,2,-0.227972,-0.055751,-0.034762
213,一线之隔,永彬Ryan.B/周延英（英子-effie）,QQ Music,2021,4,2021-04,3,-0.301129,0.016889,-0.220735
191,不遗憾,李荣浩,QQ Music,2021,4,2021-04,4,0.192825,-0.252158,-0.069769
243,大风吹,王赫野,QQ Music,2021,4,2021-04,5,-0.019598,-0.352307,0.041867
243,大风吹 (Live),刘惜君/王赫野,QQ Music,2021,4,2021-04,6,-0.019598,-0.352307,0.041867
74,天问,刘宇宁,QQ Music,2021,4,2021-04,7,0.141739,-0.213562,-0.009535
163,少年时代,时代少年团,QQ Music,2021,4,2021-04,8,0.119726,-0.339621,-0.114863
219,慢热,满舒克,QQ Music,2021,4,2021-04,9,-0.139609,0.068767,-0.07641
191,不遗憾,李荣浩,QQ Music,2021,5,2021-05,2,0.192825,-0.252158,-0.069769
17,拜托了世界,Ghost (王琳凯),QQ Music,2021,5,2021-05,4,-0.034309,0.024059,0.005357
288,乌鸦,许嵩,QQ Music,2021,5,2021-05,8,0.184109,0.135072,0.01257
243,大风吹 (Live),刘惜君/王赫野,QQ Music,2021,5,2021-05,9,-0.019598,-0.352307,0.041867
74,天问,刘宇宁,QQ Music,2021,5,2021-05,10,0.141739,-0.213562,-0.009535
243,大风吹 (Live),刘惜君/王赫野,QQ Music,2021,6,2021-06,2,-0.019598,-0.352307,0.041867
304,好久不见,陆政廷Lil Jet,QQ Music,2021,6,2021-06,3,-0.252216,-0.248698,0.100701
162,小小孩,时代少年团,QQ Music,2021,6,2021-06,4,0.259986,-0.030045,0.046959
239,流星也为你落下来了,王源,QQ Music,2021,6,2021-06,6,0.152778,0.052642,0.088998
286,窗,虎二,QQ Music,2021,6,2021-06,7,-0.066924,-0.029272,0.030397
104,繁星璀璨的天空,周深,QQ Music,2021,6,2021-06,8,0.148897,0.231528,-0.137078
62,一去不回的时光,任然,QQ Music,2021,6,2021-06,10,0.108555,-0.074743,-0.051922
318,Sweet,龚俊,QQ Music,2021,7,2021-07,1,-0.076983,-0.037942,0.033775
245,不如,秦海清,QQ Music,2021,7,2021-07,2,-0.140519,0.044561,-0.082795
115,今晚月色真美,姜云升/鞠婧祎/说唱者联盟,QQ Music,2021,7,2021-07,3,-0.302388,0.223834,0.1137
271,变废为宝,薛之谦,QQ Music,2021,7,2021-07,5,0.159371,0.068415,0.141571
63,小朋友,任然,QQ Music,2021,7,2021-07,6,0.063839,0.111491,-0.048131
164,我喜欢你,时代少年团,QQ Music,2021,7,2021-07,8,-0.26153,-0.059808,-0.164964
4,放空,A1 TRIP/大籽/Lil E,QQ Music,2021,7,2021-07,10,-0.274801,0.103241,0.10841
32,STAY (Explicit),The Kid LAROI/Justin Bieber,QQ Music,2021,8,2021-08,1,-0.285668,0.039336,-0.002371
245,不如,秦海清,QQ Music,2021,8,2021-08,2,-0.140519,0.044561,-0.082795
56,尾号6208,严浩翔,QQ Music,2021,8,2021-08,3,-0.203901,-0.1428,0.056649
4,放空,A1 TRIP/大籽/Lil E,QQ Music,2021,8,2021-08,4,-0.274801,0.103241,0.10841
103,生活总该迎着光亮,周深,QQ Music,2021,8,2021-08,5,0.110205,0.049248,-0.074223
1,粉红法拉利,404 RAPPER/AZ啊之,QQ Music,2021,8,2021-08,6,-0.240236,-0.027425,0.050102
11,解药 (新版),来一碗老于,QQ Music,2021,8,2021-08,7,0.22071,0.099973,-0.07361
59,骁,井胧/井迪,QQ Music,2021,8,2021-08,8,-0.198935,-0.05397,-0.030682
160,傻瓜,时代少年团,QQ Music,2021,8,2021-08,9,-0.345776,-0.064445,-0.00442
61,如一,任嘉伦,QQ Music,2021,8,2021-08,10,0.085285,0.096084,-0.093548
3,Butterfly,A1 TRIP/Nick.Y,QQ Music,2021,9,2021-09,1,-0.220026,-0.002028,0.177953
81,Got You,刘耀文,QQ Music,2021,9,2021-09,2,-0.317599,0.022782,0.103754
61,如一,任嘉伦,QQ Music,2021,9,2021-09,3,0.085285,0.096084,-0.093548
242,如愿,王菲,QQ Music,2021,9,2021-09,4,0.237255,0.05885,-0.028482
137,如故,张碧晨,QQ Music,2021,9,2021-09,5,0.156695,0.111523,-0.122728
112,时结,周深/王者荣耀,QQ Music,2021,9,2021-09,7,-0.157008,0.057072,-0.156432
303,自娱自乐,金志文,QQ Music,2021,9,2021-09,8,0.149247,-0.39241,0.070303
11,解药 (新版),来一碗老于,QQ Music,2021,9,2021-09,10,0.22071,0.099973,-0.07361
3,Butterfly,A1 TRIP/Nick.Y,QQ Music,2021,10,2021-10,1,-0.220026,-0.002028,0.177953
223,危险派对,王以太/刘至佳,QQ Music,2021,10,2021-10,2,-0.274455,0.015588,-0.040063
198,原来我从未忘记你,杜宣达,QQ Music,2021,10,2021-10,3,0.068949,-0.023015,0.037651
242,如愿,王菲,QQ Music,2021,10,2021-10,5,0.237255,0.05885,-0.028482
200,画离弦 (柯柯版),柯柯柯啊,QQ Music,2021,10,2021-10,9,0.254742,-0.081725,0.128104
221,一半回忆,热冰块,QQ Music,2021,11,2021-11,1,0.092533,0.07766,-0.214168
223,危险派对,王以太/刘至佳,QQ Music,2021,11,2021-11,2,-0.274455,0.015588,-0.040063
256,当我娶过她,莫叫姐姐,QQ Music,2021,11,2021-11,4,0.132678,-0.060886,-0.087623
156,我不是刘德华,新地/卢克,QQ Music,2021,11,2021-11,5,-0.119139,-0.241738,0.025181
297,这样不算爱,邱南灏,QQ Music,2021,11,2021-11,8,0.106017,-0.185841,0.073878
60,金玉良缘,付雪,QQ Music,2021,11,2021-11,9,0.108175,0.103857,0.040302
59,骁,井胧/井迪,QQ Music,2021,11,2021-11,10,-0.198935,-0.05397,-0.030682
55,Y,严浩翔,QQ Music,2021,12,2021-12,1,-0.288369,-0.043616,0.142419
221,一半回忆,热冰块,QQ Music,2021,12,2021-12,2,0.092533,0.07766,-0.214168
253,下雨夜,苏星婕,QQ Music,2021,12,2021-12,4,-0.15556,0.144978,-0.040605
181,四字歌,易烊千玺,QQ Music,2021,12,2021-12,6,0.110422,-0.406536,0.15813
156,我不是刘德华,新地/卢克,QQ Music,2021,12,2021-12,7,-0.119139,-0.241738,0.025181
68,时光采样 (钢琴版),伏仪,QQ Music,2021,12,2021-12,8,0.222402,0.226945,0.349145
239,流星也为你落下来了,王源,QQ Music,2021,12,2021-12,9,0.152778,0.052642,0.088998
119,从前说,小阿七,QQ Music,2022,1,2022-01,4,0.075115,0.0534,-0.122931
256,当我娶过她,莫叫姐姐,QQ Music,2022,1,2022-01,5,0.132678,-0.060886,-0.087623
221,一半回忆,热冰块,QQ Music,2022,2,2022-02,1,0.092533,0.07766,-0.214168
167,渐暖,时代少年团,QQ Music,2022,2,2022-02,8,-0.005327,-0.224067,-0.103663
206,如你所想,毛不易,QQ Music,2022,3,2022-03,1,0.186392,0.069195,0.118619
167,渐暖,时代少年团,QQ Music,2022,3,2022-03,3,-0.005327,-0.224067,-0.103663
7,爱丫爱丫,BY2,QQ Music,2022,3,2022-03,4,0.036942,-0.268552,-0.133401
189,爱丫爱丫,李浩然,QQ Music,2022,3,2022-03,5,-0.051655,0.146802,-0.007557
110,鲛人之歌,周深,QQ Music,2022,3,2022-03,6,0.062906,0.162759,-0.02259
96,在意,周深,QQ Music,2022,3,2022-03,8,0.180048,-0.00597,-0.115223
0,就忘了吧,1K,QQ Music,2022,3,2022-03,9,0.115763,-0.125649,-0.066196
44,我看过,cici_,QQ Music,2022,3,2022-03,10,0.264748,-0.068712,-0.035178
292,太想念,豆包,QQ Music,2022,4,2022-04,1,0.010868,0.117114,-0.227608
258,突然一场雨,蓝心羽,QQ Music,2022,4,2022-04,5,-0.081713,0.156166,-0.089007
145,酒 (JIU),张艺兴,QQ Music,2022,4,2022-04,6,-0.2546,0.162898,0.015616
228,Blow,王嘉尔,QQ Music,2022,4,2022-04,7,-0.07684,-0.290471,0.12485
312,Slow Ride (兜风),鹿晗,QQ Music,2022,4,2022-04,8,-0.210189,0.052254,-0.028792
94,卿卿,周深,QQ Music,2022,4,2022-04,9,0.185006,0.266092,-0.109384
206,如你所想,毛不易,QQ Music,2022,4,2022-04,10,0.186392,0.069195,0.118619
80,Falling You,刘耀文,QQ Music,2022,5,2022-05,1,-0.280938,0.111637,0.077893
217,三生三幸,海来阿木,QQ Music,2022,5,2022-05,3,0.173317,-0.106719,-0.00506
292,太想念,豆包,QQ Music,2022,5,2022-05,4,0.010868,0.117114,-0.227608
23,晚风作酒,L（桃籽）/周林枫/三楠,QQ Music,2022,5,2022-05,6,-0.154368,0.184696,-0.055464
174,樱花树下的约定,旺仔小乔,QQ Music,2022,5,2022-05,9,-0.089507,0.058711,-0.159053
92,万里挑一,周深,QQ Music,2022,6,2022-06,1,0.154529,0.243018,0.005576
217,三生三幸,海来阿木,QQ Music,2022,6,2022-06,2,0.173317,-0.106719,-0.00506
284,可,薛之谦/张靓颖,QQ Music,2022,6,2022-06,3,0.119327,0.110463,0.068516
43,妈妈的话,Zyboy忠宇,QQ Music,2022,6,2022-06,4,-0.051124,0.156324,0.107038
23,晚风作酒,L（桃籽）/周林枫/三楠,QQ Music,2022,6,2022-06,5,-0.154368,0.184696,-0.055464
76,梦华,刘宇宁,QQ Music,2022,6,2022-06,6,0.195527,-0.035482,0.015011
158,你要快乐,时代少年团,QQ Music,2022,6,2022-06,9,0.22433,-0.022461,-0.084859
42,堕,Zyboy忠宇,QQ Music,2022,6,2022-06,10,0.015944,0.189875,0.080912
263,Hug me (抱我),蔡徐坤,QQ Music,2022,7,2022-07,1,-0.186113,0.144286,0.097718
92,万里挑一,周深,QQ Music,2022,7,2022-07,2,0.154529,0.243018,0.005576
270,关于你,薛之谦,QQ Music,2022,7,2022-07,3,0.311572,0.227422,0.245285
51,差一个时辰,ycccc,QQ Music,2022,7,2022-07,5,0.058975,0.167349,-0.142652
169,绝配,时代少年团,QQ Music,2022,7,2022-07,7,-0.264961,-0.028333,0.036702
43,妈妈的话,Zyboy忠宇,QQ Music,2022,7,2022-07,9,-0.051124,0.156324,0.107038
300,婉,郁可唯/王者荣耀,QQ Music,2022,7,2022-07,10,0.099959,0.119543,-0.12676
159,侠,时代少年团,QQ Music,2022,8,2022-08,1,-0.2534,-0.046659,0.014327
161,哭泣的游戏,时代少年团,QQ Music,2022,8,2022-08,2,-0.017202,-0.031332,-0.050187
58,彼岸,井胧/井迪,QQ Music,2022,8,2022-08,4,0.046823,0.222932,-0.057311
207,看得最远的地方,毛不易,QQ Music,2022,8,2022-08,5,0.164439,0.041799,0.027779
169,绝配,时代少年团,QQ Music,2022,8,2022-08,6,-0.264961,-0.028333,0.036702
77,吟,刘美麟,QQ Music,2022,8,2022-08,7,0.001485,0.172004,-0.034591
236,天亮一起追太阳,王源,QQ Music,2022,8,2022-08,8,-0.105265,-0.124335,-0.094188
263,Hug me (抱我),蔡徐坤,QQ Music,2022,8,2022-08,9,-0.186113,0.144286,0.097718
43,妈妈的话,Zyboy忠宇,QQ Music,2022,8,2022-08,10,-0.051124,0.156324,0.107038
93,余情,周深,QQ Music,2022,9,2022-09,1,0.036361,0.030197,-0.251704
58,彼岸,井胧/井迪,QQ Music,2022,9,2022-09,3,0.046823,0.222932,-0.057311
135,沉香,张杰/张靓颖,QQ Music,2022,9,2022-09,4,0.110294,0.128952,-0.031928
184,沙金,易烊千玺/王者荣耀,QQ Music,2022,9,2022-09,5,-0.013507,-0.110517,0.011634
87,爱上你是一个错,半吨兄弟,QQ Music,2022,9,2022-09,6,0.129439,-0.026244,0.073061
106,花开忘忧,周深,QQ Music,2022,9,2022-09,7,0.153557,0.086122,-0.006465
33,100,TizzyT,QQ Music,2022,9,2022-09,8,-0.088889,0.053469,0.166473
278,无数,薛之谦,QQ Music,2022,9,2022-09,9,0.086319,-0.292544,0.144747
146,面纱,张艺兴,QQ Music,2022,9,2022-09,10,-0.317417,0.024131,0.040763
33,100,TizzyT,QQ Music,2022,10,2022-10,1,-0.088889,0.053469,0.166473
22,溺海直觉,Joysaaaa,QQ Music,2022,10,2022-10,2,-0.094426,0.149249,-0.153197
244,玫瑰少年,王靖雯,QQ Music,2022,10,2022-10,3,-0.099142,0.045624,-0.077937
294,缺氧,轩姨(相信光),QQ Music,2022,10,2022-10,4,-0.218243,0.055598,-0.154938
246,回眸一夏,米卡,QQ Music,2022,10,2022-10,5,-0.074397,-0.118566,-0.023455
87,爱上你是一个错,半吨兄弟,QQ Music,2022,10,2022-10,7,0.129439,-0.026244,0.073061
105,美美,周深,QQ Music,2022,10,2022-10,8,0.106896,0.183269,-0.116851
70,太想爱你,余超颖,QQ Music,2022,10,2022-10,9,0.172574,0.054369,-0.067383
165,有你的季节,时代少年团,QQ Music,2022,11,2022-11,2,-0.049773,0.014118,-0.131579
99,流光,周深,QQ Music,2022,11,2022-11,3,0.167796,0.095251,-0.075274
101,焰火,周深,QQ Music,2022,11,2022-11,4,0.195961,0.014724,-0.137668
168,百忧戒,时代少年团,QQ Music,2022,11,2022-11,5,-0.075642,-0.326165,-0.004961
294,缺氧,轩姨(相信光),QQ Music,2022,11,2022-11,6,-0.218243,0.055598,-0.154938
186,Falling You,曾可妮/都智文,QQ Music,2022,11,2022-11,7,-0.167344,0.140076,-0.025157
111,很高兴遇见你,周深/王者荣耀,QQ Music,2022,11,2022-11,8,-0.115581,-0.104944,-0.137333
52,赐我,一只白羊,QQ Music,2022,11,2022-11,9,-0.267822,0.1452,-0.165112
33,100,TizzyT,QQ Music,2022,11,2022-11,10,-0.088889,0.053469,0.166473
54,Right Track,严浩翔,QQ Music,2022,12,2022-12,1,-0.359693,-0.021113,0.245035
311,偷,马嘉祺,QQ Music,2022,12,2022-12,2,0.232185,0.181788,0.08879
85,我想更懂你,刘鑫禹/苏苏老师,QQ Music,2022,12,2022-12,3,-0.155424,-0.111837,-0.051293
71,时光旅途 (纯音乐版),CMJ,QQ Music,2022,12,2022-12,4,0.338482,0.249561,0.426391
99,流光,周深,QQ Music,2022,12,2022-12,5,0.167796,0.095251,-0.075274
52,赐我,一只白羊,QQ Music,2022,12,2022-12,6,-0.267822,0.1452,-0.165112
108,逐月,周深,QQ Music,2022,12,2022-12,7,0.138644,0.023552,-0.190501
186,Falling You,曾可妮/都智文,QQ Music,2022,12,2022-12,8,-0.167344,0.140076,-0.025157
82,不冬眠,刘耀文,QQ Music,2022,12,2022-12,9,-0.061266,-0.062388,-0.03232
117,5:23PM,宋亚轩,QQ Music,2023,3,2023-03,1,-0.13942,0.018815,-0.065541
192,乌梅子酱,李荣浩,QQ Music,2023,3,2023-03,2,0.183802,-0.168286,-0.049514
97,意犹在,周深,QQ Music,2023,3,2023-03,3,0.026385,-0.228144,-0.16824
153,我会等,承桓,QQ Music,2023,3,2023-03,4,0.05739,-0.120103,0.018073
295,苦咖啡·唯一,那奇沃夫/KKECHO,QQ Music,2023,3,2023-03,5,-0.25906,0.054602,0.162033
109,铃芽之旅,周深,QQ Music,2023,3,2023-03,6,-0.028033,0.216898,-0.135293
9,雪 Distance,Capper/罗言RollFlash,QQ Music,2023,3,2023-03,7,0.154937,-0.066739,0.060373
151,顿啦 爱你 (小花版),弹棉花的小花,QQ Music,2023,3,2023-03,8,-0.00878,-0.180661,-0.107874
173,桃花诺,旺仔小乔,QQ Music,2023,3,2023-03,9,0.072116,0.09273,-0.169374
52,赐我,一只白羊,QQ Music,2023,3,2023-03,10,-0.267822,0.1452,-0.165112
175,20:55,易烊千玺,QQ Music,2023,4,2023-04,1,-0.066202,-0.190197,0.347662
153,我会等,承桓,QQ Music,2023,4,2023-04,3,0.05739,-0.120103,0.018073
83,耀眼的你,刘耀文,QQ Music,2023,4,2023-04,4,-0.281141,-0.122159,-0.054245
317,要不然我们就这样一万年,黄霄雲,QQ Music,2023,4,2023-04,5,0.185749,0.015185,-0.106053
52,赐我,一只白羊,QQ Music,2023,4,2023-04,6,-0.267822,0.1452,-0.165112
9,雪 Distance,Capper/罗言RollFlash,QQ Music,2023,4,2023-04,7,0.154937,-0.066739,0.060373
151,顿啦 爱你 (小花版),弹棉花的小花,QQ Music,2023,4,2023-04,8,-0.00878,-0.180661,-0.107874
173,桃花诺,旺仔小乔,QQ Music,2023,4,2023-04,9,0.072116,0.09273,-0.169374
170,背对地球奔跑,时代少年团,QQ Music,2023,4,2023-04,10,-0.044056,-0.215957,-0.117214
140,Alive,张艺兴,QQ Music,2023,5,2023-05,1,-0.428048,-0.042898,0.141831
148,同感 (倾诉版),张远,QQ Music,2023,5,2023-05,2,0.227427,0.09508,0.031513
73,春晖,刘宇,QQ Music,2023,5,2023-05,3,0.267291,0.116313,-0.000125
100,浮游,周深,QQ Music,2023,5,2023-05,4,0.007094,0.076302,0.005544
9,雪 Distance,Capper/罗言RollFlash,QQ Music,2023,5,2023-05,5,0.154937,-0.066739,0.060373
172,青春不枉,时代少年团,QQ Music,2023,5,2023-05,6,-0.165666,-0.144865,-0.03198
299,同感 (倾听版),郁可唯,QQ Music,2023,5,2023-05,7,0.26241,0.120228,-0.083254
153,我会等,承桓,QQ Music,2023,5,2023-05,8,0.05739,-0.120103,0.018073
287,界,袁娅维TIA RAY,QQ Music,2023,5,2023-05,10,0.047916,0.13235,-0.094289
140,Alive,张艺兴,QQ Music,2023,6,2023-06,1,-0.428048,-0.042898,0.141831
254,听悲伤的情歌,苏星婕,QQ Music,2023,6,2023-06,2,-0.160062,0.202025,0.010971
274,崇拜,薛之谦,QQ Music,2023,6,2023-06,3,0.216661,-0.063564,0.103964
102,璀璨冒险人,周深,QQ Music,2023,6,2023-06,4,0.058416,-0.008107,-0.104784
138,笼,张碧晨,QQ Music,2023,6,2023-06,5,0.099044,0.090501,0.079378
5,Summer Summer,AK刘彰,QQ Music,2023,6,2023-06,6,-0.150655,-0.160586,-0.076222
293,Eyes For You,贺峻霖,QQ Music,2023,6,2023-06,7,-0.093366,-0.117976,-0.087677
57,天若有情,云狗蛋,QQ Music,2023,6,2023-06,8,0.094865,-0.071871,-0.073072
86,闪光的童话,刘雨昕,QQ Music,2023,6,2023-06,10,0.136,0.137294,-0.079128
254,听悲伤的情歌,苏星婕,QQ Music,2023,7,2023-07,1,-0.160062,0.202025,0.010971
166,楼外楼,时代少年团,QQ Music,2023,7,2023-07,2,-0.211383,0.010635,0.069924
138,笼,张碧晨,QQ Music,2023,7,2023-07,3,0.099044,0.090501,0.079378
171,躺着真舒服,时代少年团,QQ Music,2023,7,2023-07,4,-0.238187,0.079401,-0.05633
120,向云端,小霞/海洋Bo,QQ Music,2023,7,2023-07,5,0.101441,-0.116302,-0.005799
72,罗刹海市,刀郎,QQ Music,2023,7,2023-07,6,-0.011589,-0.288481,0.003256
150,星光,张靓颖,QQ Music,2023,7,2023-07,7,-0.028458,0.129943,-0.04591
208,舟,毛不易,QQ Music,2023,7,2023-07,8,0.249437,-0.040812,0.109315
113,夏日妄想,周深/美依礼芽MARiA/王者荣耀,QQ Music,2023,7,2023-07,9,-0.301111,-0.049363,-0.193806
88,想你时风起,单依纯,QQ Music,2023,7,2023-07,10,0.070804,0.194033,-0.040724
79,FEEL ME,刘耀文,QQ Music,2023,8,2023-08,1,-0.347275,0.08522,0.078713
310,Fri Friday,马嘉祺,QQ Music,2023,8,2023-08,2,-0.057647,-0.100496,0.063275
53,No Complaints,严浩翔,QQ Music,2023,8,2023-08,3,-0.314915,0.105543,0.006245
254,听悲伤的情歌,苏星婕,QQ Music,2023,8,2023-08,4,-0.160062,0.202025,0.010971
257,悬溺,葛东琪,QQ Music,2023,8,2023-08,5,0.006676,-0.057108,-0.002089
72,罗刹海市,刀郎,QQ Music,2023,8,2023-08,6,-0.011589,-0.288481,0.003256
309,Forever Child,马嘉祺,QQ Music,2023,8,2023-08,7,0.122429,0.057285,0.066176
41,毒药,Zealot周星星,QQ Music,2023,8,2023-08,8,0.142578,-0.048146,0.004223
225,回望,王俊凯,QQ Music,2023,8,2023-08,9,0.210774,-0.08801,-0.025631
113,夏日妄想,周深/美依礼芽MARiA/王者荣耀,QQ Music,2023,8,2023-08,10,-0.301111,-0.049363,-0.193806
78,Blue,刘耀文,QQ Music,2023,9,2023-09,1,-0.170875,0.023804,0.130364
257,悬溺,葛东琪,QQ Music,2023,9,2023-09,2,0.006676,-0.057108,-0.002089
18,我的纸飞机,GooGoo/王之睿,QQ Music,2023,9,2023-09,3,0.116704,0.031124,0.00451
49,我走后 (深情版),en (王翊恩),QQ Music,2023,9,2023-09,4,0.116501,-0.036086,-0.06976
50,最好的安排 (深情版),en (王翊恩),QQ Music,2023,9,2023-09,6,0.1048,-0.093943,-0.054223
125,正好青春,希林娜依高/Kirsty刘瑾睿,QQ Music,2023,9,2023-09,7,-0.104822,0.028613,-0.183065
310,Fri Friday,马嘉祺,QQ Music,2023,9,2023-09,8,-0.057647,-0.100496,0.063275
126,独处时听的歌,庄东茹,QQ Music,2023,9,2023-09,9,-0.084736,0.206273,-0.00307
124,等风吹来,希林娜依高,QQ Music,2023,9,2023-09,10,0.105896,-0.06405,-0.104148
18,我的纸飞机,GooGoo/王之睿,QQ Music,2023,10,2023-10,2,0.116704,0.031124,0.00451
25,有你在,Rosy赵露思,QQ Music,2023,10,2023-10,5,-0.168784,0.149607,-0.177176
129,琉璃盏,张云雷,QQ Music,2023,10,2023-10,6,0.119077,-0.223206,-0.086725
47,太阳 (深情版),en (王翊恩),QQ Music,2023,10,2023-10,7,0.108145,-0.133811,-0.105082
48,意外 (深情版),en (王翊恩),QQ Music,2023,10,2023-10,8,0.105646,-0.304333,-0.080067
47,太阳 (你看着我眼睛),刘鹏,QQ Music,2023,10,2023-10,9,0.108145,-0.133811,-0.105082
46,其实都没有 (深情版),en (王翊恩),QQ Music,2023,11,2023-11,2,0.129772,-0.170943,-0.081382
35,冷战,TizzyT/万妮达Vinida Weng,QQ Music,2023,11,2023-11,3,-0.223604,0.039098,0.09264
18,我的纸飞机,GooGoo/王之睿,QQ Music,2023,11,2023-11,7,0.116704,0.031124,0.00451
46,其实都没有,半吨兄弟,QQ Music,2023,11,2023-11,10,0.129772,-0.170943,-0.081382
35,冷战,TizzyT/万妮达Vinida Weng,QQ Music,2023,12,2023-12,1,-0.223604,0.039098,0.09264
14,句号,G.E.M.邓紫棋,QQ Music,2023,12,2023-12,2,-0.182846,0.144345,-0.039109
35,冷战,TizzyT/万妮达Vinida Weng,QQ Music,2024,3,2024-03,2,-0.223604,0.039098,0.09264
35,冷战,TizzyT/万妮达Vinida Weng,QQ Music,2024,4,2024-04,2,-0.223604,0.039098,0.09264
35,冷战,TizzyT/万妮达Vinida Weng,QQ Music,2024,5,2024-05,5,-0.223604,0.039098,0.09264
45,下雨天,en (王翊恩),QQ Music,2024,6,2024-06,8,0.082066,-0.198307,-0.120343
40,偏向 (百万赞版),Z,QQ Music,2024,10,2024-10,1,-0.185189,0.205349,-0.039782
376,天份,薛之谦,NetEase Cloud Music,2018,0,2018,1,0.00065,0.151089,0.164338
362,不染,毛不易,NetEase Cloud Music,2018,0,2018,1,0.157768,0.001027,-0.01283
344,好想爱这个世界啊,华晨宇,NetEase Cloud Music,2019,0,2019,1,0.206198,-0.067484,-0.077612
331,I Love You 3000 II,88rising / Stephanie Poetri / 王嘉尔,NetEase Cloud Music,2019,0,2019,1,0.08993,0.255899,-0.118532
377,天外来物,薛之谦,NetEase Cloud Music,2020,0,2020,1,0.076922,-0.117791,0.078032
343,会不会（吉他版）,刘大壮,NetEase Cloud Music,2020,0,2020,2,0.203282,0.011261,0.050243
325,经济舱（Live）,Kafe.Hu,NetEase Cloud Music,2020,0,2020,3,-0.188328,-0.0649,0.282593
383,与我无关,阿冗,NetEase Cloud Music,2020,0,2020,0,0.209887,-0.12419,0.015475
340,丢了你,井胧,NetEase Cloud Music,2020,0,2020,0,0.201052,-0.067283,0.028983
338,海底,一支榴莲,NetEase Cloud Music,2020,0,2020,0,0.163281,0.303005,0.048533
336,他只是经过,h3R3 / Felix Bennett,NetEase Cloud Music,2020,0,2020,0,-0.198987,0.041185,0.07511
344,好想爱这个世界啊（Live）,华晨宇,NetEase Cloud Music,2020,0,2020,0,0.206198,-0.067484,-0.077612
345,不想睡,周深,NetEase Cloud Music,2020,0,2020,1,0.050348,0.16696,-0.182798
346,化身孤岛的鲸,周深,NetEase Cloud Music,2020,0,2020,1,-0.040026,0.280894,-0.082245
349,资深庸才,周深,NetEase Cloud Music,2020,0,2020,1,0.278361,0.251099,0.064714
373,这世界那么多人,莫文蔚,NetEase Cloud Music,2021,0,2021,1,0.242795,0.21493,0.023122
384,孤勇者,陈奕迅,NetEase Cloud Music,2021,0,2021,2,-0.005729,-0.025029,0.067572
323,Promise,HARIKIRI / 马思唯 / 朴宰范,NetEase Cloud Music,2021,0,2021,3,-0.286761,0.051997,0.098448
375,变废为宝,薛之谦,NetEase Cloud Music,2021,0,2021,4,0.161564,0.065822,0.138948
348,望,周深,NetEase Cloud Music,2021,0,2021,5,0.149225,-0.037507,-0.116485
363,生活在别处的你 Another me,毛不易 / 中島美嘉,NetEase Cloud Music,2021,0,2021,6,0.131501,0.006162,-0.100737
319,Easy On Me,Adele,NetEase Cloud Music,2021,0,2021,7,0.044795,0.183118,0.083931
351,萱草花,张小斐,NetEase Cloud Music,2021,0,2021,8,0.29918,0.225517,0.023118
359,纵横四海,李荣浩,NetEase Cloud Music,2021,0,2021,9,0.027476,-0.140598,-0.092237
369,Drive You Home,王嘉尔 / Internet Money,NetEase Cloud Music,2021,0,2021,10,-0.236168,0.055008,0.040617
379,可,薛之谦 / 张靓颖,NetEase Cloud Music,2022,0,2022,1,0.11962,0.109153,0.065071
382,我记得,赵雷,NetEase Cloud Music,2022,0,2022,2,0.276206,-0.231751,0.106918
385,人世间,雷佳,NetEase Cloud Music,2022,0,2022,3,0.232252,0.166001,0.057753
333,Bet On Me (Organic Version),Walk off the Earth / D Smoke,NetEase Cloud Music,2022,0,2022,4,-0.131336,-0.11403,0.026336
374,Hug me（抱我）,蔡徐坤,NetEase Cloud Music,2022,0,2022,5,-0.186739,0.144734,0.096242
360,紫荆花盛开,李荣浩 / 梁咏琪,NetEase Cloud Music,2022,0,2022,6,0.16518,-0.076349,-0.176052
337,TOMBOY,(G)I-DLE,NetEase Cloud Music,2022,0,2022,7,-0.304165,-0.080492,-0.031827
381,留香,许嵩,NetEase Cloud Music,2022,0,2022,8,0.026958,-0.008918,-0.038571
324,Bones,Imagine Dragons,NetEase Cloud Music,2022,0,2022,9,-0.179361,-0.077949,0.079995
322,GLORIA,G.E.M. 邓紫棋,NetEase Cloud Music,2022,0,2022,10,0.014041,0.054551,-0.043092
379,可,薛之谦 / 张靓颖,NetEase Cloud Music,2022,0,2022,1,0.11962,0.109153,0.065071
333,Bet On Me (Organic Version),Walk off the Earth / D Smoke,NetEase Cloud Music,2022,0,2022,1,-0.131336,-0.11403,0.026336
337,TOMBOY,(G)I-DLE,NetEase Cloud Music,2022,0,2022,1,-0.304165,-0.080492,-0.031827
321,雪 Distance,Capper / 罗言,NetEase Cloud Music,2023,0,2023,1,0.156076,-0.068225,0.058627
350,向云端,小霞 / 海洋Bo,NetEase Cloud Music,2023,0,2023,2,0.101439,-0.116304,-0.005798
352,笼,张碧晨,NetEase Cloud Music,2023,0,2023,3,0.099045,0.090503,0.079378
364,我想念,汪苏泷,NetEase Cloud Music,2023,0,2023,4,0.124293,0.10795,0.072259
341,罗刹海市,刀郎,NetEase Cloud Music,2023,0,2023,5,-0.011587,-0.288484,0.003254
367,风驶过的声音是,海洋Bo / 费米Frieme / Zy,NetEase Cloud Music,2023,0,2023,6,-0.182938,0.079509,0.22085
378,崇拜,薛之谦,NetEase Cloud Music,2023,0,2023,8,0.216667,-0.063552,0.103967
366,C级浪漫,法老 / 邓典果DDG / KnowKnow,NetEase Cloud Music,2023,0,2023,9,-0.278967,0.044967,0.124036
368,佤咖啡,王云宏,NetEase Cloud Music,2023,0,2023,10,-0.180484,0.03467,0.221989
321,雪 Distance,Capper / 罗言,NetEase Cloud Music,2023,0,2023,1,0.156076,-0.068225,0.058627
327,If We Ever Broke Up,Mae Stephens,NetEase Cloud Music,2023,0,2023,1,-0.268174,0.019141,0.021855
334,アイドル,YOASOBI,NetEase Cloud Music,2023,0,2023,1,-0.301722,-0.151258,-0.148081
365,如果爱忘了（live）,汪苏泷 / 单依纯,NetEase Cloud Music,2024,0,2024,1,0.081294,0.121628,-0.101861
342,5:20AM,刀酱,NetEase Cloud Music,2024,0,2024,2,-0.272461,0.109174,-0.148252
357,Dehors（中法合唱版）,曾舜晞 / JORDANN,NetEase Cloud Music,2024,0,2024,3,-0.038548,-0.029598,0.088973
330,APT.,ROSÉ / Bruno Mars,NetEase Cloud Music,2024,0,2024,4,-0.258855,-0.10571,-0.107574
361,若月亮没来（若是月亮还没来）,王宇宙Leto / 乔浚丞,NetEase Cloud Music,2024,0,2024,5,0.140467,-0.014401,0.047987
347,小美满,周深,NetEase Cloud Music,2024,0,2024,6,0.097489,-0.052401,-0.169835
358,小孩（Live）,罗森涛,NetEase Cloud Music,2024,0,2024,7,0.124261,0.040315,-0.036742
332,Fortnight,Taylor Swift / Post Malone,NetEase Cloud Music,2024,0,2024,8,-0.005579,0.029086,-0.089147
356,才二十三,方大同,NetEase Cloud Music,2024,0,2024,9,0.161639,-0.032767,0.104606
380,未必,言瑾羽,NetEase Cloud Music,2024,0,2024,10,-0.090478,0.14893,-0.025143
