track_id,title,artist,album,year,duration_ms,playlist_id,playlist_title,fetched_at,source_url,netease_update_time_ms,label
1973665667,海屿你,马也_Crabbit,海屿你,2022.0,295940,3778678,热歌榜,2026-10-02,https://music.163.com/song?id=1973665667,1790901750670,netease_hot_songs
3342319503,明知故犯,Max李玄,失温,,166416,3778678,热歌榜,2026-10-02,https://music.163.com/song?id=3342319503,1790901750670,netease_hot_songs
1456890009,罗生门（Follow）,"梨冻紧,Wiz_H张子豪",罗生门（Follow）,,243754,3778678,热歌榜,2026-10-02,https://music.163.com/song?id=1456890009,1790901750670,netease_hot_songs
3399839173,甲乙丙丁 (你我怎么两清),李佳薇,甲乙丙丁,2026.0,210461,3778678,热歌榜,2026-10-02,https://music.163.com/song?id=3399839173,1790901750670,netease_hot_songs
287398,我不难过,孙燕姿,未完成,2003.0,320400,3778678,热歌榜,2026-10-02,https://music.163.com/song?id=287398,1790901750670,netease_hot_songs
1391891631,嗜好,颜人中,嗜好,,284113,3778678,热歌榜,2026-10-02,https://music.163.com/song?id=1391891631,1790901750670,netease_hot_songs
316157,茶汤,郁可唯,微加幸福,2011.0,308773,3778678,热歌榜,2026-10-02,https://music.163.com/song?id=316157,1790901750670,netease_hot_songs
2600493765,恋人,李荣浩,黑马,,275912,3778678,热歌榜,2026-10-02,https://music.163.com/song?id=2600493765,1790901750670,netease_hot_songs
2097443876,碎碎念,队长,碎碎念,2023.0,132748,3778678,热歌榜,2026-10-02,https://music.163.com/song?id=2097443876,1790901750670,netease_hot_songs
1842728629,如果呢,郑润泽,如果呢,,257532,3778678,热歌榜,2026-10-02,https://music.163.com/song?id=1842728629,1790901750670,netease_hot_songs
3382908505,玻璃,Gareth.T,玻璃,2026.0,185040,3778678,热歌榜,2026-10-02,https://music.163.com/song?id=3382908505,1790901750670,netease_hot_songs
273114,失眠,Suki刘舒妤,Ladies Night,2009.0,211301,3778678,热歌榜,2026-10-02,https://music.163.com/song?id=273114,1790901750670,netease_hot_songs
287063,我怀念的,孙燕姿,逆光,2014.0,289066,3778678,热歌榜,2026-10-02,https://music.163.com/song?id=287063,1790901750670,netease_hot_songs
215382,雨过后的风景,Dizzy Dizzo (蔡诗芸),黑色彩虹,2012.0,243133,3778678,热歌榜,2026-10-02,https://music.163.com/song?id=215382,1790901750670,netease_hot_songs
479979029,Lost ,"满舒克,Jony J",Almost Perfect,2017.0,250666,3778678,热歌榜,2026-10-02,https://music.163.com/song?id=479979029,1790901750670,netease_hot_songs
1303464858,于是,郑润泽,于是,2018.0,232835,3778678,热歌榜,2026-10-02,https://music.163.com/song?id=1303464858,1790901750670,netease_hot_songs
1851652156,忘不掉的你,h3R3,忘不掉的你,,172173,3778678,热歌榜,2026-10-02,https://music.163.com/song?id=1851652156,1790901750670,netease_hot_songs
3416333610,再见太难,利得汇,再见太难,,288417,3778678,热歌榜,2026-10-02,https://music.163.com/song?id=3416333610,1790901750670,netease_hot_songs
3333988321,一半一半,"Top Barry,INDEcompany",一半一半,2026.0,235285,3778678,热歌榜,2026-10-02,https://music.163.com/song?id=3333988321,1790901750670,netease_hot_songs
2018733994,遐想,郑润泽,梦游,2023.0,189719,3778678,热歌榜,2026-10-02,https://music.163.com/song?id=2018733994,1790901750670,netease_hot_songs
2163210456,两 难,加木,两 难,,170000,3778678,热歌榜,2026-10-02,https://music.163.com/song?id=2163210456,1790901750670,netease_hot_songs
1827600686,还是会想你,"林达浪,h3R3",还是会想你,2021.0,190063,3778678,热歌榜,2026-10-02,https://music.163.com/song?id=1827600686,1790901750670,netease_hot_songs
3330620554,琵琶曲,"郑浩Z-Hao,冰洁",琵琶曲,2025.0,235975,3778678,热歌榜,2026-10-02,https://music.163.com/song?id=3330620554,1790901750670,netease_hot_songs
316100,雨爱,杨丞琳,雨爱,2009.0,260480,3778678,热歌榜,2026-10-02,https://music.163.com/song?id=316100,1790901750670,netease_hot_songs
1918576268,红,罗言,When the world is came，take it！,2022.0,161585,3778678,热歌榜,2026-10-02,https://music.163.com/song?id=1918576268,1790901750670,netease_hot_songs
3387477661,梦哑,任然,梦哑,2026.0,234543,3778678,热歌榜,2026-10-02,https://music.163.com/song?id=3387477661,1790901750670,netease_hot_songs
21178386,Whatever Happens,Michael Jackson,Invincible,2001.0,296733,3778678,热歌榜,2026-10-02,https://music.163.com/song?id=21178386,1790901750670,netease_hot_songs
3397415408,回到你身边,h3R3,回响,2026.0,231119,3778678,热歌榜,2026-10-02,https://music.163.com/song?id=3397415408,1790901750670,netease_hot_songs
1359356908,晚安,颜人中,晚安,,289184,3778678,热歌榜,2026-10-02,https://music.163.com/song?id=1359356908,1790901750670,netease_hot_songs
421423806,小半,陈粒,小梦大半,2016.0,297240,3778678,热歌榜,2026-10-02,https://music.163.com/song?id=421423806,1790901750670,netease_hot_songs
1922888354,苦茶子,"Starling8,DRODUMANA,FIVESTAR",埋汰,2022.0,170796,3778678,热歌榜,2026-10-02,https://music.163.com/song?id=1922888354,1790901750670,netease_hot_songs
28403111,特别的人,方大同,危险世界,2014.0,259064,3778678,热歌榜,2026-10-02,https://music.163.com/song?id=28403111,1790901750670,netease_hot_songs
208902,红色高跟鞋,蔡健雅,若你碰到他,2008.0,206586,3778678,热歌榜,2026-10-02,https://music.163.com/song?id=208902,1790901750670,netease_hot_songs
2701139855,颜色,Gareth.T,颜色,2025.0,211040,3778678,热歌榜,2026-10-02,https://music.163.com/song?id=2701139855,1790901750670,netease_hot_songs
2740858325,Star Crossing Night (feat. GALI),"徐明浩,GALI",Star Crossing Night (feat. GALI),2025.0,205000,3778678,热歌榜,2026-10-02,https://music.163.com/song?id=2740858325,1790901750670,netease_hot_songs
2015896805,浆果,TINY7,浆果,2023.0,267999,3778678,热歌榜,2026-10-02,https://music.163.com/song?id=2015896805,1790901750670,netease_hot_songs
2755710644,左转灯 (1000 Times +1),"派伟俊,mac ova seas",左转灯 (1000 Times +1),2025.0,197384,3778678,热歌榜,2026-10-02,https://music.163.com/song?id=2755710644,1790901750670,netease_hot_songs
3404238777,周旋,"王以太,艾热 AIR",太热爱,2026.0,290731,3778678,热歌榜,2026-10-02,https://music.163.com/song?id=3404238777,1790901750670,netease_hot_songs
2041026502,愿与愁,林俊杰,愿与愁,2023.0,231586,3778678,热歌榜,2026-10-02,https://music.163.com/song?id=2041026502,1790901750670,netease_hot_songs
1895330088,予你,队长,予你,2021.0,231349,3778678,热歌榜,2026-10-02,https://music.163.com/song?id=1895330088,1790901750670,netease_hot_songs
1472921626,刻在我心底的名字,卢广仲,刻在我心底的名字,2020.0,320165,3778678,热歌榜,2026-10-02,https://music.163.com/song?id=1472921626,1790901750670,netease_hot_songs
2083785152,唯一,G.E.M.邓紫棋,T.I.M.E.,2023.0,253735,3778678,热歌榜,2026-10-02,https://music.163.com/song?id=2083785152,1790901750670,netease_hot_songs
1403318151,把回忆拼好给你,王贰浪,把回忆拼好给你,2019.0,381000,3778678,热歌榜,2026-10-02,https://music.163.com/song?id=1403318151,1790901750670,netease_hot_songs
108485,Always Online,林俊杰,JJ陆,2008.0,225013,3778678,热歌榜,2026-10-02,https://music.163.com/song?id=108485,1790901750670,netease_hot_songs
254059,情歌,梁静茹,现在开始我爱你,2011.0,263293,3778678,热歌榜,2026-10-02,https://music.163.com/song?id=254059,1790901750670,netease_hot_songs
1398283847,我只能离开,颜人中,初恋那件小事 电视剧原声带,2019.0,230000,3778678,热歌榜,2026-10-02,https://music.163.com/song?id=1398283847,1790901750670,netease_hot_songs
1400259397,有我呢,郭一凡,重返地球,2019.0,274568,3778678,热歌榜,2026-10-02,https://music.163.com/song?id=1400259397,1790901750670,netease_hot_songs
287719,开始懂了,孙燕姿,我要的幸福,2000.0,271493,3778678,热歌榜,2026-10-02,https://music.163.com/song?id=287719,1790901750670,netease_hot_songs
1325711261,九月底,余佳运,九月底,2018.0,257272,3778678,热歌榜,2026-10-02,https://music.163.com/song?id=1325711261,1790901750670,netease_hot_songs
1406649619,有些,颜人中,失眠症候群,2019.0,229523,3778678,热歌榜,2026-10-02,https://music.163.com/song?id=1406649619,1790901750670,netease_hot_songs
167655,幻听,许嵩,梦游计,2012.0,273266,3778678,热歌榜,2026-10-02,https://music.163.com/song?id=167655,1790901750670,netease_hot_songs
1927693793,再等冬天(Memories),h3R3,故事商铺·上,2022.0,168000,3778678,热歌榜,2026-10-02,https://music.163.com/song?id=1927693793,1790901750670,netease_hot_songs
1363553440,出现又离开 (Live),梁博,我是唱作人 第2期,,403968,3778678,热歌榜,2026-10-02,https://music.163.com/song?id=1363553440,1790901750670,netease_hot_songs
2161222939,沦陷,贾格JuggShots,沦陷,2024.0,183770,3778678,热歌榜,2026-10-02,https://music.163.com/song?id=2161222939,1790901750670,netease_hot_songs
3425638996,互删 (我走以后),江辰,互删 (我走以后),2026.0,211686,3778678,热歌榜,2026-10-02,https://music.163.com/song?id=3425638996,1790901750670,netease_hot_songs
233888,爱情讯息,郭静,下一个天亮,2008.0,280680,3778678,热歌榜,2026-10-02,https://music.163.com/song?id=233888,1790901750670,netease_hot_songs
1482867143,夏夜最后的烟火,颜人中,夏夜最后的烟火,2020.0,279587,3778678,热歌榜,2026-10-02,https://music.163.com/song?id=1482867143,1790901750670,netease_hot_songs
2652647276,我好想你 (苏打绿版),苏打绿,秋：故事 (苏打绿版),,329206,3778678,热歌榜,2026-10-02,https://music.163.com/song?id=2652647276,1790901750670,netease_hot_songs
2040015902,熄灭,TC,熄灭,,148611,3778678,热歌榜,2026-10-02,https://music.163.com/song?id=2040015902,1790901750670,netease_hot_songs
1926623288,小胡同,郑润泽,小胡同,2022.0,276588,3778678,热歌榜,2026-10-02,https://music.163.com/song?id=1926623288,1790901750670,netease_hot_songs
167827,素颜,"许嵩,何曼婷",素颜,2010.0,238608,3778678,热歌榜,2026-10-02,https://music.163.com/song?id=167827,1790901750670,netease_hot_songs
65800,最佳损友,陈奕迅,Life Continues…,2005.0,233560,3778678,热歌榜,2026-10-02,https://music.163.com/song?id=65800,1790901750670,netease_hot_songs
3379996850,拼接乌托邦,"Ciyo,见过夏天P,乌托邦P",反乌托邦·拼接版,,114928,3778678,热歌榜,2026-10-02,https://music.163.com/song?id=3379996850,1790901750670,netease_hot_songs
32507038,演员,薛之谦,绅士,,261249,3778678,热歌榜,2026-10-02,https://music.163.com/song?id=32507038,1790901750670,netease_hot_songs
2648204040,锈 (我们两个都拉过勾),江辰,瘾,2024.0,221544,3778678,热歌榜,2026-10-02,https://music.163.com/song?id=2648204040,1790901750670,netease_hot_songs
4872687,同花顺,林倛玉,12蓮花 原著電影原聲帶 (Original Motion Picture Soundtrack),2009.0,237960,3778678,热歌榜,2026-10-02,https://music.163.com/song?id=4872687,1790901750670,netease_hot_songs
1406083061,你,郑润泽,你,,254781,3778678,热歌榜,2026-10-02,https://music.163.com/song?id=1406083061,1790901750670,netease_hot_songs
25648006,麦恩莉,方大同,回到未来,2012.0,288360,3778678,热歌榜,2026-10-02,https://music.163.com/song?id=25648006,1790901750670,netease_hot_songs
65766,富士山下,陈奕迅,What's Going On…?,2006.0,258902,3778678,热歌榜,2026-10-02,https://music.163.com/song?id=65766,1790901750670,netease_hot_songs
167691,天龙八部之宿敌,许嵩,天龙八部之宿敌,2011.0,263340,3778678,热歌榜,2026-10-02,https://music.163.com/song?id=167691,1790901750670,netease_hot_songs
27955654,其实,薛之谦,意外,2013.0,242146,3778678,热歌榜,2026-10-02,https://music.163.com/song?id=27955654,1790901750670,netease_hot_songs
1890530891,如果可以,韦礼安,如果可以,2021.0,274599,3778678,热歌榜,2026-10-02,https://music.163.com/song?id=1890530891,1790901750670,netease_hot_songs
421423808,虚拟,陈粒,小梦大半,2016.0,240626,3778678,热歌榜,2026-10-02,https://music.163.com/song?id=421423808,1790901750670,netease_hot_songs
1379918404,time machine (feat. aren park),"mj apanay,aren park",seen 11:23 pm,2019.0,225933,3778678,热歌榜,2026-10-02,https://music.163.com/song?id=1379918404,1790901750670,netease_hot_songs
1420706073,离开我的依赖,王艳薇,离开我的依赖,2020.0,233882,3778678,热歌榜,2026-10-02,https://music.163.com/song?id=1420706073,1790901750670,netease_hot_songs
29777545,Angel,"尹美莱,Tiger JK,비지 (Bizzy)",Angel,2014.0,255346,3778678,热歌榜,2026-10-02,https://music.163.com/song?id=29777545,1790901750670,netease_hot_songs
1410633323,到时说爱我,茜拉,心旅,2016.0,201564,3778678,热歌榜,2026-10-02,https://music.163.com/song?id=1410633323,1790901750670,netease_hot_songs
307594,泪海,许茹芸,泪海,1996.0,298000,3778678,热歌榜,2026-10-02,https://music.163.com/song?id=307594,1790901750670,netease_hot_songs
1974443814,我记得,赵雷,署前街少年,2022.0,329891,3778678,热歌榜,2026-10-02,https://music.163.com/song?id=1974443814,1790901750670,netease_hot_songs
1394167216,知我,"国风堂,哦漏",知我,2019.0,277321,3778678,热歌榜,2026-10-02,https://music.163.com/song?id=1394167216,1790901750670,netease_hot_songs
3369728164,静音恋人 (两颗缠绕的心),礼越,静音恋人,2026.0,206642,3778678,热歌榜,2026-10-02,https://music.163.com/song?id=3369728164,1790901750670,netease_hot_songs
2673175226,零距离的思念,TINY7,Chose one me,,186121,3778678,热歌榜,2026-10-02,https://music.163.com/song?id=2673175226,1790901750670,netease_hot_songs
277382,盛夏的果实,莫文蔚,含情莫莫 莫文蔚全精选辑,2002.0,250795,3778678,热歌榜,2026-10-02,https://music.163.com/song?id=277382,1790901750670,netease_hot_songs
209397,太聪明,陈绮贞,Groupies吉他手,2002.0,263173,3778678,热歌榜,2026-10-02,https://music.163.com/song?id=209397,1790901750670,netease_hot_songs
2145353565,Баллада,"Xcho,МОТ",Баллада,2024.0,182000,3778678,热歌榜,2026-10-02,https://music.163.com/song?id=2145353565,1790901750670,netease_hot_songs
1969822728,慢冷 (Live),李荣浩,2022中国好声音 第1期,,164321,3778678,热歌榜,2026-10-02,https://music.163.com/song?id=1969822728,1790901750670,netease_hot_songs
1443838552,他只是经过,"h3R3,高旭",他只是经过,,215381,3778678,热歌榜,2026-10-02,https://music.163.com/song?id=1443838552,1790901750670,netease_hot_songs
306665,一样的月光,徐佳莹,LaLa首张创作专辑,2009.0,240386,3778678,热歌榜,2026-10-02,https://music.163.com/song?id=306665,1790901750670,netease_hot_songs
1399112638,心似烟火,陈壹千,心似烟火,2019.0,271632,3778678,热歌榜,2026-10-02,https://music.163.com/song?id=1399112638,1790901750670,netease_hot_songs
3414509887,冷冰冰,"Double SR,一觉Ysleep",冷冰冰,,178370,3778678,热歌榜,2026-10-02,https://music.163.com/song?id=3414509887,1790901750670,netease_hot_songs
1903248130,幻痛药 Hurt And Hurt Ft.LSGCsikoriot四口,"Tlatre特雷西,LSGCsikoriot",夜访特雷西 Interview With Tlatre,2021.0,176403,3778678,热歌榜,2026-10-02,https://music.163.com/song?id=1903248130,1790901750670,netease_hot_songs
529668356,你要的全拿走,胡彦斌,覅忒好,2018.0,299346,3778678,热歌榜,2026-10-02,https://music.163.com/song?id=529668356,1790901750670,netease_hot_songs
108931,美人鱼,林俊杰,第二天堂,2004.0,254040,3778678,热歌榜,2026-10-02,https://music.163.com/song?id=108931,1790901750670,netease_hot_songs
327721,读心术,卓文萱,幸福氧气,2007.0,260300,3778678,热歌榜,2026-10-02,https://music.163.com/song?id=327721,1790901750670,netease_hot_songs
2601622789,去北极忘记你,Gareth.T,去北极忘记你,2024.0,251175,3778678,热歌榜,2026-10-02,https://music.163.com/song?id=2601622789,1790901750670,netease_hot_songs
2108845007,讴歌,Vansdaddy,讴歌,2023.0,135780,3778678,热歌榜,2026-10-02,https://music.163.com/song?id=2108845007,1790901750670,netease_hot_songs
174956,坏女孩,"徐良,小凌",不良少年,2011.0,242426,3778678,热歌榜,2026-10-02,https://music.163.com/song?id=174956,1790901750670,netease_hot_songs
2071935674,我想念,汪苏泷,我想念,2023.0,224516,3778678,热歌榜,2026-10-02,https://music.163.com/song?id=2071935674,1790901750670,netease_hot_songs
2124385868,如果爱忘了 (live),"汪苏泷,单依纯",声生不息·家年华 第12期,,245394,3778678,热歌榜,2026-10-02,https://music.163.com/song?id=2124385868,1790901750670,netease_hot_songs
553755659,可不可以,张紫豪,可不可以,2018.0,240889,3778678,热歌榜,2026-10-02,https://music.163.com/song?id=553755659,1790901750670,netease_hot_songs
1463165983,天外来物,薛之谦,天外来物,2020.0,257212,3778678,热歌榜,2026-10-02,https://music.163.com/song?id=1463165983,1790901750670,netease_hot_songs
2166584564,小孩,罗森涛,为何离开,2024.0,219865,3778678,热歌榜,2026-10-02,https://music.163.com/song?id=2166584564,1790901750670,netease_hot_songs
2025186889,绽放,郑润泽,梦游,2023.0,240116,3778678,热歌榜,2026-10-02,https://music.163.com/song?id=2025186889,1790901750670,netease_hot_songs
1413585838,与我无关,阿冗,与我无关,2020.0,240000,3778678,热歌榜,2026-10-02,https://music.163.com/song?id=1413585838,1790901750670,netease_hot_songs
2633757005,皇家蓝(ft. Rapeter),"程思源,Rapeter","除了时间, 除了变化",2024.0,218571,3778678,热歌榜,2026-10-02,https://music.163.com/song?id=2633757005,1790901750670,netease_hot_songs
2647831829,我爱你但是我要回家,"ET,Happer,无面小生,口古口古",我爱你但是我要回家,2024.0,194218,3778678,热歌榜,2026-10-02,https://music.163.com/song?id=2647831829,1790901750670,netease_hot_songs
208891,Letting Go,蔡健雅,说到爱,2011.0,263453,3778678,热歌榜,2026-10-02,https://music.163.com/song?id=208891,1790901750670,netease_hot_songs
1876179147,别怕变老,"王以太,艾热 AIR",幸存者的负罪感,,245775,3778678,热歌榜,2026-10-02,https://music.163.com/song?id=1876179147,1790901750670,netease_hot_songs
247821,阳光下的星星,金海心,独立日,2006.0,283520,3778678,热歌榜,2026-10-02,https://music.163.com/song?id=247821,1790901750670,netease_hot_songs
2038191895,诀别书,邓垚,诀别书,2023.0,246971,3778678,热歌榜,2026-10-02,https://music.163.com/song?id=2038191895,1790901750670,netease_hot_songs
2034187125,沉溺 (你让我的心不再结冰）,"邹沛沛,Pank",沉溺（你让我的心不再结冰）,2023.0,193773,3778678,热歌榜,2026-10-02,https://music.163.com/song?id=2034187125,1790901750670,netease_hot_songs
1493976789,My love,颜人中,感情事故,2020.0,194225,3778678,热歌榜,2026-10-02,https://music.163.com/song?id=1493976789,1790901750670,netease_hot_songs
3395949712,玻璃,Gareth.T,玻璃 demo,2026.0,185040,3778678,热歌榜,2026-10-02,https://music.163.com/song?id=3395949712,1790901750670,netease_hot_songs
2080324987,Love Me,JMSN,Soft Spot,2023.0,273010,3778678,热歌榜,2026-10-02,https://music.163.com/song?id=2080324987,1790901750670,netease_hot_songs
420401511,和你,余佳运,幸福三部曲,2016.0,200708,3778678,热歌榜,2026-10-02,https://music.163.com/song?id=420401511,1790901750670,netease_hot_songs
3332771263,unhappy,s0rrow,unhappy,2025.0,98149,3778678,热歌榜,2026-10-02,https://music.163.com/song?id=3332771263,1790901750670,netease_hot_songs
108914,江南,林俊杰,第二天堂,2004.0,267946,3778678,热歌榜,2026-10-02,https://music.163.com/song?id=108914,1790901750670,netease_hot_songs
3347295437,失眠了,吴琳珂Moske,吴琳珂,2026.0,254208,3778678,热歌榜,2026-10-02,https://music.163.com/song?id=3347295437,1790901750670,netease_hot_songs
64093,孤独患者,陈奕迅,？,2011.0,271226,3778678,热歌榜,2026-10-02,https://music.163.com/song?id=64093,1790901750670,netease_hot_songs
1959528822,紫荆花盛开,"李荣浩,梁咏琪",紫荆花盛开,2022.0,210667,3778678,热歌榜,2026-10-02,https://music.163.com/song?id=1959528822,1790901750670,netease_hot_songs
1806634682,Leave Me Alone（寂寞作伴）,TC,Leave Me Alone,2020.0,213022,3778678,热歌榜,2026-10-02,https://music.163.com/song?id=1806634682,1790901750670,netease_hot_songs
30612793,多远都要在一起,G.E.M.邓紫棋,新的心跳,2015.0,216880,3778678,热歌榜,2026-10-02,https://music.163.com/song?id=30612793,1790901750670,netease_hot_songs
31654343,不将就,李荣浩,有理想,2015.0,312997,3778678,热歌榜,2026-10-02,https://music.163.com/song?id=31654343,1790901750670,netease_hot_songs
254132,会呼吸的痛,梁静茹,崇拜,2007.0,272973,3778678,热歌榜,2026-10-02,https://music.163.com/song?id=254132,1790901750670,netease_hot_songs
191248,明天过后,张杰,明天过后,2008.0,237133,3778678,热歌榜,2026-10-02,https://music.163.com/song?id=191248,1790901750670,netease_hot_songs
3426181126,短发女孩(她留短发淡的妆),Zzh,短发女孩(她留短发淡的妆),2026.0,146663,3778678,热歌榜,2026-10-02,https://music.163.com/song?id=3426181126,1790901750670,netease_hot_songs
1355860112,寂寞寂寞不好,曹格,寂寞寂寞不好,,242953,3778678,热歌榜,2026-10-02,https://music.163.com/song?id=1355860112,1790901750670,netease_hot_songs
488249475,哪里都是你,队长,哪里都是你,2017.0,222683,3778678,热歌榜,2026-10-02,https://music.163.com/song?id=488249475,1790901750670,netease_hot_songs
1417849873,一程山路,毛不易,小王,2020.0,215800,3778678,热歌榜,2026-10-02,https://music.163.com/song?id=1417849873,1790901750670,netease_hot_songs
2747925048,Dear D (亲爱的告诉你),项睿娴,Dear D (亲爱的告诉你),2025.0,196299,3778678,热歌榜,2026-10-02,https://music.163.com/song?id=2747925048,1790901750670,netease_hot_songs
1492584510,沉沦与遐想,C.HØPE,沉沦与遐想,,153600,3778678,热歌榜,2026-10-02,https://music.163.com/song?id=1492584510,1790901750670,netease_hot_songs
2040912570,颜如玉,李大奔BENZO,IDOL,2023.0,169110,3778678,热歌榜,2026-10-02,https://music.163.com/song?id=2040912570,1790901750670,netease_hot_songs
28718313,The Way I Still Love You,Reynard Silva,Reynard Silva,2014.0,228080,3778678,热歌榜,2026-10-02,https://music.163.com/song?id=28718313,1790901750670,netease_hot_songs
1964850580,我本将心向明月,"王朝1982,朱旭BooBoo",我本将心向明月,,221333,3778678,热歌榜,2026-10-02,https://music.163.com/song?id=1964850580,1790901750670,netease_hot_songs
247936,最后一页,江语晨,恋习,2010.0,245547,3778678,热歌榜,2026-10-02,https://music.163.com/song?id=247936,1790901750670,netease_hot_songs
108640,阴天,莫文蔚,作品李宗盛,1999.0,242360,3778678,热歌榜,2026-10-02,https://music.163.com/song?id=108640,1790901750670,netease_hot_songs
465921195,还是分开,张叶蕾,还是分开,2017.0,226791,3778678,热歌榜,2026-10-02,https://music.163.com/song?id=465921195,1790901750670,netease_hot_songs
254485,勇气,梁静茹,勇气,2000.0,239293,3778678,热歌榜,2026-10-02,https://music.163.com/song?id=254485,1790901750670,netease_hot_songs
3372052257,Kung Fu Jumpstyle,概念黁,Kung Fu Jumpstyle,,98844,3778678,热歌榜,2026-10-02,https://music.163.com/song?id=3372052257,1790901750670,netease_hot_songs
150432,爱我还是他,陶喆,太平盛世,2005.0,292666,3778678,热歌榜,2026-10-02,https://music.163.com/song?id=150432,1790901750670,netease_hot_songs
2741144144,99,TizzyT,99,2025.0,282188,3778678,热歌榜,2026-10-02,https://music.163.com/song?id=2741144144,1790901750670,netease_hot_songs
3403297821,倘若你爱一人,王唯旖,倘若你爱一人,2026.0,237631,3778678,热歌榜,2026-10-02,https://music.163.com/song?id=3403297821,1790901750670,netease_hot_songs
2608448649,走走,李荣浩,黑马,,303544,3778678,热歌榜,2026-10-02,https://music.163.com/song?id=2608448649,1790901750670,netease_hot_songs
2122615322,Forget it （feat. Mac Ova Seas）,"SETI,mac ova seas",nightfall EP,2024.0,216051,3778678,热歌榜,2026-10-02,https://music.163.com/song?id=2122615322,1790901750670,netease_hot_songs
2619125556,才二十三,方大同,梦想家 The Dreamer,2024.0,224498,3778678,热歌榜,2026-10-02,https://music.163.com/song?id=2619125556,1790901750670,netease_hot_songs
2719471140,飞1999,99 God,飞1999,,98950,3778678,热歌榜,2026-10-02,https://music.163.com/song?id=2719471140,1790901750670,netease_hot_songs
2032201541,该怎么办,TC,该怎么办,,200740,3778678,热歌榜,2026-10-02,https://music.163.com/song?id=2032201541,1790901750670,netease_hot_songs
65528,淘汰,陈奕迅,认了吧,2006.0,285000,3778678,热歌榜,2026-10-02,https://music.163.com/song?id=65528,1790901750670,netease_hot_songs
1951069525,精卫,30年前，50年后,丧失年轻，勿失年华,,176181,3778678,热歌榜,2026-10-02,https://music.163.com/song?id=1951069525,1790901750670,netease_hot_songs
1436117704,不说 (原来是不说),周公,不说,2020.0,218520,3778678,热歌榜,2026-10-02,https://music.163.com/song?id=1436117704,1790901750670,netease_hot_songs
108965,冻结,林俊杰,乐行者,2003.0,289093,3778678,热歌榜,2026-10-02,https://music.163.com/song?id=108965,1790901750670,netease_hot_songs
167873,多余的解释,许嵩,自定义,2009.0,277040,3778678,热歌榜,2026-10-02,https://music.163.com/song?id=167873,1790901750670,netease_hot_songs
223801,猜不透,丁当,我爱上的,2008.0,233360,3778678,热歌榜,2026-10-02,https://music.163.com/song?id=223801,1790901750670,netease_hot_songs
417859631,我好像在哪见过你,薛之谦,初学者,2016.0,279145,3778678,热歌榜,2026-10-02,https://music.163.com/song?id=417859631,1790901750670,netease_hot_songs
169185,认真的雪,薛之谦,未完成的歌,2006.0,255587,3778678,热歌榜,2026-10-02,https://music.163.com/song?id=169185,1790901750670,netease_hot_songs
27747329,坠落,蔡健雅,天使与魔鬼的对话,2013.0,250118,3778678,热歌榜,2026-10-02,https://music.163.com/song?id=27747329,1790901750670,netease_hot_songs
518686034,戒烟,李荣浩,戒烟,2017.0,293875,3778678,热歌榜,2026-10-02,https://music.163.com/song?id=518686034,1790901750670,netease_hot_songs
27965209,那时雨,徐良,情话,,214400,3778678,热歌榜,2026-10-02,https://music.163.com/song?id=27965209,1790901750670,netease_hot_songs
2650815712,茶花开了,王睿卓,茶花开了,2024.0,270000,3778678,热歌榜,2026-10-02,https://music.163.com/song?id=2650815712,1790901750670,netease_hot_songs
344418,我知道,By2,Twins,2009.0,245952,3778678,热歌榜,2026-10-02,https://music.163.com/song?id=344418,1790901750670,netease_hot_songs
285546,讨厌,芮恩,芮恩 Rui∑n,2002.0,257840,3778678,热歌榜,2026-10-02,https://music.163.com/song?id=285546,1790901750670,netease_hot_songs
502043537,第三人称,冯沁苑(买辣椒也用券),第三人称,2017.0,269296,3778678,热歌榜,2026-10-02,https://music.163.com/song?id=502043537,1790901750670,netease_hot_songs
2136806746,狗狗,李大奔BENZO,STAY STRONG,,155142,3778678,热歌榜,2026-10-02,https://music.163.com/song?id=2136806746,1790901750670,netease_hot_songs
410519050,是我不够好,李毓芬,是我不够好,2016.0,217408,3778678,热歌榜,2026-10-02,https://music.163.com/song?id=410519050,1790901750670,netease_hot_songs
1888381008,如愿,王菲,如愿,2021.0,265383,3778678,热歌榜,2026-10-02,https://music.163.com/song?id=1888381008,1790901750670,netease_hot_songs
233882,下一个天亮,郭静,下一个天亮,2008.0,266546,3778678,热歌榜,2026-10-02,https://music.163.com/song?id=233882,1790901750670,netease_hot_songs
1405283464,句号,G.E.M.邓紫棋,摩天动物园,2019.0,235632,3778678,热歌榜,2026-10-02,https://music.163.com/song?id=1405283464,1790901750670,netease_hot_songs
3362038053,Fever Pitch,Richz,Fever Pitch,,135483,3778678,热歌榜,2026-10-02,https://music.163.com/song?id=3362038053,1790901750670,netease_hot_songs
88926,想你的夜,关喆,永远的永远,2009.0,265960,3778678,热歌榜,2026-10-02,https://music.163.com/song?id=88926,1790901750670,netease_hot_songs
86369,偏爱,张芸京,仙剑奇侠传三 电视原声带,2009.0,212906,3778678,热歌榜,2026-10-02,https://music.163.com/song?id=86369,1790901750670,netease_hot_songs
3403334518,半衰期,江堇,半衰期,2026.0,172359,3778678,热歌榜,2026-10-02,https://music.163.com/song?id=3403334518,1790901750670,netease_hot_songs
3381504830,感官过载,"残像音阶,M3mo",感官过载,2026.0,116165,3778678,热歌榜,2026-10-02,https://music.163.com/song?id=3381504830,1790901750670,netease_hot_songs
1450574147,情人,蔡徐坤,情人,2020.0,195348,3778678,热歌榜,2026-10-02,https://music.163.com/song?id=1450574147,1790901750670,netease_hot_songs
3392959216,Sea Mistt Beat,"Jasr,Master666",Sea Mistt Beat,,90000,3778678,热歌榜,2026-10-02,https://music.163.com/song?id=3392959216,1790901750670,netease_hot_songs
1887139866,指纹,杜宣达,指纹,2021.0,240272,3778678,热歌榜,2026-10-02,https://music.163.com/song?id=1887139866,1790901750670,netease_hot_songs
1975457499,Prelude,Andria Rose,Electric,2019.0,236500,3778678,热歌榜,2026-10-02,https://music.163.com/song?id=1975457499,1790901750670,netease_hot_songs
19827042,Call You Tonight,Whitney Houston,I Look To You,2009.0,250066,3778678,热歌榜,2026-10-02,https://music.163.com/song?id=19827042,1790901750670,netease_hot_songs
2617646167,普通女孩,沙一汀EL,敏感小孩,2024.0,144352,3778678,热歌榜,2026-10-02,https://music.163.com/song?id=2617646167,1790901750670,netease_hot_songs
1370880017,曾经是情侣 (Live),梁博,我是唱作人 第4期,,403003,3778678,热歌榜,2026-10-02,https://music.163.com/song?id=1370880017,1790901750670,netease_hot_songs
3349955034,天赋,"唐嫣,罗晋",天赋,2016.0,277524,3778678,热歌榜,2026-10-02,https://music.163.com/song?id=3349955034,1790901750670,netease_hot_songs
1495058484,茫,李润祺,茫,,227213,3778678,热歌榜,2026-10-02,https://music.163.com/song?id=1495058484,1790901750670,netease_hot_songs
306877,遗失的心跳,萧亚轩,我爱我 (心跳100影音庆功版),2011.0,216960,3778678,热歌榜,2026-10-02,https://music.163.com/song?id=306877,1790901750670,netease_hot_songs
2692390754,第57次取消发送,菲菲公主（陆绮菲）,第57次取消发送,2025.0,180560,3778678,热歌榜,2026-10-02,https://music.163.com/song?id=2692390754,1790901750670,netease_hot_songs
1497588709,给你呀（又名：for ya）,蒋小呢,for ya,2020.0,153854,3778678,热歌榜,2026-10-02,https://music.163.com/song?id=1497588709,1790901750670,netease_hot_songs
1397345903,悬溺,葛东琪,第二街区,2019.0,197083,3778678,热歌榜,2026-10-02,https://music.163.com/song?id=1397345903,1790901750670,netease_hot_songs
548556869,半句再见,孙燕姿,半句再见,2018.0,242490,3778678,热歌榜,2026-10-02,https://music.163.com/song?id=548556869,1790901750670,netease_hot_songs
18637990,Beauty And A Beat,"Justin Bieber,Nicki Minaj",Believe (Deluxe Edition),2011.0,227986,3778678,热歌榜,2026-10-02,https://music.163.com/song?id=18637990,1790901750670,netease_hot_songs
30352891,牵丝戏,"银临,Aki阿杰",牵丝戏,2015.0,239302,3778678,热歌榜,2026-10-02,https://music.163.com/song?id=30352891,1790901750670,netease_hot_songs
1907766514,11,"队长,黄礼格",11,2021.0,234869,3778678,热歌榜,2026-10-02,https://music.163.com/song?id=1907766514,1790901750670,netease_hot_songs
409931770,十面埋伏,陈奕迅,The Best Moment,2003.0,232133,3778678,热歌榜,2026-10-02,https://music.163.com/song?id=409931770,1790901750670,netease_hot_songs
108138,那些你很冒险的梦,林俊杰,学不会,2011.0,244470,3778678,热歌榜,2026-10-02,https://music.163.com/song?id=108138,1790901750670,netease_hot_songs
22494904,Alive,Blue,The Platinum Collection,2005.0,219666,3778678,热歌榜,2026-10-02,https://music.163.com/song?id=22494904,1790901750670,netease_hot_songs
30431377,绝对占有 相对自由,陈粒,如也,2015.0,336000,3778678,热歌榜,2026-10-02,https://music.163.com/song?id=30431377,1790901750670,netease_hot_songs
256621,至少还有你,林忆莲,林忆莲's,1999.0,274800,3778678,热歌榜,2026-10-02,https://music.163.com/song?id=256621,1790901750670,netease_hot_songs
3391179506,我听见了，你的痛苦成立,供销社乐队,我听见了，你的痛苦成立,2026.0,211114,3778678,热歌榜,2026-10-02,https://music.163.com/song?id=3391179506,1790901750670,netease_hot_songs
475479888,在你的身边,盛哲,在你的身边,2017.0,262251,3778678,热歌榜,2026-10-02,https://music.163.com/song?id=475479888,1790901750670,netease_hot_songs
26082345,带我走,杨丞琳,半熟宣言,2008.0,290960,3778678,热歌榜,2026-10-02,https://music.163.com/song?id=26082345,1790901750670,netease_hot_songs
32922450,IF YOU,BIGBANG,D,2015.0,264215,3778678,热歌榜,2026-10-02,https://music.163.com/song?id=32922450,1790901750670,netease_hot_songs
3438968283,花骨朵,"洛天依Official,亞細亞曠世奇才",花骨朵,,167083,3778678,热歌榜,2026-10-02,https://music.163.com/song?id=3438968283,1790901750670,netease_hot_songs
1815725297,Dehors,JORDANN,Dehors,2017.0,195096,3778678,热歌榜,2026-10-02,https://music.163.com/song?id=1815725297,1790901750670,netease_hot_songs
